"year","iso","conflict","earthquake","drought","maternal_mortality","infant_mortality","neonatal_mortality","under5_mortality"
2000,"AFG",1,0,1,1450,90.5,60.9,129.2
2001,"AFG",1,1,0,1390,87.9,59.7,125.2
2002,"AFG",1,1,0,1300,85.3,58.5,121.1
2003,"AFG",1,1,0,1240,82.7,57.2,116.9
2004,"AFG",1,1,0,1180,80,55.9,112.6
2005,"AFG",1,1,0,1140,77.3,54.6,108.4
2006,"AFG",1,1,1,1120,74.6,53.2,104.1
2007,"AFG",1,0,0,1090,71.9,51.7,99.9
2008,"AFG",1,0,1,1030,69.2,50.3,95.7
2009,"AFG",1,1,0,993,66.7,48.9,91.7
2010,"AFG",1,1,0,954,64.2,47.4,87.8
2011,"AFG",1,0,1,905,61.8,46,84
2012,"AFG",1,1,0,858,59.5,44.6,80.3
2013,"AFG",1,1,0,810,57.3,43.2,76.9
2014,"AFG",1,0,0,786,55.2,41.9,73.6
2015,"AFG",1,1,0,701,53.2,40.5,70.4
2016,"AFG",1,0,0,673,51.3,39.3,67.5
2017,"AFG",1,0,0,638,49.5,38.2,64.8
2018,"AFG",1,0,1,NA,47.9,37.2,62.3
2019,"AFG",1,0,0,NA,46.4,36.1,60.1
2000,"AGO",1,0,0,827,121.5,50.3,204.4
2001,"AGO",1,0,1,766,118.2,49.2,198.4
2002,"AGO",1,0,0,690,114.5,48,191.5
2003,"AGO",1,0,0,628,110.4,46.5,183.8
2004,"AGO",1,0,1,574,105.7,45.1,175.1
2005,"AGO",1,0,0,519,100.9,43.5,166.1
2006,"AGO",0,0,0,473,95.7,42,156.4
2007,"AGO",0,0,0,431,90.6,40.5,147
2008,"AGO",1,0,0,395,85.5,39,137.7
2009,"AGO",0,0,0,359,80.6,37.7,128.7
2010,"AGO",1,0,0,326,75.9,36.3,120.4
2011,"AGO",0,0,0,300,71.5,35.1,112.5
2012,"AGO",0,0,1,281,67.4,33.8,105.1
2013,"AGO",0,0,0,269,63.7,32.7,98.5
2014,"AGO",0,0,0,258,60.5,31.7,92.9
2015,"AGO",0,0,0,251,57.7,30.8,88.1
2016,"AGO",0,0,0,246,55.5,30,84.1
2017,"AGO",1,0,1,241,53.5,29.2,80.6
2018,"AGO",1,0,0,NA,51.7,28.6,77.3
2019,"AGO",0,0,0,NA,49.9,27.9,74.2
2000,"ALB",0,0,0,23,24.1,12.1,27.2
2001,"ALB",0,0,0,23,22.9,11.8,25.8
2002,"ALB",0,0,0,21,21.7,11.4,24.4
2003,"ALB",0,0,0,21,20.4,11.1,23
2004,"ALB",0,0,0,18,19.1,10.9,21.5
2005,"ALB",0,0,0,22,17.8,10.6,20
2006,"ALB",0,0,0,18,16.6,10,18.5
2007,"ALB",0,0,0,19,15.3,9.2,17.1
2008,"ALB",0,0,0,20,14.1,8.3,15.8
2009,"ALB",0,1,0,20,12.9,7.4,14.5
2010,"ALB",0,0,0,21,11.8,6.7,13.3
2011,"ALB",0,0,0,22,10.8,6.2,12.1
2012,"ALB",0,0,0,17,10,6,11.2
2013,"ALB",0,0,0,16,9.3,5.9,10.4
2014,"ALB",0,0,0,16,8.8,5.9,9.9
2015,"ALB",0,0,0,15,8.5,6,9.6
2016,"ALB",0,0,0,16,8.4,6.3,9.4
2017,"ALB",0,0,0,15,8.4,6.7,9.4
2018,"ALB",0,0,0,NA,8.5,7.1,9.5
2019,"ALB",0,1,0,NA,8.6,7.5,9.7
2000,"AND",0,0,0,NA,7.3,3.8,8.2
2001,"AND",0,0,0,NA,6.9,3.6,7.7
2002,"AND",0,0,0,NA,6.5,3.3,7.3
2003,"AND",0,0,0,NA,6.2,3.2,6.9
2004,"AND",0,0,0,NA,5.9,3,6.5
2005,"AND",0,0,0,NA,5.6,2.9,6.1
2006,"AND",0,0,0,NA,5.3,2.7,5.8
2007,"AND",0,0,0,NA,5,2.6,5.4
2008,"AND",0,0,0,NA,4.7,2.5,5.1
2009,"AND",0,0,0,NA,4.4,2.3,4.8
2010,"AND",0,0,0,NA,4.1,2.2,4.5
2011,"AND",0,0,0,NA,3.9,2.1,4.2
2012,"AND",0,0,0,NA,3.7,2,4
2013,"AND",0,0,0,NA,3.5,1.9,3.8
2014,"AND",0,0,0,NA,3.3,1.8,3.5
2015,"AND",0,0,0,NA,3.1,1.7,3.3
2016,"AND",0,0,0,NA,2.9,1.6,3.2
2017,"AND",0,0,0,NA,2.8,1.5,3
2018,"AND",0,0,0,NA,2.6,1.4,2.8
2019,"AND",0,0,0,NA,2.5,1.4,2.7
2000,"ARE",0,0,0,6,9.6,5.9,11.1
2001,"ARE",0,0,0,6,9.3,5.7,10.9
2002,"ARE",0,0,0,5,9.1,5.6,10.6
2003,"ARE",0,0,0,5,8.9,5.5,10.3
2004,"ARE",0,0,0,5,8.6,5.3,10.1
2005,"ARE",0,0,0,5,8.4,5.2,9.8
2006,"ARE",0,0,0,4,8.2,5.1,9.6
2007,"ARE",0,0,0,4,8.1,5,9.4
2008,"ARE",0,0,0,4,7.9,4.9,9.2
2009,"ARE",0,0,0,4,7.6,4.8,8.9
2010,"ARE",0,0,0,4,7.4,4.6,8.7
2011,"ARE",0,0,0,4,7.2,4.5,8.4
2012,"ARE",0,0,0,4,7,4.4,8.2
2013,"ARE",0,0,0,3,6.8,4.3,8
2014,"ARE",0,0,0,3,6.7,4.2,7.8
2015,"ARE",0,0,0,3,6.5,4.1,7.6
2016,"ARE",0,0,0,3,6.3,4,7.4
2017,"ARE",0,0,0,3,6.2,3.9,7.2
2018,"ARE",0,0,0,NA,6,3.8,7
2019,"ARE",0,0,0,NA,5.8,3.7,6.8
2000,"ARG",0,0,0,66,17.5,11,19.6
2001,"ARG",0,0,0,67,16.9,11,18.9
2002,"ARG",0,1,0,65,16.4,10.8,18.3
2003,"ARG",0,0,1,65,15.8,10.3,17.7
2004,"ARG",0,0,0,61,15.3,9.7,17.1
2005,"ARG",0,0,0,59,14.8,9.1,16.5
2006,"ARG",0,0,0,57,14.4,8.7,16.1
2007,"ARG",0,0,0,56,14,8.4,15.7
2008,"ARG",0,0,0,53,13.7,8.1,15.3
2009,"ARG",0,0,1,56,13.3,7.8,14.9
2010,"ARG",0,0,0,51,12.9,7.6,14.5
2011,"ARG",0,0,0,48,12.4,7.5,13.9
2012,"ARG",0,0,0,47,11.9,7.6,13.3
2013,"ARG",0,0,0,44,11.3,7.4,12.7
2014,"ARG",0,0,0,42,10.8,6.9,12.1
2015,"ARG",0,0,0,41,10.2,6.5,11.5
2016,"ARG",0,0,0,40,9.7,6.4,10.9
2017,"ARG",0,0,0,39,9.2,6.3,10.3
2018,"ARG",0,0,1,NA,8.6,6,9.7
2019,"ARG",0,0,1,NA,8.1,5.3,9.1
2000,"ARM",0,0,1,43,27,16.1,30.6
2001,"ARM",0,0,0,42,25.7,15.3,29.1
2002,"ARM",0,0,0,39,24.5,14.5,27.7
2003,"ARM",0,0,0,38,23.3,13.8,26.3
2004,"ARM",0,0,0,36,22.2,13.1,25
2005,"ARM",0,0,0,35,21.1,12.5,23.7
2006,"ARM",0,0,0,36,20,11.9,22.5
2007,"ARM",0,0,0,32,19,11.3,21.4
2008,"ARM",0,0,0,36,18.1,10.7,20.3
2009,"ARM",0,0,0,32,17.2,10.1,19.2
2010,"ARM",0,0,0,32,16.3,9.6,18.3
2011,"ARM",0,0,0,30,15.5,9.1,17.3
2012,"ARM",0,0,0,30,14.7,8.7,16.4
2013,"ARM",0,0,0,26,14,8.2,15.6
2014,"ARM",0,0,0,27,13.3,7.8,14.8
2015,"ARM",0,0,0,28,12.6,7.4,14.1
2016,"ARM",0,0,0,26,12,7,13.4
2017,"ARM",0,0,0,26,11.3,6.7,12.7
2018,"ARM",0,0,0,NA,10.8,6.4,12.1
2019,"ARM",0,0,0,NA,10.2,6,11.5
2000,"ATG",0,0,0,44,12.6,9.7,15.5
2001,"ATG",0,0,0,44,12.3,9.5,15.1
2002,"ATG",0,0,0,43,11.9,9.3,14.6
2003,"ATG",0,0,0,44,11.5,8.9,14.1
2004,"ATG",0,0,0,41,11,8.6,13.5
2005,"ATG",0,0,0,40,10.6,8.2,12.9
2006,"ATG",0,0,0,46,10.1,7.7,12.3
2007,"ATG",0,0,0,48,9.6,7.3,11.7
2008,"ATG",0,0,0,50,9.2,6.8,11.1
2009,"ATG",0,0,0,45,8.7,6.3,10.6
2010,"ATG",0,0,0,44,8.3,5.8,10
2011,"ATG",0,0,0,43,7.9,5.4,9.5
2012,"ATG",0,0,0,44,7.5,5.1,9
2013,"ATG",0,0,0,43,7.1,4.7,8.5
2014,"ATG",0,0,0,42,6.8,4.5,8.1
2015,"ATG",0,0,0,43,6.5,4.2,7.8
2016,"ATG",0,0,0,43,6.2,4.1,7.4
2017,"ATG",0,0,0,42,6,3.9,7.1
2018,"ATG",0,0,0,NA,5.8,3.8,6.9
2019,"ATG",0,0,0,NA,5.6,3.6,6.6
2000,"AUS",0,0,0,7,5.1,3.5,6.2
2001,"AUS",0,0,0,6,5,3.5,6.1
2002,"AUS",0,0,1,6,5,3.4,6
2003,"AUS",0,0,0,6,4.9,3.4,5.9
2004,"AUS",0,0,0,5,4.8,3.3,5.8
2005,"AUS",0,0,0,5,4.8,3.2,5.7
2006,"AUS",0,0,1,5,4.7,3.1,5.6
2007,"AUS",0,0,0,5,4.5,3,5.4
2008,"AUS",0,0,0,5,4.4,2.9,5.2
2009,"AUS",0,0,0,5,4.2,2.8,5
2010,"AUS",0,0,0,5,4,2.7,4.8
2011,"AUS",0,0,0,6,3.8,2.6,4.5
2012,"AUS",0,0,0,6,3.6,2.5,4.3
2013,"AUS",0,0,0,6,3.5,2.4,4.1
2014,"AUS",0,0,0,6,3.4,2.4,4
2015,"AUS",0,0,0,6,3.3,2.3,3.9
2016,"AUS",0,0,0,6,3.2,2.3,3.8
2017,"AUS",0,0,0,6,3.2,2.3,3.8
2018,"AUS",0,0,1,NA,3.2,2.3,3.7
2019,"AUS",0,0,0,NA,3.2,2.4,3.7
2000,"AUT",0,0,0,6,4.6,3.1,5.5
2001,"AUT",0,0,0,6,4.5,3.1,5.4
2002,"AUT",0,0,0,6,4.4,3.1,5.3
2003,"AUT",0,0,0,6,4.3,3,5.2
2004,"AUT",0,0,0,5,4.2,2.9,5.1
2005,"AUT",0,0,0,6,4.1,2.8,4.9
2006,"AUT",0,0,0,5,3.9,2.8,4.7
2007,"AUT",0,0,0,5,3.8,2.7,4.6
2008,"AUT",0,0,0,5,3.8,2.6,4.5
2009,"AUT",0,0,0,5,3.7,2.6,4.5
2010,"AUT",0,0,0,5,3.6,2.5,4.3
2011,"AUT",0,0,0,5,3.5,2.4,4.2
2012,"AUT",0,0,0,5,3.3,2.4,4
2013,"AUT",0,0,0,5,3.2,2.3,3.9
2014,"AUT",0,0,0,5,3.1,2.3,3.8
2015,"AUT",0,0,0,5,3,2.2,3.7
2016,"AUT",0,0,0,5,3,2.2,3.6
2017,"AUT",0,0,0,5,2.9,2.2,3.6
2018,"AUT",0,0,0,NA,2.9,2.2,3.6
2019,"AUT",0,0,0,NA,2.9,2.3,3.6
2000,"AZE",0,1,1,47,60.9,34.3,74.4
2001,"AZE",0,0,0,44,57.2,32.8,69.3
2002,"AZE",0,0,0,43,53.5,31.3,64.3
2003,"AZE",0,0,0,44,50.1,29.8,59.7
2004,"AZE",0,0,0,39,47,28.3,55.6
2005,"AZE",0,0,0,42,44.1,26.8,51.9
2006,"AZE",0,0,0,35,41.5,25.5,48.6
2007,"AZE",0,0,0,34,39.1,24.1,45.5
2008,"AZE",0,0,0,32,36.8,22.8,42.7
2009,"AZE",1,0,0,32,34.7,21.6,39.9
2010,"AZE",0,0,0,31,32.5,20.3,37.3
2011,"AZE",0,0,0,30,30.5,18.8,34.9
2012,"AZE",0,1,0,29,28.5,17.3,32.5
2013,"AZE",0,0,0,28,26.7,16,30.3
2014,"AZE",0,0,0,28,24.9,14.7,28.2
2015,"AZE",1,0,0,27,23.3,13.5,26.3
2016,"AZE",1,0,0,26,21.8,12.5,24.5
2017,"AZE",1,0,0,26,20.3,11.7,22.8
2018,"AZE",1,0,0,NA,19.2,10.9,21.5
2019,"AZE",0,0,0,NA,18.2,10.4,20.4
2000,"BDI",1,0,0,1010,94.7,36.6,154.5
2001,"BDI",1,0,0,956,91.9,36,149.4
2002,"BDI",1,0,0,925,88.9,35.4,143.8
2003,"BDI",1,0,1,890,85.7,34.8,138.1
2004,"BDI",1,1,0,844,82.3,34.1,131.9
2005,"BDI",1,0,1,814,78.4,33.2,124.9
2006,"BDI",1,0,0,785,74.4,32.3,117.6
2007,"BDI",1,0,0,756,70.4,31.3,110.5
2008,"BDI",1,0,1,733,66.5,30.2,103.6
2009,"BDI",1,0,1,698,62.9,29.2,97.1
2010,"BDI",0,0,1,665,59.4,28.2,91
2011,"BDI",0,0,0,635,56.3,27.1,85.5
2012,"BDI",0,0,0,608,53.4,26.1,80.3
2013,"BDI",0,0,0,591,50.7,25.2,75.5
2014,"BDI",0,0,0,576,48.2,24.4,71.3
2015,"BDI",1,0,0,568,46.2,23.6,67.6
2016,"BDI",1,0,0,558,44.4,23,64.4
2017,"BDI",1,0,0,548,42.7,22.4,61.5
2018,"BDI",1,0,0,NA,41.3,21.8,59
2019,"BDI",1,0,0,NA,39.9,21.3,56.6
2000,"BEL",0,0,0,8,4.8,3,5.8
2001,"BEL",0,0,0,8,4.6,2.8,5.6
2002,"BEL",0,0,0,7,4.4,2.8,5.4
2003,"BEL",0,0,0,7,4.3,2.7,5.2
2004,"BEL",0,0,0,7,4.2,2.7,5.1
2005,"BEL",0,0,0,7,4,2.6,4.9
2006,"BEL",0,0,0,7,4,2.6,4.8
2007,"BEL",0,0,0,7,3.9,2.5,4.7
2008,"BEL",0,0,0,7,3.8,2.5,4.6
2009,"BEL",0,0,0,6,3.7,2.4,4.5
2010,"BEL",0,0,0,6,3.6,2.3,4.4
2011,"BEL",0,0,0,6,3.6,2.3,4.4
2012,"BEL",0,0,0,6,3.5,2.3,4.3
2013,"BEL",0,0,0,6,3.4,2.3,4.2
2014,"BEL",0,0,0,6,3.3,2.3,4.1
2015,"BEL",0,0,0,5,3.3,2.3,4.1
2016,"BEL",0,0,0,5,3.3,2.3,4.1
2017,"BEL",1,0,0,5,3.3,2.3,4.1
2018,"BEL",0,0,0,NA,3.4,2.4,4.2
2019,"BEL",0,0,0,NA,3.4,2.4,4.2
2000,"BEN",0,0,0,520,85,39,136.8
2001,"BEN",0,0,0,516,83.3,38.3,133.7
2002,"BEN",0,0,0,511,81.5,37.6,130.5
2003,"BEN",0,0,0,510,79.8,36.8,127.4
2004,"BEN",0,0,0,505,78.2,36.2,124.4
2005,"BEN",0,0,0,500,76.5,35.8,121.5
2006,"BEN",0,0,0,493,75,35.3,118.8
2007,"BEN",0,0,0,486,73.6,35,116.2
2008,"BEN",0,0,0,480,72.2,34.6,113.7
2009,"BEN",0,0,0,471,70.9,34.3,111.3
2010,"BEN",0,0,0,464,69.6,33.9,109
2011,"BEN",0,0,0,458,68.3,33.5,106.7
2012,"BEN",0,0,0,450,67,33.1,104.4
2013,"BEN",0,0,0,441,65.7,32.7,102.1
2014,"BEN",0,0,0,432,64.4,32.3,99.8
2015,"BEN",0,0,0,421,63.2,31.9,97.6
2016,"BEN",0,0,0,408,61.9,31.5,95.4
2017,"BEN",0,0,0,397,60.6,31.1,93.2
2018,"BEN",0,0,0,NA,59.3,30.6,90.9
2019,"BEN",0,0,0,NA,57.9,30.2,88.4
2000,"BFA",0,0,0,516,90.9,40.7,178.9
2001,"BFA",0,0,1,501,89.3,39.9,174.9
2002,"BFA",0,0,0,486,87.6,39.2,170.4
2003,"BFA",0,0,0,471,85.5,38.3,165.3
2004,"BFA",0,0,0,454,83.3,37.2,159.5
2005,"BFA",0,0,0,437,80.8,36,153.1
2006,"BFA",0,0,0,422,78.1,34.8,146.3
2007,"BFA",0,0,0,410,75.4,33.7,139.5
2008,"BFA",0,0,0,401,72.7,32.7,132.9
2009,"BFA",0,0,0,393,70.3,31.9,126.9
2010,"BFA",0,0,0,385,68.1,31.2,121.5
2011,"BFA",0,0,1,377,66.3,30.5,116.9
2012,"BFA",0,0,0,369,64.4,29.9,112.5
2013,"BFA",0,0,0,362,62.7,29.3,108.3
2014,"BFA",0,0,1,353,61.2,28.8,104.5
2015,"BFA",0,0,0,343,59.6,28.2,100.9
2016,"BFA",0,0,0,331,58.2,27.7,97.5
2017,"BFA",1,0,0,320,56.7,27.3,94.1
2018,"BFA",1,0,0,NA,55.4,26.7,90.8
2019,"BFA",1,0,0,NA,54.1,26.2,87.8
2000,"BGD",0,1,0,434,63.1,44,86
2001,"BGD",1,0,0,423,60,42.2,81.1
2002,"BGD",1,0,0,410,57,40.4,76.5
2003,"BGD",0,1,0,395,54.3,38.8,72.3
2004,"BGD",0,1,0,372,51.8,37.3,68.3
2005,"BGD",1,0,0,343,49.4,35.9,64.6
2006,"BGD",1,0,0,315,47,34.5,61
2007,"BGD",1,0,0,297,44.8,33.1,57.8
2008,"BGD",0,0,0,280,42.7,31.8,54.7
2009,"BGD",0,0,1,269,40.7,30.6,51.8
2010,"BGD",0,0,0,258,38.9,29.4,49.1
2011,"BGD",0,0,0,248,37.2,28.2,46.7
2012,"BGD",0,0,0,238,35.6,27.1,44.4
2013,"BGD",0,0,0,227,34,25.9,42.2
2014,"BGD",1,0,0,214,32.5,24.8,40.1
2015,"BGD",0,1,0,200,31,23.6,38.1
2016,"BGD",0,1,0,186,29.6,22.4,36.1
2017,"BGD",1,0,0,173,28.2,20.9,34.2
2018,"BGD",1,0,0,NA,26.8,19.7,32.4
2019,"BGD",1,0,0,NA,25.5,18.5,30.7
2000,"BGR",0,0,1,19,14.4,7.9,17.5
2001,"BGR",0,0,0,18,13.8,7.6,16.7
2002,"BGR",0,0,0,17,13.2,7.3,15.9
2003,"BGR",0,0,0,16,12.5,6.9,15.1
2004,"BGR",0,0,0,16,11.8,6.4,14.2
2005,"BGR",0,0,0,15,11,6,13.3
2006,"BGR",0,1,0,14,10.3,5.6,12.4
2007,"BGR",0,0,0,13,9.9,5.3,11.8
2008,"BGR",0,0,0,13,9.5,5.2,11.4
2009,"BGR",0,0,0,12,9.3,5.2,11.1
2010,"BGR",0,0,0,12,9,5.1,10.8
2011,"BGR",0,0,0,12,8.7,5,10.4
2012,"BGR",0,1,0,11,8.2,4.8,9.8
2013,"BGR",0,0,0,10,7.8,4.5,9.3
2014,"BGR",0,0,0,11,7.3,4.3,8.7
2015,"BGR",0,0,0,10,6.9,4.1,8.2
2016,"BGR",0,0,0,10,6.5,3.9,7.7
2017,"BGR",0,0,0,10,6.1,3.7,7.3
2018,"BGR",0,0,0,NA,5.8,3.4,7
2019,"BGR",0,0,0,NA,5.5,3.2,6.6
2000,"BHR",0,0,0,27,10.7,4.7,12.5
2001,"BHR",0,0,0,19,10.3,4.4,12
2002,"BHR",0,0,0,25,10,4.1,11.6
2003,"BHR",0,0,0,21,9.7,3.9,11.3
2004,"BHR",0,0,0,21,9.4,3.7,11
2005,"BHR",0,0,0,19,9.1,3.6,10.6
2006,"BHR",0,0,0,24,8.8,3.4,10.2
2007,"BHR",0,0,0,16,8.4,3.3,9.8
2008,"BHR",0,0,0,18,8,3.2,9.3
2009,"BHR",0,0,0,19,7.6,3.2,8.9
2010,"BHR",0,0,0,18,7.3,3.2,8.5
2011,"BHR",0,0,0,15,7,3.2,8.2
2012,"BHR",1,0,0,18,6.8,3.2,8
2013,"BHR",0,0,0,17,6.7,3.2,7.8
2014,"BHR",0,0,0,15,6.6,3.2,7.7
2015,"BHR",0,0,0,15,6.5,3.2,7.6
2016,"BHR",0,0,0,15,6.4,3.2,7.5
2017,"BHR",0,0,0,14,6.3,3.1,7.3
2018,"BHR",0,0,0,NA,6.1,3.1,7.1
2019,"BHR",0,0,0,NA,5.9,3,7
2000,"BHS",0,0,0,75,13.9,8,16.3
2001,"BHS",0,0,0,76,14,8.2,16.4
2002,"BHS",0,0,0,78,14.1,8.3,16.5
2003,"BHS",0,0,0,79,14.3,8.5,16.7
2004,"BHS",0,0,0,78,14.4,8.6,16.8
2005,"BHS",0,0,0,77,14.4,8.7,16.8
2006,"BHS",0,0,0,78,14.3,8.7,16.7
2007,"BHS",0,0,0,77,14.1,8.6,16.5
2008,"BHS",0,0,0,77,13.9,8.5,16.2
2009,"BHS",0,0,0,78,13.6,8.3,15.9
2010,"BHS",0,0,0,78,13.3,8.1,15.6
2011,"BHS",0,0,0,78,13,7.9,15.2
2012,"BHS",0,0,0,78,12.8,7.8,14.9
2013,"BHS",0,0,0,78,12.5,7.7,14.6
2014,"BHS",0,0,0,77,12.2,7.5,14.3
2015,"BHS",0,0,0,74,12,7.4,14
2016,"BHS",0,0,0,72,11.7,7.3,13.7
2017,"BHS",0,0,0,70,11.4,7.2,13.3
2018,"BHS",0,0,0,NA,11.2,7,13
2019,"BHS",0,0,0,NA,14.5,6.9,22.4
2000,"BIH",0,0,1,17,8.7,6.9,9.9
2001,"BIH",0,0,0,16,8.4,6.5,9.6
2002,"BIH",0,0,0,14,8.2,6.2,9.3
2003,"BIH",0,0,1,14,8.1,5.9,9.2
2004,"BIH",0,0,0,14,7.9,5.7,9.1
2005,"BIH",0,0,0,13,7.8,5.5,8.9
2006,"BIH",0,0,0,13,7.5,5.4,8.6
2007,"BIH",0,0,0,13,7.2,5.3,8.3
2008,"BIH",0,0,0,11,6.9,5.3,7.9
2009,"BIH",0,0,0,11,6.6,5.2,7.5
2010,"BIH",0,0,0,11,6.3,5.1,7.2
2011,"BIH",0,0,0,10,6,5,6.9
2012,"BIH",0,0,0,10,5.8,4.9,6.7
2013,"BIH",0,0,0,10,5.6,4.8,6.5
2014,"BIH",0,0,0,10,5.5,4.7,6.4
2015,"BIH",0,0,0,10,5.4,4.6,6.3
2016,"BIH",0,0,0,10,5.3,4.5,6.2
2017,"BIH",0,0,0,10,5.3,4.4,6.1
2018,"BIH",0,0,0,NA,5.2,4.3,6
2019,"BIH",0,0,0,NA,5.1,4.2,5.9
2000,"BLR",0,0,0,22,9.9,6,12.7
2001,"BLR",0,0,0,19,9.2,5.5,11.8
2002,"BLR",0,0,0,18,8.5,5,10.9
2003,"BLR",0,0,0,15,7.8,4.5,10.1
2004,"BLR",0,0,0,13,7.3,4,9.4
2005,"BLR",0,0,0,11,6.7,3.5,8.7
2006,"BLR",0,0,0,9,6.2,3,8
2007,"BLR",0,0,0,7,5.6,2.6,7.3
2008,"BLR",0,0,0,6,5.1,2.2,6.6
2009,"BLR",0,0,0,6,4.6,2,6.1
2010,"BLR",0,0,0,5,4.3,1.8,5.6
2011,"BLR",0,0,0,5,3.9,1.7,5.2
2012,"BLR",0,0,0,4,3.7,1.7,4.9
2013,"BLR",0,0,0,3,3.5,1.7,4.6
2014,"BLR",0,0,0,3,3.3,1.6,4.3
2015,"BLR",0,0,0,3,3.1,1.6,4.1
2016,"BLR",0,0,0,3,2.9,1.5,3.9
2017,"BLR",0,0,0,2,2.7,1.4,3.6
2018,"BLR",0,0,0,NA,2.5,1.2,3.4
2019,"BLR",0,0,0,NA,2.4,1.1,3.1
2000,"BLZ",0,0,0,89,20,12,23.6
2001,"BLZ",0,0,0,88,19.4,11.6,22.8
2002,"BLZ",0,0,0,82,18.9,11.1,22.2
2003,"BLZ",0,0,0,80,18.5,10.6,21.7
2004,"BLZ",0,0,0,75,18.2,10,21.3
2005,"BLZ",0,0,0,70,17.9,9.4,20.9
2006,"BLZ",0,0,0,65,17.6,8.7,20.6
2007,"BLZ",0,0,0,61,17.3,8.4,20.3
2008,"BLZ",0,0,0,59,17,8.4,19.9
2009,"BLZ",0,0,0,57,16.6,8.7,19.4
2010,"BLZ",0,0,0,54,16.2,9.3,18.9
2011,"BLZ",0,0,0,52,15.7,10,18.3
2012,"BLZ",0,0,0,50,15.2,10.4,17.7
2013,"BLZ",0,0,0,48,14.6,10.5,16.9
2014,"BLZ",0,0,0,46,13.9,10.4,16.1
2015,"BLZ",0,0,0,43,13.2,10.1,15.3
2016,"BLZ",0,0,0,39,12.5,9.6,14.5
2017,"BLZ",0,0,0,36,11.8,9.1,13.7
2018,"BLZ",0,0,0,NA,11.1,8.6,12.9
2019,"BLZ",0,0,0,NA,10.6,8.1,12.3
2000,"BOL",0,0,1,331,55.9,29.6,75.6
2001,"BOL",1,0,0,320,53.1,28.7,71.3
2002,"BOL",0,0,0,309,50.4,28,67.2
2003,"BOL",0,0,0,297,47.8,27.4,63.3
2004,"BOL",0,0,1,283,45.4,26.8,59.6
2005,"BOL",0,0,0,271,43.1,26.2,56.2
2006,"BOL",0,0,0,258,40.8,25.5,52.9
2007,"BOL",0,0,0,246,38.7,24.7,49.8
2008,"BOL",0,0,1,234,36.7,23.7,46.9
2009,"BOL",0,0,0,222,34.8,22.8,44.1
2010,"BOL",0,0,1,212,33,21.8,41.6
2011,"BOL",0,0,0,202,31.2,20.8,39.2
2012,"BOL",0,0,0,192,29.6,19.9,37
2013,"BOL",0,0,1,184,28,18.7,34.9
2014,"BOL",0,0,1,175,26.6,17.6,33
2015,"BOL",0,0,0,168,25.4,16.7,31.3
2016,"BOL",0,0,1,161,24.3,15.9,29.9
2017,"BOL",0,0,0,155,23.2,15.2,28.6
2018,"BOL",0,0,0,NA,22.3,14.6,27.4
2019,"BOL",0,0,0,NA,21.5,14,26.3
2000,"BRA",1,0,0,69,30.4,18.5,34.7
2001,"BRA",1,0,1,68,28.5,17.6,32.5
2002,"BRA",1,0,1,69,26.8,16.7,30.4
2003,"BRA",1,0,0,70,25.1,15.8,28.4
2004,"BRA",1,0,1,71,23.5,15,26.5
2005,"BRA",1,0,1,71,22,14.2,24.8
2006,"BRA",1,0,0,72,20.7,13.5,23.2
2007,"BRA",0,1,1,71,19.5,12.8,21.8
2008,"BRA",1,0,0,70,18.4,12.2,20.6
2009,"BRA",0,0,0,69,17.5,11.6,19.5
2010,"BRA",1,0,1,65,16.7,11.1,18.6
2011,"BRA",0,0,0,61,16,10.7,17.9
2012,"BRA",1,0,1,60,15.4,10.3,17.2
2013,"BRA",1,0,0,61,14.9,10,16.7
2014,"BRA",0,0,1,62,14.6,9.7,16.3
2015,"BRA",0,0,0,63,14.2,9.5,15.9
2016,"BRA",0,0,0,62,15,10,16.7
2017,"BRA",1,0,0,60,13.8,9.3,15.4
2018,"BRA",1,0,0,NA,13.6,9.2,15.2
2019,"BRA",1,0,0,NA,13.3,8.9,14.9
2000,"BRB",0,0,0,50,13.7,9.3,15.1
2001,"BRB",0,0,0,48,14,9.3,15.3
2002,"BRB",0,0,0,47,14.2,9.5,15.5
2003,"BRB",0,0,0,45,14.3,9.6,15.7
2004,"BRB",0,0,0,43,14.4,9.8,15.7
2005,"BRB",0,0,0,42,14.4,9.9,15.7
2006,"BRB",0,0,0,41,14.3,10,15.6
2007,"BRB",0,1,0,40,14.2,10.1,15.4
2008,"BRB",0,0,0,39,14.1,10.1,15.3
2009,"BRB",0,0,0,38,13.9,10,15.1
2010,"BRB",0,0,1,36,13.8,10,15
2011,"BRB",0,0,0,35,13.7,9.9,14.8
2012,"BRB",0,0,0,34,13.6,9.8,14.7
2013,"BRB",0,0,0,32,13.5,9.7,14.6
2014,"BRB",0,0,0,31,13.3,9.5,14.3
2015,"BRB",0,0,0,31,13,9.3,14
2016,"BRB",0,0,0,30,12.7,9.1,13.7
2017,"BRB",0,0,0,27,12.4,8.9,13.4
2018,"BRB",0,0,0,NA,12.1,8.6,13
2019,"BRB",0,0,0,NA,11.7,8.4,12.6
2000,"BRN",0,0,0,28,8.2,5,10.3
2001,"BRN",0,0,0,28,8,5,10.1
2002,"BRN",0,0,0,29,7.9,5,9.8
2003,"BRN",0,0,0,30,7.8,5,9.7
2004,"BRN",0,0,0,30,7.7,5,9.6
2005,"BRN",0,0,0,29,7.7,5,9.5
2006,"BRN",0,0,0,28,7.7,4.9,9.5
2007,"BRN",0,0,0,27,7.7,4.9,9.5
2008,"BRN",0,0,0,27,7.7,4.8,9.5
2009,"BRN",0,0,0,27,7.8,4.8,9.6
2010,"BRN",0,0,0,28,7.9,4.8,9.7
2011,"BRN",0,0,0,28,8.1,4.8,9.8
2012,"BRN",0,0,0,29,8.2,4.8,10
2013,"BRN",0,0,0,28,8.4,4.9,10.2
2014,"BRN",0,0,0,29,8.6,5,10.4
2015,"BRN",0,0,0,30,8.8,5.2,10.6
2016,"BRN",0,0,0,31,9,5.4,10.8
2017,"BRN",0,0,0,31,9.2,5.6,11
2018,"BRN",0,0,0,NA,9.4,5.8,11.2
2019,"BRN",0,0,0,NA,9.6,6,11.4
2000,"BTN",0,0,0,423,57.5,31.8,77.2
2001,"BTN",0,0,0,384,54.8,30.9,72.9
2002,"BTN",0,0,0,365,52.2,30,68.9
2003,"BTN",0,0,0,348,49.7,29,65
2004,"BTN",0,0,0,332,47.2,28,61.2
2005,"BTN",0,0,0,310,44.7,27.1,57.5
2006,"BTN",0,0,0,291,42.3,26.2,54.1
2007,"BTN",0,0,0,275,40.1,25.3,50.8
2008,"BTN",0,0,0,264,38,24.4,47.8
2009,"BTN",0,1,0,255,36,23.4,44.9
2010,"BTN",0,0,0,247,34.1,22.5,42.4
2011,"BTN",0,1,0,239,32.4,21.6,40
2012,"BTN",0,0,0,231,31,20.8,38
2013,"BTN",0,0,0,223,29.6,20.1,36.2
2014,"BTN",0,0,0,214,28.5,19.3,34.6
2015,"BTN",0,0,0,203,27.4,18.4,33.1
2016,"BTN",0,0,0,193,26.5,17.6,31.9
2017,"BTN",0,0,0,183,25.6,17,30.7
2018,"BTN",0,0,0,NA,24.7,16.3,29.6
2019,"BTN",0,0,0,NA,23.9,15.7,28.6
2000,"BWA",0,0,0,262,45.2,16.6,80.5
2001,"BWA",0,0,0,271,44.6,17,80
2002,"BWA",0,0,0,278,43.9,17.8,78.3
2003,"BWA",0,0,0,278,43.1,18.7,76.1
2004,"BWA",0,0,0,264,42.1,19.6,72.7
2005,"BWA",0,0,0,239,38.9,20.4,67
2006,"BWA",0,0,0,221,38.1,21,61.5
2007,"BWA",0,0,0,209,39.5,21.6,58.6
2008,"BWA",0,0,0,203,40.3,22,57.6
2009,"BWA",0,0,0,189,40.1,22.4,55.3
2010,"BWA",0,0,0,179,39.5,22.7,51.4
2011,"BWA",0,0,0,176,41.1,22.9,51.9
2012,"BWA",0,0,0,170,40.2,23.1,50.8
2013,"BWA",0,0,0,164,39.4,23.2,49.6
2014,"BWA",0,0,0,160,40.1,23.3,50.2
2015,"BWA",0,0,1,156,39.6,23.3,49.7
2016,"BWA",0,0,0,151,39.3,23.2,49.2
2017,"BWA",0,0,0,144,38.2,23,47.8
2018,"BWA",0,0,0,NA,37.6,22.7,47
2019,"BWA",0,0,1,NA,36.9,22.3,45.9
2000,"CAF",0,0,0,1280,109.9,49,168.9
2001,"CAF",0,0,0,1290,109.2,48.9,167.4
2002,"CAF",1,0,0,1280,108.5,48.7,165.8
2003,"CAF",1,0,0,1250,107.7,48.6,164.2
2004,"CAF",0,0,0,1230,106.9,48.4,162.5
2005,"CAF",0,0,0,1200,106.1,48.2,160.8
2006,"CAF",0,0,0,1170,104.8,48,158.3
2007,"CAF",1,0,0,1130,103.7,47.7,155.6
2008,"CAF",1,0,0,1090,102.5,47.2,152.8
2009,"CAF",0,0,0,1050,100.6,46.7,148.9
2010,"CAF",1,0,0,1000,99,46.1,145
2011,"CAF",1,0,0,981,96.7,45.5,140.5
2012,"CAF",1,0,0,963,94.5,44.7,136.2
2013,"CAF",1,0,0,1030,93,43.9,132.5
2014,"CAF",1,0,0,961,90.5,43.2,128.2
2015,"CAF",1,0,0,912,87.9,42.5,123.3
2016,"CAF",1,0,0,890,85.6,41.7,118.2
2017,"CAF",1,0,0,829,83.8,41,114.5
2018,"CAF",1,0,0,NA,81.6,40.2,111.1
2019,"CAF",1,0,0,NA,79.1,39.6,106.6
2000,"CAN",0,0,0,9,5.3,3.8,6.2
2001,"CAN",0,0,0,10,5.3,3.8,6.2
2002,"CAN",0,0,0,10,5.3,3.9,6.2
2003,"CAN",0,0,0,10,5.3,3.9,6.2
2004,"CAN",0,0,0,10,5.3,3.9,6.1
2005,"CAN",0,0,0,11,5.2,3.9,6.1
2006,"CAN",0,0,0,11,5.2,3.9,6
2007,"CAN",0,0,0,11,5.1,3.8,6
2008,"CAN",0,0,0,12,5.1,3.8,5.9
2009,"CAN",0,0,0,12,5,3.8,5.8
2010,"CAN",0,0,0,11,5,3.8,5.7
2011,"CAN",0,0,0,11,4.9,3.7,5.7
2012,"CAN",0,0,0,11,4.9,3.7,5.6
2013,"CAN",0,0,0,11,4.8,3.6,5.5
2014,"CAN",0,0,0,11,4.7,3.6,5.4
2015,"CAN",0,0,0,11,4.7,3.6,5.4
2016,"CAN",0,0,0,10,4.6,3.5,5.3
2017,"CAN",0,0,0,10,4.6,3.4,5.2
2018,"CAN",0,0,0,NA,4.5,3.3,5.1
2019,"CAN",0,0,0,NA,4.4,3.3,5.1
2000,"CHE",0,0,0,7,4.7,3.5,5.6
2001,"CHE",0,0,0,7,4.6,3.5,5.5
2002,"CHE",0,0,0,7,4.5,3.4,5.4
2003,"CHE",0,0,0,7,4.5,3.4,5.3
2004,"CHE",0,0,0,7,4.4,3.3,5.2
2005,"CHE",0,0,0,7,4.3,3.3,5.1
2006,"CHE",0,0,0,7,4.2,3.3,4.9
2007,"CHE",0,0,0,6,4.1,3.2,4.8
2008,"CHE",0,0,0,6,4,3.2,4.7
2009,"CHE",0,0,0,6,4,3.2,4.6
2010,"CHE",0,0,0,6,3.9,3.2,4.6
2011,"CHE",0,0,0,6,3.9,3.1,4.5
2012,"CHE",0,0,0,6,3.8,3.1,4.4
2013,"CHE",0,0,0,6,3.8,3,4.4
2014,"CHE",0,0,0,5,3.8,3,4.3
2015,"CHE",0,0,0,5,3.7,3,4.3
2016,"CHE",0,0,0,5,3.7,2.9,4.2
2017,"CHE",0,0,0,5,3.6,2.9,4.2
2018,"CHE",0,0,0,NA,3.6,2.9,4.1
2019,"CHE",0,0,0,NA,3.6,2.8,4
2000,"CHL",0,0,0,31,9.2,5.7,10.9
2001,"CHL",0,0,0,32,8.7,5.4,10.3
2002,"CHL",0,0,0,28,8.3,5.3,9.8
2003,"CHL",0,0,0,27,8.1,5.3,9.5
2004,"CHL",0,0,0,27,7.9,5.4,9.3
2005,"CHL",0,1,0,25,7.7,5.4,9.1
2006,"CHL",0,0,0,25,7.6,5.5,9
2007,"CHL",0,1,0,23,7.6,5.4,8.9
2008,"CHL",0,0,0,21,7.6,5.3,8.9
2009,"CHL",0,0,0,21,7.5,5.3,8.8
2010,"CHL",0,1,0,20,7.4,5.3,8.7
2011,"CHL",0,0,0,18,7.3,5.3,8.5
2012,"CHL",0,1,0,17,7.2,5.3,8.4
2013,"CHL",0,0,0,16,7.1,5.3,8.3
2014,"CHL",0,1,0,15,6.9,5.2,8.1
2015,"CHL",0,1,0,14,6.7,5.1,7.9
2016,"CHL",0,0,0,13,6.5,5,7.7
2017,"CHL",0,0,0,13,6.4,4.9,7.4
2018,"CHL",0,0,0,NA,6.2,4.7,7.2
2019,"CHL",0,1,0,NA,6,4.5,7
2000,"CHN",0,1,1,59,29.9,21.4,36.7
2001,"CHN",0,1,1,55,27.8,19.9,34.1
2002,"CHN",0,1,1,51,25.6,18.4,31.5
2003,"CHN",0,1,1,48,23.4,16.9,28.8
2004,"CHN",0,1,0,46,21.4,15.3,26.3
2005,"CHN",0,1,1,44,19.4,13.9,24
2006,"CHN",0,1,1,42,17.7,12.5,21.9
2007,"CHN",0,1,0,40,16.2,11.3,20.1
2008,"CHN",0,1,1,40,14.8,10.2,18.5
2009,"CHN",1,1,1,37,13.6,9.2,17
2010,"CHN",1,1,1,36,12.5,8.4,15.8
2011,"CHN",0,1,0,34,11.5,7.6,14.6
2012,"CHN",0,1,0,33,10.6,7,13.5
2013,"CHN",0,1,1,32,9.8,6.4,12.5
2014,"CHN",0,1,1,31,9,5.8,11.6
2015,"CHN",0,1,1,30,8.3,5.3,10.7
2016,"CHN",0,1,1,29,7.6,4.9,9.9
2017,"CHN",0,1,1,29,7,4.5,9.2
2018,"CHN",0,1,0,NA,6.4,4.1,8.5
2019,"CHN",0,1,0,NA,5.9,3.7,7.9
2000,"CIV",0,0,0,704,95.6,45.8,143.3
2001,"CIV",1,0,0,706,93.7,45.2,140.1
2002,"CIV",0,0,0,713,91.6,44.6,136.7
2003,"CIV",1,0,0,711,89.6,44,133.1
2004,"CIV",1,0,0,709,87.5,43.4,129.5
2005,"CIV",1,0,0,704,85.2,42.7,125.6
2006,"CIV",1,0,0,699,83.4,42,122
2007,"CIV",0,0,0,698,81.1,41.3,118.2
2008,"CIV",0,0,0,694,78.7,40.6,114.2
2009,"CIV",0,0,0,700,76.6,40,109.9
2010,"CIV",0,0,0,701,74.7,39.3,106.3
2011,"CIV",1,0,0,703,72.9,38.7,103.1
2012,"CIV",1,0,0,702,71,38,100.1
2013,"CIV",0,0,0,691,69.1,37.4,97
2014,"CIV",0,0,0,676,67.3,36.8,93.6
2015,"CIV",0,0,0,658,65.7,36.2,90.8
2016,"CIV",0,0,0,636,64.4,35.6,88.4
2017,"CIV",1,0,0,617,62.9,35,86
2018,"CIV",0,0,0,NA,61.3,34.5,83.2
2019,"CIV",0,0,0,NA,59.4,33.9,80.3
2000,"CMR",0,0,0,886,87.6,35.6,143.9
2001,"CMR",0,0,1,844,85.8,34.8,140.9
2002,"CMR",0,0,0,803,83.7,34.1,137.5
2003,"CMR",0,0,0,771,81.7,33.7,134
2004,"CMR",0,0,0,732,79.7,33.5,130.6
2005,"CMR",0,0,1,692,78.1,33.2,127.5
2006,"CMR",0,0,0,658,76.2,33,124.2
2007,"CMR",0,0,0,635,74.6,32.7,121
2008,"CMR",0,0,0,618,72.7,32.4,117.6
2009,"CMR",0,0,0,606,71.1,32,114.3
2010,"CMR",0,0,0,597,68.6,31.7,110.1
2011,"CMR",0,0,0,589,66.6,31.3,105.8
2012,"CMR",0,0,1,580,64.2,30.9,101.3
2013,"CMR",0,0,0,567,61.6,30.4,96.7
2014,"CMR",0,0,0,564,59.5,29.9,92.4
2015,"CMR",1,0,0,554,57,29.3,88
2016,"CMR",1,0,0,538,55.2,28.7,84.2
2017,"CMR",1,0,0,529,53.2,28,80.6
2018,"CMR",1,0,0,NA,51.3,27.4,77.3
2019,"CMR",1,0,0,NA,49.9,26.8,74.7
2000,"COD",1,0,0,760,106.5,38.4,159.3
2001,"COD",1,0,0,740,104.4,38,154.9
2002,"COD",1,0,0,734,102.2,37.6,150.4
2003,"COD",1,0,0,699,99.9,37.2,145.7
2004,"COD",1,0,0,661,97.5,36.6,140.9
2005,"COD",1,1,0,627,95.2,36,136.1
2006,"COD",1,0,0,598,92.8,35.3,131.4
2007,"COD",1,0,0,578,90.4,34.5,126.7
2008,"COD",1,1,0,565,88.1,33.8,122.3
2009,"COD",1,0,0,555,85.8,33,118
2010,"COD",1,0,0,542,83.5,32.3,113.8
2011,"COD",1,0,0,532,81.3,31.7,109.9
2012,"COD",1,0,0,524,79.1,31.1,106.1
2013,"COD",1,0,0,514,77,30.6,102.5
2014,"COD",1,0,0,500,75,30,99.2
2015,"COD",1,1,0,490,73,29.5,95.9
2016,"COD",1,0,0,481,71.1,29,92.8
2017,"COD",1,0,0,473,69.1,28.5,89.6
2018,"COD",1,0,0,NA,67.3,27.9,86.6
2019,"COD",1,0,0,NA,65.5,27.3,83.8
2000,"COG",1,0,0,739,72.4,30.7,114.1
2001,"COG",0,0,0,752,70.7,30.2,111.1
2002,"COG",0,0,0,769,68,29.5,106.2
2003,"COG",1,0,0,757,64.6,28.6,100.2
2004,"COG",1,0,0,724,60.7,27.5,93.3
2005,"COG",0,0,0,677,56.8,26.5,86.4
2006,"COG",0,0,0,623,53.1,25.4,79.8
2007,"COG",0,0,0,580,49.8,24.5,74
2008,"COG",0,0,0,552,46.9,23.7,69
2009,"COG",0,0,0,526,44.7,23,65
2010,"COG",0,0,0,506,43,22.5,62
2011,"COG",0,0,0,488,41.7,22.1,59.7
2012,"COG",0,0,0,468,40.7,21.8,57.9
2013,"COG",0,0,0,449,39.7,21.4,56.2
2014,"COG",0,0,0,433,38.7,21.1,54.4
2015,"COG",0,0,0,416,37.6,20.7,52.6
2016,"COG",0,0,0,397,36.6,20.2,50.8
2017,"COG",1,0,0,378,35.6,19.9,49.1
2018,"COG",0,0,0,NA,34.7,19.4,47.6
2019,"COG",0,0,0,NA,35.9,19.1,52.5
2000,"COL",1,1,0,94,21.2,13.5,25.1
2001,"COL",1,0,0,93,20.6,13.1,24.3
2002,"COL",1,0,0,92,19.9,12.7,23.5
2003,"COL",1,0,0,88,19.4,12.4,22.8
2004,"COL",1,1,0,85,18.9,12,22.1
2005,"COL",1,0,0,83,18.3,11.7,21.5
2006,"COL",1,0,0,82,17.8,11.3,20.8
2007,"COL",1,1,0,83,17.2,11,20.2
2008,"COL",1,1,0,84,16.7,10.6,19.5
2009,"COL",1,0,0,87,16.2,10.3,18.9
2010,"COL",1,0,0,85,15.7,10,18.3
2011,"COL",1,0,0,84,15.2,9.6,17.7
2012,"COL",1,0,0,85,14.7,9.3,17.1
2013,"COL",1,1,0,85,14.3,9,16.6
2014,"COL",1,0,0,85,13.8,8.7,16
2015,"COL",1,1,1,85,13.4,8.4,15.5
2016,"COL",1,0,0,84,12.9,8.2,15
2017,"COL",1,0,0,83,12.5,7.9,14.6
2018,"COL",1,0,0,NA,12.1,7.7,14.1
2019,"COL",1,0,0,NA,11.7,7.4,13.6
2000,"COM",0,0,0,444,72.4,40.8,100.6
2001,"COM",0,0,0,437,72.1,40.7,100.2
2002,"COM",0,0,0,429,72,40.5,100.1
2003,"COM",0,0,0,423,71.7,40.3,99.6
2004,"COM",0,0,0,414,71,40.1,98.5
2005,"COM",0,0,0,404,69.8,39.7,96.7
2006,"COM",0,0,0,393,68.4,39.2,94.4
2007,"COM",0,0,0,382,66.8,38.6,91.9
2008,"COM",0,0,0,370,65.3,38,89.5
2009,"COM",0,0,0,356,63.7,37.3,86.9
2010,"COM",0,0,0,341,62.2,36.6,84.6
2011,"COM",0,0,0,326,60.5,35.8,82
2012,"COM",0,0,0,313,58.9,35.1,79.4
2013,"COM",0,0,0,302,57.2,34.5,76.9
2014,"COM",0,1,0,293,55.8,33.6,74.7
2015,"COM",0,0,0,285,54.4,32.9,72.3
2016,"COM",0,0,0,279,53,32.1,70.1
2017,"COM",0,0,0,273,51.5,31.3,67.9
2018,"COM",0,0,0,NA,50.1,30.5,65.7
2019,"COM",0,0,0,NA,48.7,29.8,63.5
2000,"CPV",0,0,0,118,31.1,18.1,38.1
2001,"CPV",0,0,0,109,28.4,17,34.4
2002,"CPV",0,0,1,101,26.3,16,31.6
2003,"CPV",0,0,0,96,24.8,15.4,29.8
2004,"CPV",0,0,0,91,24,15.1,28.6
2005,"CPV",0,0,0,86,23.5,15.1,28.1
2006,"CPV",0,0,0,82,23.4,15.3,27.9
2007,"CPV",0,0,0,78,23.3,15.4,27.8
2008,"CPV",0,0,0,75,23.1,15.6,27.5
2009,"CPV",0,0,0,72,22.7,15.5,27
2010,"CPV",0,0,0,70,22.1,15.3,26.3
2011,"CPV",0,0,0,67,21.3,14.9,25.2
2012,"CPV",0,0,0,65,20.3,14.3,24
2013,"CPV",0,0,0,63,19.2,13.5,22.5
2014,"CPV",0,0,0,62,17.9,12.6,21
2015,"CPV",0,0,0,61,16.7,11.8,19.5
2016,"CPV",0,0,0,59,15.5,10.9,18.1
2017,"CPV",0,0,1,58,14.5,10.2,16.8
2018,"CPV",0,0,0,NA,13.6,9.6,15.8
2019,"CPV",0,0,0,NA,12.8,9,14.9
2000,"CRI",0,0,0,40,11.1,7.7,13.1
2001,"CRI",0,0,0,37,10.5,7.5,12.6
2002,"CRI",0,0,0,38,10.1,7.3,12.1
2003,"CRI",0,1,0,37,10,7.2,11.8
2004,"CRI",0,1,0,36,9.9,7.1,11.5
2005,"CRI",0,0,0,33,9.9,7.1,11.3
2006,"CRI",0,0,0,35,9.8,7,11.2
2007,"CRI",0,0,0,29,9.7,6.9,11.1
2008,"CRI",0,0,0,29,9.5,6.8,10.9
2009,"CRI",0,1,0,29,9.3,6.7,10.7
2010,"CRI",0,0,0,32,9.2,6.6,10.5
2011,"CRI",0,0,0,30,8.9,6.5,10.2
2012,"CRI",0,1,0,29,8.6,6.5,9.9
2013,"CRI",0,0,0,29,8.2,6.4,9.6
2014,"CRI",0,0,1,29,7.9,6.3,9.3
2015,"CRI",0,0,0,28,7.7,6.3,9.1
2016,"CRI",0,0,0,28,7.6,6.2,8.9
2017,"CRI",0,0,0,27,7.5,6.1,8.7
2018,"CRI",0,0,1,NA,7.4,5.9,8.4
2019,"CRI",0,0,0,NA,7.2,5.8,8.2
2000,"CUB",0,0,1,46,7,4.3,8.8
2001,"CUB",0,0,0,44,6.8,4.2,8.5
2002,"CUB",0,0,0,41,6.5,4,8.2
2003,"CUB",0,0,0,41,6.3,3.8,7.9
2004,"CUB",0,0,1,40,6.1,3.6,7.6
2005,"CUB",0,0,0,41,5.9,3.4,7.4
2006,"CUB",0,0,0,38,5.7,3.3,7.2
2007,"CUB",0,0,0,38,5.5,3.2,6.9
2008,"CUB",0,0,0,40,5.4,3.1,6.7
2009,"CUB",0,0,0,40,5.2,3,6.5
2010,"CUB",0,0,0,41,5.1,2.9,6.4
2011,"CUB",0,0,0,38,5,2.8,6.2
2012,"CUB",0,0,0,39,4.8,2.7,6.1
2013,"CUB",0,0,0,40,4.7,2.6,5.9
2014,"CUB",0,0,0,39,4.6,2.5,5.8
2015,"CUB",0,0,1,38,4.5,2.4,5.7
2016,"CUB",0,0,0,37,4.4,2.3,5.5
2017,"CUB",0,0,0,36,4.3,2.3,5.4
2018,"CUB",0,0,0,NA,4.3,2.3,5.3
2019,"CUB",0,0,0,NA,4.2,2.3,5.2
2000,"CYP",0,0,1,14,5.6,3.7,6.5
2001,"CYP",0,0,0,9,5.2,3.4,6
2002,"CYP",0,0,0,10,4.8,3.2,5.6
2003,"CYP",0,0,0,9,4.5,3,5.2
2004,"CYP",0,0,0,9,4.1,2.8,4.8
2005,"CYP",0,0,0,12,3.8,2.6,4.5
2006,"CYP",0,0,0,9,3.6,2.4,4.2
2007,"CYP",0,0,0,8,3.3,2.3,3.9
2008,"CYP",0,0,0,9,3.1,2.1,3.7
2009,"CYP",0,0,0,8,3,2,3.5
2010,"CYP",0,0,0,8,2.8,1.9,3.4
2011,"CYP",0,0,0,8,2.7,1.9,3.2
2012,"CYP",0,0,0,7,2.6,1.8,3.1
2013,"CYP",0,0,0,6,2.5,1.8,3
2014,"CYP",0,0,0,8,2.4,1.7,2.9
2015,"CYP",0,0,0,7,2.4,1.7,2.9
2016,"CYP",0,0,0,6,2.4,1.7,2.9
2017,"CYP",0,0,0,6,2.3,1.7,2.8
2018,"CYP",0,0,0,NA,2.3,1.7,2.8
2019,"CYP",0,0,0,NA,2.3,1.7,2.8
2000,"CZE",0,0,0,7,4.5,2.7,5.5
2001,"CZE",0,0,0,7,4.3,2.5,5.2
2002,"CZE",0,0,0,6,4.1,2.4,5
2003,"CZE",0,0,0,6,3.9,2.4,4.8
2004,"CZE",0,0,0,5,3.7,2.3,4.6
2005,"CZE",0,0,0,5,3.6,2.2,4.4
2006,"CZE",0,0,0,5,3.4,2.1,4.1
2007,"CZE",0,0,0,5,3.2,2,3.9
2008,"CZE",0,0,0,5,3,1.9,3.7
2009,"CZE",0,0,0,4,2.9,1.8,3.5
2010,"CZE",0,0,0,4,2.7,1.7,3.4
2011,"CZE",0,0,0,4,2.6,1.6,3.3
2012,"CZE",0,0,0,4,2.6,1.6,3.2
2013,"CZE",0,0,0,4,2.5,1.6,3.1
2014,"CZE",0,0,0,4,2.5,1.6,3.1
2015,"CZE",0,0,0,4,2.5,1.6,3.2
2016,"CZE",0,0,0,4,2.6,1.6,3.2
2017,"CZE",0,0,0,3,2.6,1.6,3.2
2018,"CZE",0,0,0,NA,2.5,1.6,3.1
2019,"CZE",0,0,0,NA,2.4,1.6,3
2000,"DEU",0,0,0,7,4.4,2.8,5.4
2001,"DEU",0,0,0,7,4.3,2.7,5.2
2002,"DEU",0,0,0,7,4.2,2.7,5.1
2003,"DEU",0,0,0,6,4.1,2.7,5
2004,"DEU",0,1,0,6,4,2.6,4.9
2005,"DEU",0,0,0,6,3.9,2.6,4.7
2006,"DEU",0,0,0,6,3.8,2.6,4.6
2007,"DEU",0,0,0,6,3.7,2.5,4.5
2008,"DEU",0,0,0,6,3.6,2.4,4.4
2009,"DEU",0,0,0,6,3.5,2.4,4.3
2010,"DEU",0,0,0,6,3.5,2.3,4.2
2011,"DEU",0,0,0,6,3.4,2.3,4.1
2012,"DEU",0,0,0,5,3.4,2.3,4
2013,"DEU",0,0,0,5,3.3,2.3,4
2014,"DEU",0,0,0,5,3.3,2.3,4
2015,"DEU",0,0,0,5,3.3,2.3,3.9
2016,"DEU",0,0,0,5,3.3,2.3,3.9
2017,"DEU",0,0,0,7,3.3,2.3,3.9
2018,"DEU",0,0,0,NA,3.2,2.3,3.8
2019,"DEU",0,0,0,NA,3.2,2.3,3.7
2000,"DJI",1,0,0,507,79.9,43.9,101
2001,"DJI",0,0,0,490,78.2,43.4,98.6
2002,"DJI",0,0,0,470,76.5,42.7,96.1
2003,"DJI",0,0,0,449,74.7,42.1,93.6
2004,"DJI",0,0,0,426,72.9,41.6,91.1
2005,"DJI",0,0,1,393,71.2,40.9,88.7
2006,"DJI",0,0,0,361,69.4,40.3,86.1
2007,"DJI",0,0,1,335,67.6,39.7,83.6
2008,"DJI",0,0,1,320,65.9,39,81.2
2009,"DJI",1,0,0,299,64.2,38.4,78.8
2010,"DJI",0,0,1,283,62.5,37.6,76.6
2011,"DJI",0,0,0,272,60.9,37,74.4
2012,"DJI",0,0,0,262,59.3,36.3,72.2
2013,"DJI",0,0,0,256,57.8,35.4,70.1
2014,"DJI",0,0,0,256,56.2,34.7,68
2015,"DJI",0,0,0,247,54.6,34,65.8
2016,"DJI",0,0,0,246,53.1,33.2,63.8
2017,"DJI",0,0,0,248,51.6,32.5,61.8
2018,"DJI",0,0,0,NA,50.1,31.8,59.7
2019,"DJI",0,0,0,NA,48.6,31.1,57.8
2000,"DMA",0,0,0,NA,14.1,12.9,16.9
2001,"DMA",0,0,0,NA,14.5,13.3,17.3
2002,"DMA",0,0,0,NA,14.9,13.8,17.8
2003,"DMA",0,0,0,NA,15.5,14.4,18.4
2004,"DMA",0,1,0,NA,16.1,14.9,19
2005,"DMA",0,0,0,NA,16.8,15.6,19.7
2006,"DMA",0,0,0,NA,17.5,16.2,20.5
2007,"DMA",0,0,0,NA,18.3,17,21.4
2008,"DMA",0,0,0,NA,19.2,17.8,22.3
2009,"DMA",0,0,0,NA,20.2,18.7,23.4
2010,"DMA",0,0,0,NA,21.3,19.6,24.6
2011,"DMA",0,0,0,NA,22.5,20.7,25.8
2012,"DMA",0,0,0,NA,23.7,21.7,27.1
2013,"DMA",0,0,0,NA,25,22.8,28.4
2014,"DMA",0,0,0,NA,26.2,23.9,29.8
2015,"DMA",0,0,0,NA,27.5,25,31.1
2016,"DMA",0,0,0,NA,28.7,26.1,32.4
2017,"DMA",0,0,0,NA,29.7,27.2,33.5
2018,"DMA",0,0,0,NA,30.6,28.3,34.4
2019,"DMA",0,0,0,NA,31.2,29.2,35
2000,"DNK",0,0,0,8,4.7,3.5,5.7
2001,"DNK",0,0,0,8,4.7,3.4,5.6
2002,"DNK",0,0,0,8,4.6,3.2,5.5
2003,"DNK",0,0,0,7,4.5,3.2,5.4
2004,"DNK",0,0,0,7,4.3,3.1,5.2
2005,"DNK",0,0,0,6,4.2,3.1,5
2006,"DNK",0,0,0,6,4,3,4.8
2007,"DNK",0,0,0,6,3.8,2.9,4.5
2008,"DNK",0,0,0,6,3.7,2.8,4.4
2009,"DNK",0,0,0,6,3.6,2.8,4.2
2010,"DNK",0,0,0,5,3.5,2.8,4.1
2011,"DNK",0,0,0,5,3.4,2.9,4.1
2012,"DNK",0,0,0,5,3.5,3,4.1
2013,"DNK",0,0,0,4,3.5,3,4.1
2014,"DNK",0,0,0,4,3.5,3,4.1
2015,"DNK",0,0,0,4,3.5,3,4.1
2016,"DNK",0,0,0,4,3.5,2.9,4.1
2017,"DNK",0,0,0,4,3.4,2.8,4
2018,"DNK",0,0,0,NA,3.3,2.7,3.9
2019,"DNK",0,0,0,NA,3.2,2.6,3.7
2000,"DOM",0,0,0,80,32.4,23.3,40
2001,"DOM",0,0,0,75,31.7,23.2,39
2002,"DOM",0,0,0,75,31.1,23.1,38.1
2003,"DOM",0,1,0,76,30.6,23.1,37.4
2004,"DOM",0,0,0,81,30.1,23.2,36.9
2005,"DOM",0,0,0,83,29.8,23.4,36.4
2006,"DOM",0,0,0,86,29.5,23.6,36
2007,"DOM",0,0,0,90,29.3,23.8,35.7
2008,"DOM",0,0,0,92,29.1,24,35.5
2009,"DOM",0,0,0,95,29,24.1,35.3
2010,"DOM",0,0,0,96,28.9,24.2,35.1
2011,"DOM",0,0,0,95,28.8,24.3,35
2012,"DOM",0,0,0,94,28.8,24.3,35
2013,"DOM",0,0,0,94,28.8,24.3,35
2014,"DOM",0,0,0,94,28.8,24.4,35
2015,"DOM",0,0,0,94,28.8,24.4,35
2016,"DOM",0,0,0,94,28.8,24.5,35
2017,"DOM",0,0,0,95,28.7,24.4,34.9
2018,"DOM",0,0,0,NA,28.6,24.2,34.8
2019,"DOM",0,0,0,NA,28.3,23.9,34.4
2000,"DZA",1,0,0,161,33.9,21.1,39.7
2001,"DZA",1,0,0,155,33.3,21.1,38.9
2002,"DZA",1,0,0,148,32.4,20.9,37.8
2003,"DZA",1,1,0,145,31.3,20.8,36.5
2004,"DZA",1,1,0,134,30.1,20.4,35.1
2005,"DZA",1,0,0,127,28.8,20.1,33.6
2006,"DZA",1,1,0,122,27.6,19.8,32.1
2007,"DZA",1,0,0,119,26.4,19.4,30.7
2008,"DZA",1,0,0,117,25.3,18.9,29.5
2009,"DZA",1,0,0,117,24.4,18.2,28.4
2010,"DZA",1,0,0,115,23.6,17.5,27.4
2011,"DZA",1,0,0,116,22.9,17.1,26.7
2012,"DZA",1,0,0,116,22.5,16.9,26.2
2013,"DZA",1,0,0,115,22.1,16.4,25.8
2014,"DZA",1,1,0,114,21.9,15.7,25.5
2015,"DZA",1,0,0,114,21.6,15.1,25.2
2016,"DZA",1,0,0,113,21.3,15.1,24.8
2017,"DZA",1,0,0,112,20.9,15.6,24.3
2018,"DZA",1,0,0,NA,20.4,16,23.8
2019,"DZA",1,0,0,NA,20,16.3,23.3
2000,"ECU",0,0,0,122,24.7,14.1,29.5
2001,"ECU",0,0,0,117,23.4,13.4,28
2002,"ECU",0,0,0,110,22.4,12.7,26.6
2003,"ECU",0,0,0,100,21.5,12.1,25.4
2004,"ECU",1,0,0,94,20.7,11.6,24.4
2005,"ECU",0,0,0,94,19.9,11.1,23.5
2006,"ECU",0,0,0,90,19.2,10.6,22.6
2007,"ECU",0,0,0,85,18.5,10.2,21.7
2008,"ECU",0,0,0,82,17.7,9.7,20.8
2009,"ECU",1,0,1,80,17,9.3,19.9
2010,"ECU",0,0,0,78,16.3,8.9,19
2011,"ECU",0,0,0,76,15.6,8.5,18.1
2012,"ECU",0,0,0,71,14.9,8.1,17.3
2013,"ECU",0,0,1,67,14.3,7.8,16.6
2014,"ECU",0,1,0,65,13.7,7.5,15.9
2015,"ECU",0,0,0,63,13.2,7.3,15.4
2016,"ECU",0,1,0,61,12.8,7.1,14.8
2017,"ECU",0,0,0,59,12.4,6.9,14.4
2018,"ECU",0,0,0,NA,12,6.9,13.9
2019,"ECU",0,1,0,NA,11.6,6.8,13.4
2000,"EGY",0,0,0,64,37.1,22.4,46.6
2001,"EGY",0,0,0,63,35.2,21.7,43.9
2002,"EGY",0,1,0,60,33.5,21,41.5
2003,"EGY",0,0,0,57,32,20.3,39.4
2004,"EGY",0,0,0,54,30.6,19.7,37.5
2005,"EGY",1,0,0,52,29.3,19,35.7
2006,"EGY",1,0,0,50,28.2,18.2,34.2
2007,"EGY",0,0,0,47,27.1,17.5,32.7
2008,"EGY",0,0,0,45,26,16.7,31.3
2009,"EGY",0,0,0,45,25,16,29.9
2010,"EGY",0,0,0,45,24,15.2,28.7
2011,"EGY",0,0,0,42,23.1,14.6,27.5
2012,"EGY",1,0,0,42,22.2,13.9,26.3
2013,"EGY",1,0,0,40,21.3,13.4,25.3
2014,"EGY",1,0,0,39,20.5,12.8,24.3
2015,"EGY",1,0,0,39,19.8,12.3,23.3
2016,"EGY",1,0,0,38,19.1,11.9,22.5
2017,"EGY",1,0,0,37,18.5,11.5,21.7
2018,"EGY",1,0,0,NA,17.8,11.1,20.9
2019,"EGY",1,0,0,NA,17.2,10.7,20.1
2000,"ERI",1,0,0,1280,56.1,27,85.2
2001,"ERI",1,0,0,1180,53.8,26.5,81.1
2002,"ERI",0,0,0,1130,51.6,26.1,77.3
2003,"ERI",0,0,0,1060,49.6,25.6,73.8
2004,"ERI",1,0,0,938,47.8,25.2,70.5
2005,"ERI",0,0,0,804,46.1,24.7,67.5
2006,"ERI",0,0,0,705,44.5,24.2,64.6
2007,"ERI",0,0,0,635,43,23.7,61.9
2008,"ERI",0,0,1,605,41.5,23.2,59.4
2009,"ERI",0,0,0,583,40.2,22.6,57.1
2010,"ERI",0,0,0,567,39,22.1,55.1
2011,"ERI",0,0,0,558,37.9,21.5,53.1
2012,"ERI",0,0,0,549,36.8,21.1,51.2
2013,"ERI",0,0,0,540,35.8,20.6,49.5
2014,"ERI",0,0,0,530,34.9,20.2,47.9
2015,"ERI",0,0,0,518,34,19.7,46.3
2016,"ERI",0,0,0,498,33.1,19.3,44.8
2017,"ERI",1,0,0,480,32.2,18.9,43.3
2018,"ERI",0,0,0,NA,31.3,18.5,41.9
2019,"ERI",0,0,0,NA,30.5,18.1,40.6
2000,"ESP",0,0,0,5,4.4,2.8,5.4
2001,"ESP",0,0,0,5,4.3,2.7,5.3
2002,"ESP",0,0,0,5,4.2,2.7,5.1
2003,"ESP",0,0,0,5,4.1,2.6,5
2004,"ESP",0,0,0,5,3.9,2.5,4.9
2005,"ESP",1,0,0,5,3.8,2.4,4.7
2006,"ESP",0,0,0,4,3.7,2.3,4.5
2007,"ESP",0,0,0,4,3.6,2.2,4.4
2008,"ESP",0,0,0,4,3.4,2.2,4.2
2009,"ESP",0,0,0,4,3.3,2.1,4
2010,"ESP",0,0,0,4,3.1,2.1,3.8
2011,"ESP",0,1,0,4,3,2.1,3.7
2012,"ESP",0,0,0,4,2.9,2.1,3.6
2013,"ESP",0,0,0,4,2.8,2,3.5
2014,"ESP",0,0,0,4,2.8,2,3.4
2015,"ESP",0,0,0,4,2.7,1.9,3.3
2016,"ESP",0,0,0,4,2.7,1.9,3.3
2017,"ESP",0,0,0,4,2.7,1.9,3.3
2018,"ESP",0,0,0,NA,2.7,1.8,3.3
2019,"ESP",0,0,0,NA,2.7,1.8,3.3
2000,"EST",0,0,0,29,8.7,5.3,10.9
2001,"EST",0,0,0,27,8,4.8,10.1
2002,"EST",0,0,0,25,7.3,4.4,9.3
2003,"EST",0,0,0,20,6.7,4,8.5
2004,"EST",0,0,0,18,6.2,3.7,7.8
2005,"EST",0,0,0,18,5.7,3.4,7.2
2006,"EST",0,0,0,16,5.2,3.1,6.6
2007,"EST",0,0,0,17,4.7,2.8,6
2008,"EST",0,0,0,14,4.3,2.5,5.5
2009,"EST",0,0,0,14,4,2.3,5
2010,"EST",0,0,0,11,3.6,2.1,4.6
2011,"EST",0,0,0,13,3.3,1.9,4.2
2012,"EST",0,0,0,12,3,1.7,3.9
2013,"EST",0,0,0,10,2.8,1.6,3.6
2014,"EST",0,0,0,11,2.6,1.5,3.3
2015,"EST",0,0,0,10,2.4,1.4,3.1
2016,"EST",0,0,0,11,2.2,1.3,2.8
2017,"EST",0,0,0,9,2.1,1.2,2.6
2018,"EST",0,0,0,NA,1.9,1.1,2.4
2019,"EST",0,0,0,NA,1.8,1,2.3
2000,"ETH",1,0,0,1030,87.2,48.6,140.7
2001,"ETH",1,0,0,988,83.8,47.8,134.6
2002,"ETH",1,0,0,985,80.3,46.8,128.3
2003,"ETH",1,0,1,972,76.7,45.8,121.8
2004,"ETH",1,0,0,929,73.1,44.8,115.3
2005,"ETH",1,0,1,865,69.5,43.7,108.9
2006,"ETH",1,0,0,795,66.1,42.6,102.8
2007,"ETH",1,0,0,731,62.8,41.4,97
2008,"ETH",1,0,1,681,59.8,40.2,91.6
2009,"ETH",1,0,1,638,57,39.1,86.7
2010,"ETH",1,0,1,597,54.3,37.9,82
2011,"ETH",1,0,1,558,51.9,36.7,77.7
2012,"ETH",1,0,0,527,49.5,35.5,73.5
2013,"ETH",1,0,0,498,47.3,34.3,69.6
2014,"ETH",1,0,0,472,45.2,33.1,65.9
2015,"ETH",1,0,1,446,43.2,31.9,62.4
2016,"ETH",1,0,0,422,41.3,30.7,59
2017,"ETH",1,0,0,401,39.5,29.7,55.9
2018,"ETH",1,0,0,NA,38,28.7,53.2
2019,"ETH",1,0,0,NA,36.6,27.8,50.8
2000,"FIN",0,0,0,6,3.5,2.5,4.3
2001,"FIN",0,0,0,5,3.4,2.4,4.2
2002,"FIN",0,0,0,5,3.3,2.3,4.1
2003,"FIN",0,0,0,5,3.3,2.2,4
2004,"FIN",0,0,0,5,3.2,2.1,3.9
2005,"FIN",0,0,0,5,3.1,2.1,3.7
2006,"FIN",0,0,0,4,3,2,3.6
2007,"FIN",0,0,0,4,2.8,1.9,3.5
2008,"FIN",0,0,0,4,2.7,1.8,3.3
2009,"FIN",0,0,0,4,2.6,1.8,3.2
2010,"FIN",0,0,0,4,2.5,1.7,3
2011,"FIN",0,0,0,4,2.4,1.6,2.9
2012,"FIN",0,0,0,4,2.3,1.5,2.8
2013,"FIN",0,0,0,4,2.2,1.4,2.7
2014,"FIN",0,0,0,3,2.1,1.4,2.6
2015,"FIN",0,0,0,3,2,1.4,2.5
2016,"FIN",0,0,0,3,2,1.4,2.4
2017,"FIN",0,0,0,3,2,1.4,2.4
2018,"FIN",0,0,0,NA,1.9,1.4,2.4
2019,"FIN",0,0,0,NA,1.9,1.4,2.3
2000,"FJI",0,0,0,51,19.1,10.1,22.4
2001,"FJI",0,0,0,49,19,10.2,22.3
2002,"FJI",0,0,0,48,19,10.5,22.4
2003,"FJI",0,0,0,48,19.2,11,22.5
2004,"FJI",0,0,0,47,19.4,11.4,22.8
2005,"FJI",0,0,0,46,19.7,11.6,23.1
2006,"FJI",0,0,0,44,19.9,11.5,23.4
2007,"FJI",0,0,0,43,20.1,11,23.7
2008,"FJI",0,0,0,42,20.2,10.3,23.8
2009,"FJI",0,0,0,40,20.1,9.7,23.7
2010,"FJI",0,0,0,39,20,9.3,23.6
2011,"FJI",0,0,0,38,20,9,23.6
2012,"FJI",0,0,0,38,20,9,23.5
2013,"FJI",0,0,0,37,20.1,9.1,23.7
2014,"FJI",0,0,0,36,20.3,9.4,23.9
2015,"FJI",0,0,1,35,20.6,9.8,24.4
2016,"FJI",0,0,0,34,21.1,10.2,24.9
2017,"FJI",0,0,0,34,21.5,10.6,25.5
2018,"FJI",0,0,0,NA,22.1,11,26.2
2019,"FJI",0,0,0,NA,22.6,11.4,26.9
2000,"FRA",0,0,0,10,4.1,2.8,5.4
2001,"FRA",0,0,0,10,3.9,2.7,5.3
2002,"FRA",0,0,0,10,3.7,2.7,5.1
2003,"FRA",0,0,0,9,3.6,2.6,4.9
2004,"FRA",0,0,0,9,3.4,2.5,4.8
2005,"FRA",0,0,0,9,3.3,2.4,4.6
2006,"FRA",0,0,0,9,3.3,2.4,4.5
2007,"FRA",0,0,0,9,3.2,2.4,4.4
2008,"FRA",0,0,0,9,3.2,2.4,4.4
2009,"FRA",0,0,0,9,3.1,2.4,4.3
2010,"FRA",0,0,0,9,3.1,2.3,4.2
2011,"FRA",0,0,0,9,3.1,2.3,4.2
2012,"FRA",0,0,0,9,3.1,2.3,4.1
2013,"FRA",0,0,0,9,3.1,2.3,4.1
2014,"FRA",0,0,0,8,3.1,2.4,4.1
2015,"FRA",0,0,0,8,3.2,2.4,4.2
2016,"FRA",1,0,0,8,3.2,2.5,4.2
2017,"FRA",1,0,0,8,3.3,2.6,4.3
2018,"FRA",0,0,0,NA,3.4,2.6,4.3
2019,"FRA",0,1,0,NA,3.4,2.6,4.3
2000,"FSM",0,0,0,154,30.8,20,37.8
2001,"FSM",0,0,0,150,30,19.6,36.7
2002,"FSM",0,0,0,163,29.4,19.2,35.9
2003,"FSM",0,0,0,141,29,18.8,35.2
2004,"FSM",0,0,0,137,28.7,18.6,34.8
2005,"FSM",0,0,0,133,28.6,18.5,34.7
2006,"FSM",0,0,0,128,28.5,18.4,34.6
2007,"FSM",0,0,0,123,28.4,18.3,34.5
2008,"FSM",0,0,0,118,28.2,18.2,34.2
2009,"FSM",0,0,0,114,27.8,17.9,33.7
2010,"FSM",0,0,0,110,27.4,17.5,33.1
2011,"FSM",0,0,0,106,26.8,17.1,32.3
2012,"FSM",0,0,0,103,26.2,16.7,31.6
2013,"FSM",0,0,0,99,25.6,16.2,30.7
2014,"FSM",0,0,0,96,24.9,15.6,29.9
2015,"FSM",0,0,0,95,24.2,15.2,28.9
2016,"FSM",0,0,1,90,23.5,14.7,28
2017,"FSM",0,0,0,88,22.7,14.2,27
2018,"FSM",0,0,0,NA,22.1,13.7,26.2
2019,"FSM",0,0,0,NA,21.5,13.3,25.4
2000,"GAB",0,0,0,380,53.3,26.9,82.9
2001,"GAB",0,0,0,370,52.3,26.6,81.4
2002,"GAB",0,0,0,361,51.2,26.3,79.6
2003,"GAB",0,0,0,356,50.2,26,77.8
2004,"GAB",0,0,0,354,49,25.7,75.8
2005,"GAB",0,0,0,348,47.7,25.4,73.6
2006,"GAB",0,0,0,340,46.6,25.1,71.6
2007,"GAB",0,0,0,336,45.2,24.8,69.2
2008,"GAB",0,0,0,332,43.9,24.5,66.7
2009,"GAB",0,0,0,324,42.9,24.2,64.2
2010,"GAB",0,0,0,314,41.6,23.8,61.7
2011,"GAB",0,0,0,304,40.4,23.5,59.3
2012,"GAB",0,0,0,292,39.1,23.1,57.1
2013,"GAB",0,0,0,277,37.9,22.7,54.9
2014,"GAB",0,0,0,267,37.2,22.2,52.8
2015,"GAB",0,0,0,261,36.1,21.8,50.3
2016,"GAB",0,0,0,256,34.6,21.3,47.4
2017,"GAB",0,0,0,252,33.7,20.9,45.5
2018,"GAB",0,0,0,NA,32.5,20.5,44.1
2019,"GAB",0,0,0,NA,31.5,20.1,43
2000,"GBR",0,0,0,10,5.6,3.8,6.5
2001,"GBR",0,0,0,11,5.5,3.7,6.4
2002,"GBR",0,0,0,11,5.4,3.6,6.3
2003,"GBR",0,0,0,11,5.3,3.6,6.2
2004,"GBR",0,0,0,11,5.2,3.5,6.1
2005,"GBR",0,0,0,11,5.1,3.5,6
2006,"GBR",1,0,0,11,5,3.4,5.9
2007,"GBR",0,1,0,11,4.9,3.3,5.8
2008,"GBR",0,0,0,11,4.8,3.2,5.6
2009,"GBR",0,0,0,10,4.6,3.1,5.4
2010,"GBR",0,0,0,10,4.4,3,5.2
2011,"GBR",0,0,0,9,4.3,3,5
2012,"GBR",0,0,0,8,4.1,2.9,4.8
2013,"GBR",0,0,0,8,4,2.8,4.7
2014,"GBR",0,0,0,8,3.9,2.7,4.5
2015,"GBR",0,0,0,8,3.8,2.7,4.5
2016,"GBR",0,0,0,7,3.8,2.7,4.4
2017,"GBR",0,0,0,7,3.8,2.8,4.4
2018,"GBR",0,0,0,NA,3.7,2.8,4.3
2019,"GBR",0,0,0,NA,3.7,2.8,4.3
2000,"GEO",0,0,1,31,31.9,22.8,36.6
2001,"GEO",0,0,0,33,29.9,21.7,34.1
2002,"GEO",0,1,0,42,27.7,20.3,31.5
2003,"GEO",0,0,0,37,25.5,18.9,28.8
2004,"GEO",0,0,0,38,23.2,17.4,26.2
2005,"GEO",1,0,0,39,21,15.9,23.6
2006,"GEO",0,0,0,33,19,14.5,21.3
2007,"GEO",0,0,0,36,17.1,13.2,19.1
2008,"GEO",0,0,0,39,15.4,12,17.2
2009,"GEO",1,1,0,43,13.9,11,15.6
2010,"GEO",0,0,0,32,12.7,10.1,14.2
2011,"GEO",0,0,0,32,11.6,9.3,13
2012,"GEO",0,0,0,30,10.8,8.6,12.1
2013,"GEO",0,0,0,30,10.2,8,11.4
2014,"GEO",0,0,0,29,9.7,7.3,10.9
2015,"GEO",0,0,0,27,9.4,6.7,10.5
2016,"GEO",0,0,0,26,9.1,6.2,10.2
2017,"GEO",0,0,0,25,8.8,5.8,9.9
2018,"GEO",0,0,0,NA,8.7,5.4,9.7
2019,"GEO",0,0,0,NA,8.4,5.2,9.5
2000,"GHA",0,0,0,484,64.3,35.8,99.7
2001,"GHA",1,0,0,445,62.1,34.9,95.7
2002,"GHA",1,0,0,415,59.9,34.2,91.9
2003,"GHA",1,0,0,398,58,33.5,88.5
2004,"GHA",0,0,0,384,56.4,33,85.6
2005,"GHA",0,0,0,371,54.9,32.6,83
2006,"GHA",0,0,0,359,53.5,32.2,80.6
2007,"GHA",0,0,0,349,52.1,31.7,78
2008,"GHA",0,0,0,342,50.5,31.2,75.3
2009,"GHA",1,0,0,339,48.8,30.5,72.3
2010,"GHA",0,0,0,339,47,29.8,69.1
2011,"GHA",0,0,0,339,45.2,29,65.9
2012,"GHA",0,0,0,336,43.4,28.2,62.7
2013,"GHA",0,0,0,331,41.8,27.5,59.8
2014,"GHA",0,0,0,325,40.2,26.8,57.1
2015,"GHA",0,0,0,320,38.8,26,54.6
2016,"GHA",0,0,0,314,37.4,25.4,52.2
2017,"GHA",0,0,0,308,36.2,24.7,50.1
2018,"GHA",0,0,0,NA,35,24.1,48.1
2019,"GHA",0,0,0,NA,34,23.5,46.4
2000,"GIN",0,0,0,1020,99.9,45.5,164.2
2001,"GIN",1,0,0,1070,96.2,43.4,157.4
2002,"GIN",1,0,0,1090,92.7,41.9,150.9
2003,"GIN",0,0,0,1080,89.5,40.7,144.9
2004,"GIN",0,0,0,1020,86.5,39.6,139.5
2005,"GIN",0,0,0,920,83.9,38.5,134.7
2006,"GIN",0,0,0,831,81.5,37.4,130.4
2007,"GIN",0,0,0,772,79.4,36.5,126.6
2008,"GIN",1,0,0,754,77.6,35.8,123.3
2009,"GIN",0,0,0,750,75.9,35.3,120.3
2010,"GIN",1,0,0,747,74.4,34.7,117.7
2011,"GIN",0,0,0,748,73.1,34.2,115.3
2012,"GIN",1,0,0,744,71.8,33.6,113
2013,"GIN",0,0,0,731,70.5,33,110.7
2014,"GIN",1,0,0,767,69.5,32.4,109.2
2015,"GIN",0,0,0,699,68.4,31.9,107.3
2016,"GIN",0,0,0,621,67.1,31.4,104.6
2017,"GIN",0,0,0,576,66,31.1,102.6
2018,"GIN",0,0,0,NA,64.7,30.7,100.4
2019,"GIN",0,0,0,NA,63.4,30.3,98
2000,"GMB",0,0,0,932,61.6,40.6,113.4
2001,"GMB",0,0,0,905,59.8,39.8,108.7
2002,"GMB",0,0,1,876,58.1,39.1,104.2
2003,"GMB",0,0,0,843,56.4,38.4,99.8
2004,"GMB",0,0,0,802,54.7,37.7,95.6
2005,"GMB",0,0,0,756,53.1,37,91.5
2006,"GMB",0,0,0,716,51.5,36.3,87.6
2007,"GMB",0,0,0,690,50,35.5,83.8
2008,"GMB",0,0,0,675,48.6,34.7,80.3
2009,"GMB",0,0,0,668,47.1,33.9,76.8
2010,"GMB",0,0,0,661,45.8,33.1,73.6
2011,"GMB",0,0,0,656,44.5,32.4,70.6
2012,"GMB",0,0,1,650,43.2,31.7,67.7
2013,"GMB",0,0,0,644,42,30.9,65
2014,"GMB",0,0,0,637,40.9,30.1,62.4
2015,"GMB",0,0,1,625,39.7,29.4,59.8
2016,"GMB",0,0,0,611,38.6,28.5,57.4
2017,"GMB",0,0,0,597,37.5,27.8,55.1
2018,"GMB",0,0,0,NA,36.5,27.1,53.1
2019,"GMB",0,0,0,NA,35.6,26.4,51.2
2000,"GNB",1,0,0,1210,105,55.3,173.8
2001,"GNB",0,0,0,1180,102.1,54.2,168.4
2002,"GNB",0,0,1,1150,99.1,53.3,162.8
2003,"GNB",0,0,0,1110,95.9,52.5,156.8
2004,"GNB",0,0,0,1050,92.6,51.7,150.7
2005,"GNB",0,0,0,979,89.2,50.9,144.5
2006,"GNB",0,0,1,912,85.9,49.8,138.3
2007,"GNB",0,0,0,860,82.5,48.7,132.2
2008,"GNB",0,0,0,827,79.1,47.5,126.1
2009,"GNB",0,0,0,800,75.9,46.2,120.2
2010,"GNB",0,0,0,779,72.6,44.8,114.5
2011,"GNB",0,0,0,762,69.6,43.6,109.1
2012,"GNB",0,0,0,744,66.8,42.3,104.2
2013,"GNB",0,0,0,726,64.3,41.2,99.7
2014,"GNB",0,0,0,711,62.1,40.2,95.7
2015,"GNB",0,0,0,694,60,39.2,92.1
2016,"GNB",0,0,0,679,58.1,38.4,88.7
2017,"GNB",0,0,0,667,56.3,37.5,85.5
2018,"GNB",0,0,0,NA,54.6,36.7,82.5
2019,"GNB",0,0,0,NA,53,35.9,79.6
2000,"GNQ",0,0,0,454,107.1,44.3,155.7
2001,"GNQ",0,0,0,421,104.4,43.7,151.4
2002,"GNQ",0,0,0,392,101.7,42.9,147.1
2003,"GNQ",0,0,0,370,99,42.1,142.8
2004,"GNQ",0,0,0,357,96.1,41.2,138.2
2005,"GNQ",0,0,0,344,93.2,40.2,133.5
2006,"GNQ",0,0,0,331,90.3,39.1,129
2007,"GNQ",0,0,0,322,87.4,37.9,124.4
2008,"GNQ",0,0,0,314,84.5,36.9,119.7
2009,"GNQ",0,0,0,310,81.7,35.9,115.3
2010,"GNQ",0,0,0,308,79.1,35.1,111.2
2011,"GNQ",0,0,0,308,76.7,34.3,107.4
2012,"GNQ",0,0,0,305,74.3,33.7,103.6
2013,"GNQ",0,0,0,300,72.1,33,100.2
2014,"GNQ",0,0,0,295,69.9,32.5,96.8
2015,"GNQ",0,0,0,296,67.6,31.8,93.2
2016,"GNQ",0,0,0,301,65.6,31.2,90
2017,"GNQ",0,0,0,301,63.6,30.5,86.9
2018,"GNQ",0,0,0,NA,61.7,29.9,83.9
2019,"GNQ",0,0,0,NA,60,29.2,81.2
2000,"GRC",0,1,0,3,5.6,3.9,6.4
2001,"GRC",0,1,0,3,5.2,3.6,6
2002,"GRC",0,1,0,3,4.9,3.3,5.6
2003,"GRC",0,1,0,3,4.6,3,5.2
2004,"GRC",0,0,0,3,4.3,2.7,4.9
2005,"GRC",0,0,0,3,4,2.5,4.6
2006,"GRC",0,0,0,3,3.8,2.4,4.3
2007,"GRC",0,0,0,3,3.6,2.2,4.1
2008,"GRC",0,1,0,3,3.5,2.1,4
2009,"GRC",0,0,0,3,3.4,2.1,3.9
2010,"GRC",0,0,0,3,3.4,2.1,3.9
2011,"GRC",0,0,0,3,3.5,2.2,4
2012,"GRC",0,0,0,3,3.5,2.3,4
2013,"GRC",0,0,0,3,3.6,2.4,4.1
2014,"GRC",0,1,0,3,3.7,2.6,4.3
2015,"GRC",0,0,0,3,3.8,2.6,4.4
2016,"GRC",0,0,0,3,3.9,2.6,4.4
2017,"GRC",0,1,0,3,3.8,2.6,4.3
2018,"GRC",0,0,0,NA,3.7,2.5,4.2
2019,"GRC",0,0,0,NA,3.7,2.5,4.2
2000,"GRD",0,0,0,38,12.9,8,15.5
2001,"GRD",0,0,0,36,12.8,8,15.2
2002,"GRD",0,0,0,34,12.6,8,15
2003,"GRD",0,0,0,34,12.5,8,14.8
2004,"GRD",0,0,0,38,12.5,8,14.7
2005,"GRD",0,0,0,33,12.4,8,14.6
2006,"GRD",0,0,0,31,12.5,8,14.6
2007,"GRD",0,0,0,31,12.5,8.1,14.6
2008,"GRD",0,0,0,30,12.7,8.3,14.7
2009,"GRD",0,0,0,30,12.8,8.6,14.9
2010,"GRD",0,0,1,29,13,8.9,15.1
2011,"GRD",0,0,0,28,13.3,9.3,15.3
2012,"GRD",0,0,0,28,13.5,9.7,15.5
2013,"GRD",0,0,0,27,13.8,10.1,15.8
2014,"GRD",0,0,0,26,14,10.5,16
2015,"GRD",0,0,0,25,14.3,10.7,16.2
2016,"GRD",0,0,0,25,14.5,10.9,16.4
2017,"GRD",0,0,0,25,14.6,11.1,16.6
2018,"GRD",0,0,0,NA,14.7,11.1,16.6
2019,"GRD",0,0,0,NA,14.7,11.1,16.5
2000,"GTM",0,0,0,161,41,21.3,52.1
2001,"GTM",0,1,1,147,39.5,20.7,50.1
2002,"GTM",0,0,0,145,38.1,20.2,48.1
2003,"GTM",0,0,0,137,36.8,19.7,46.2
2004,"GTM",0,0,0,137,35.6,19.1,44.4
2005,"GTM",0,0,0,142,34.3,18.6,42.7
2006,"GTM",1,0,0,137,33.1,18.2,41
2007,"GTM",0,0,0,132,32,17.7,39.4
2008,"GTM",0,0,0,125,30.8,17.3,37.8
2009,"GTM",1,0,1,131,29.7,16.8,36.3
2010,"GTM",0,0,0,129,28.6,16.2,34.8
2011,"GTM",0,1,0,122,27.6,15.6,33.4
2012,"GTM",1,1,1,118,26.5,15,32
2013,"GTM",0,1,0,113,25.6,14.4,30.7
2014,"GTM",0,1,1,107,24.6,13.9,29.5
2015,"GTM",0,0,0,103,23.7,13.4,28.3
2016,"GTM",0,0,0,98,22.9,12.9,27.3
2017,"GTM",0,1,0,95,22.2,12.4,26.4
2018,"GTM",0,0,1,NA,21.4,12,25.4
2019,"GTM",0,0,0,NA,20.7,11.5,24.5
2000,"GUY",0,0,0,231,37,27,46.4
2001,"GUY",0,0,0,216,36.2,26.4,45.2
2002,"GUY",0,0,0,227,35.4,26,44.2
2003,"GUY",0,0,0,226,34.7,25.5,43.2
2004,"GUY",0,0,0,220,34,25.2,42.2
2005,"GUY",0,0,0,223,33.4,24.8,41.4
2006,"GUY",0,0,0,221,32.8,24.3,40.5
2007,"GUY",0,0,0,208,32.2,23.9,39.7
2008,"GUY",0,0,0,192,31.7,23.6,39
2009,"GUY",1,0,0,185,31.1,23.2,38.2
2010,"GUY",0,0,1,179,30.6,22.8,37.4
2011,"GUY",0,0,0,180,30,22.4,36.7
2012,"GUY",0,0,0,185,29.4,21.9,35.9
2013,"GUY",0,0,0,175,28.8,21.4,35
2014,"GUY",0,0,0,174,28.1,20.8,34.1
2015,"GUY",0,0,0,172,27.4,20.2,33.1
2016,"GUY",0,0,0,170,26.6,19.6,32.1
2017,"GUY",0,0,0,169,25.9,19.1,31.2
2018,"GUY",0,0,0,NA,25.2,18.4,30.2
2019,"GUY",0,0,0,NA,24.5,17.9,29.3
2000,"HND",0,0,1,85,30.3,17.7,37
2001,"HND",0,0,1,83,29,17.1,35.3
2002,"HND",0,0,1,80,27.8,16.6,33.7
2003,"HND",0,0,0,78,26.6,16.1,32.1
2004,"HND",1,0,1,77,25.5,15.6,30.6
2005,"HND",1,0,0,77,24.4,15.2,29.2
2006,"HND",0,0,0,77,23.4,14.7,27.9
2007,"HND",0,1,0,77,22.4,14.2,26.7
2008,"HND",0,0,0,76,21.5,13.7,25.5
2009,"HND",0,1,1,75,20.6,13.2,24.4
2010,"HND",0,0,0,74,19.8,12.7,23.3
2011,"HND",1,0,0,72,19.1,12.2,22.4
2012,"HND",0,0,1,70,18.4,11.7,21.5
2013,"HND",0,0,0,69,17.7,11.3,20.7
2014,"HND",0,0,1,68,17.1,10.9,20
2015,"HND",0,0,0,67,16.5,10.5,19.2
2016,"HND",0,0,0,65,16,10.1,18.6
2017,"HND",0,0,0,65,15.4,9.8,18
2018,"HND",0,0,1,NA,14.9,9.4,17.4
2019,"HND",0,0,0,NA,14.4,9.1,16.8
2000,"HRV",0,0,0,11,7.2,5.5,8.3
2001,"HRV",0,0,0,10,6.9,5.3,8
2002,"HRV",0,0,0,10,6.6,5,7.7
2003,"HRV",0,0,1,10,6.3,4.7,7.3
2004,"HRV",0,0,0,10,6.1,4.4,7
2005,"HRV",0,0,0,10,5.8,4.2,6.7
2006,"HRV",0,0,0,9,5.5,4,6.4
2007,"HRV",0,0,0,9,5.3,3.9,6.2
2008,"HRV",0,0,0,9,5.1,3.8,5.9
2009,"HRV",0,0,0,9,4.9,3.7,5.7
2010,"HRV",0,0,0,9,4.7,3.6,5.5
2011,"HRV",0,0,0,9,4.5,3.4,5.3
2012,"HRV",0,0,0,8,4.4,3.3,5.2
2013,"HRV",0,0,0,9,4.3,3.2,5.1
2014,"HRV",0,0,0,8,4.3,3.1,5
2015,"HRV",0,0,0,8,4.2,3.1,4.9
2016,"HRV",0,0,0,7,4.1,3,4.8
2017,"HRV",0,0,0,8,4.1,3,4.8
2018,"HRV",0,0,0,NA,4,3,4.7
2019,"HRV",0,0,0,NA,3.9,3,4.6
2000,"HTI",0,0,0,437,74.5,29.8,103.9
2001,"HTI",0,0,0,437,72.3,29.5,100.5
2002,"HTI",0,0,0,441,70.3,29.3,97.3
2003,"HTI",0,0,1,446,68.4,29.3,94.4
2004,"HTI",0,0,0,513,66.7,29.4,91.8
2005,"HTI",1,0,0,459,65.3,29.4,89.4
2006,"HTI",1,0,0,467,63.8,29.3,87.2
2007,"HTI",0,0,0,473,62.5,29.2,85.2
2008,"HTI",0,0,0,484,61.3,29,83.2
2009,"HTI",0,0,0,484,60,28.7,81.2
2010,"HTI",0,1,0,506,102.6,30.6,203.6
2011,"HTI",0,0,0,496,57.6,28.3,77.4
2012,"HTI",0,0,0,500,56.4,28.1,75.6
2013,"HTI",0,0,0,496,55.3,27.8,73.7
2014,"HTI",0,0,1,492,54.1,27.5,71.9
2015,"HTI",0,0,0,488,52.8,27.1,69.9
2016,"HTI",0,0,1,489,51.5,26.6,67.9
2017,"HTI",0,0,0,480,50.3,26.2,66
2018,"HTI",0,1,0,NA,49,25.7,64.1
2019,"HTI",1,0,0,NA,47.8,25.2,62.2
2000,"HUN",0,0,0,16,8.7,5.8,10.1
2001,"HUN",0,0,0,15,8.2,5.5,9.6
2002,"HUN",0,0,0,16,7.6,5.1,9
2003,"HUN",0,0,1,15,7.1,4.8,8.4
2004,"HUN",0,0,0,15,6.7,4.4,7.9
2005,"HUN",0,0,0,15,6.4,4.1,7.5
2006,"HUN",0,0,0,14,6.1,3.9,7.2
2007,"HUN",0,0,0,15,5.8,3.8,6.8
2008,"HUN",0,0,0,14,5.5,3.6,6.5
2009,"HUN",0,0,0,13,5.2,3.5,6.2
2010,"HUN",0,0,0,13,5.1,3.4,6
2011,"HUN",0,0,0,13,4.9,3.3,5.9
2012,"HUN",0,0,0,12,4.8,3.2,5.7
2013,"HUN",0,1,0,12,4.7,3,5.6
2014,"HUN",0,0,0,12,4.5,2.9,5.4
2015,"HUN",0,0,0,12,4.2,2.7,5.1
2016,"HUN",0,0,0,12,4,2.5,4.7
2017,"HUN",0,0,0,12,3.7,2.4,4.4
2018,"HUN",0,0,0,NA,3.5,2.3,4.2
2019,"HUN",0,0,0,NA,3.4,2.2,4.1
2000,"IDN",1,1,0,272,41,22.8,52.2
2001,"IDN",1,1,0,269,39.4,22.1,49.8
2002,"IDN",1,1,0,265,37.8,21.4,47.6
2003,"IDN",1,1,1,261,36.4,20.9,45.5
2004,"IDN",1,1,0,264,37.1,20.5,49.6
2005,"IDN",1,1,0,252,33.6,19.9,41.7
2006,"IDN",1,1,0,249,32.4,19.5,39.9
2007,"IDN",0,1,0,243,31.2,19.1,38.3
2008,"IDN",0,1,0,239,30,18.7,36.7
2009,"IDN",0,1,0,234,29,18.1,35.2
2010,"IDN",0,1,0,228,27.9,17.5,33.8
2011,"IDN",0,1,0,221,26.9,16.8,32.5
2012,"IDN",0,1,0,214,25.9,16.1,31.2
2013,"IDN",0,1,0,207,25,15.4,30
2014,"IDN",0,0,0,199,24.1,14.8,28.8
2015,"IDN",0,1,1,192,23.2,14.2,27.7
2016,"IDN",0,1,0,184,22.4,13.6,26.6
2017,"IDN",0,1,0,177,21.6,13.1,25.6
2018,"IDN",0,1,0,NA,20.8,12.6,24.6
2019,"IDN",1,1,0,NA,20.2,12.2,23.8
2000,"IND",1,0,1,370,66.7,44.7,91.7
2001,"IND",1,1,0,354,64.4,43.3,88.1
2002,"IND",1,1,1,336,62.1,41.9,84.5
2003,"IND",1,0,0,319,60,40.5,81.1
2004,"IND",1,1,0,303,57.8,39.1,77.8
2005,"IND",1,1,0,286,55.7,37.9,74.4
2006,"IND",1,0,0,270,53.6,36.6,71.1
2007,"IND",1,0,0,255,51.5,35.4,67.9
2008,"IND",1,0,0,240,49.4,34.3,64.6
2009,"IND",1,0,1,225,47.2,33.1,61.4
2010,"IND",1,0,0,210,45.1,31.8,58.2
2011,"IND",1,1,0,197,43,30.6,55
2012,"IND",1,0,0,185,40.9,29.4,52
2013,"IND",1,1,0,175,38.8,28.2,49
2014,"IND",1,0,0,166,36.9,27,46.2
2015,"IND",1,1,1,158,34.9,25.9,43.5
2016,"IND",1,1,0,150,33.1,24.8,41
2017,"IND",1,0,0,145,31.4,23.7,38.6
2018,"IND",1,0,1,NA,29.8,22.7,36.3
2019,"IND",1,0,0,NA,28.3,21.4,34.4
2000,"IRL",0,0,0,7,6,4,7.1
2001,"IRL",0,0,0,7,5.8,3.9,6.9
2002,"IRL",0,0,0,6,5.5,3.7,6.5
2003,"IRL",0,0,0,6,5.1,3.5,6
2004,"IRL",0,0,0,6,4.7,3.3,5.6
2005,"IRL",0,0,0,7,4.4,3,5.2
2006,"IRL",0,0,0,6,4.1,2.8,4.9
2007,"IRL",0,0,0,6,3.9,2.6,4.6
2008,"IRL",0,0,0,7,3.8,2.5,4.4
2009,"IRL",0,0,0,7,3.6,2.5,4.3
2010,"IRL",0,0,0,6,3.5,2.5,4.2
2011,"IRL",0,0,0,7,3.5,2.5,4.1
2012,"IRL",0,0,0,6,3.4,2.5,4
2013,"IRL",0,0,0,6,3.3,2.5,3.9
2014,"IRL",0,0,0,6,3.3,2.5,3.8
2015,"IRL",0,0,0,6,3.2,2.4,3.7
2016,"IRL",0,0,0,6,3.1,2.3,3.6
2017,"IRL",0,0,0,5,3,2.2,3.4
2018,"IRL",0,0,0,NA,2.8,2.2,3.3
2019,"IRL",0,0,0,NA,2.7,2.1,3.2
2000,"IRN",0,1,0,48,29.7,19.5,36.2
2001,"IRN",1,1,0,44,28.2,18.8,34.2
2002,"IRN",1,1,0,41,26.7,18.1,32.2
2003,"IRN",0,1,0,39,25.1,17.4,30.2
2004,"IRN",0,1,0,36,23.6,16.7,28.2
2005,"IRN",0,1,0,34,22.2,16,26.4
2006,"IRN",1,1,0,32,20.9,15.4,24.7
2007,"IRN",1,0,0,30,19.7,14.7,23.1
2008,"IRN",1,1,0,28,18.5,14,21.7
2009,"IRN",1,1,0,25,17.4,13.3,20.4
2010,"IRN",1,1,0,22,16.5,12.6,19.3
2011,"IRN",1,0,0,19,15.7,11.9,18.3
2012,"IRN",1,1,0,18,15,11.3,17.5
2013,"IRN",0,1,0,17,14.4,10.8,16.8
2014,"IRN",0,1,0,17,13.8,10.4,16.1
2015,"IRN",0,0,0,17,13.3,10,15.5
2016,"IRN",1,0,0,16,12.8,9.6,14.9
2017,"IRN",1,1,0,16,12.4,9.2,14.4
2018,"IRN",1,1,0,NA,11.9,8.9,13.9
2019,"IRN",1,1,0,NA,11.5,8.6,13.4
2000,"IRQ",1,0,0,79,35.6,23.9,44.5
2001,"IRQ",1,0,0,76,34.9,23.6,43.5
2002,"IRQ",1,0,0,74,34.3,23.3,42.6
2003,"IRQ",1,0,0,136,33.7,23,41.8
2004,"IRQ",1,0,0,122,33.1,22.6,40.9
2005,"IRQ",1,0,0,127,32.4,22.2,40
2006,"IRQ",1,0,0,158,31.8,21.8,39.1
2007,"IRQ",1,0,0,138,31.1,21.4,38.1
2008,"IRQ",1,0,0,90,30.3,21,37.1
2009,"IRQ",1,0,0,75,29.5,20.5,36
2010,"IRQ",1,0,0,70,28.7,19.9,34.9
2011,"IRQ",1,0,0,67,27.9,19.3,33.8
2012,"IRQ",1,0,0,66,27.1,18.7,32.8
2013,"IRQ",1,0,0,75,26.3,18.1,31.7
2014,"IRQ",1,0,0,92,25.5,17.5,30.7
2015,"IRQ",1,0,0,83,24.8,17,29.7
2016,"IRQ",1,0,0,78,24.1,16.4,28.8
2017,"IRQ",1,1,0,79,23.4,15.9,27.9
2018,"IRQ",1,0,0,NA,22.7,15.4,27
2019,"IRQ",1,0,0,NA,22,14.9,26.1
2000,"ISL",0,1,0,6,3.2,2.1,4.1
2001,"ISL",0,0,0,6,3.1,2,3.9
2002,"ISL",0,0,0,6,2.9,1.9,3.7
2003,"ISL",0,0,0,6,2.8,1.8,3.5
2004,"ISL",0,0,0,6,2.7,1.7,3.4
2005,"ISL",0,0,0,5,2.6,1.6,3.2
2006,"ISL",0,0,0,5,2.5,1.6,3.1
2007,"ISL",0,0,0,5,2.4,1.5,3
2008,"ISL",0,0,0,5,2.3,1.4,2.9
2009,"ISL",0,0,0,5,2.2,1.4,2.8
2010,"ISL",0,0,0,5,2.2,1.3,2.7
2011,"ISL",0,0,0,5,2.1,1.3,2.6
2012,"ISL",0,0,0,4,2,1.3,2.5
2013,"ISL",0,0,0,4,1.9,1.2,2.4
2014,"ISL",0,0,0,5,1.9,1.2,2.4
2015,"ISL",0,0,0,4,1.8,1.2,2.3
2016,"ISL",0,0,0,4,1.8,1.1,2.2
2017,"ISL",0,0,0,4,1.7,1.1,2.1
2018,"ISL",0,0,0,NA,1.6,1.1,2.1
2019,"ISL",0,0,0,NA,1.6,1,2
2000,"ITA",0,0,0,4,4.7,3.5,5.6
2001,"ITA",0,0,0,3,4.5,3.2,5.3
2002,"ITA",0,1,1,3,4.3,3.1,5
2003,"ITA",0,1,0,3,4.1,2.9,4.8
2004,"ITA",0,0,0,3,3.9,2.8,4.6
2005,"ITA",0,0,0,3,3.8,2.7,4.5
2006,"ITA",0,0,0,2,3.7,2.6,4.3
2007,"ITA",0,0,0,2,3.6,2.5,4.2
2008,"ITA",0,0,0,2,3.5,2.5,4.1
2009,"ITA",0,1,0,2,3.4,2.5,4.1
2010,"ITA",0,0,0,2,3.4,2.4,4
2011,"ITA",0,0,0,2,3.3,2.4,3.9
2012,"ITA",0,1,1,2,3.2,2.3,3.8
2013,"ITA",0,0,0,2,3.1,2.2,3.7
2014,"ITA",0,0,0,2,3,2.2,3.6
2015,"ITA",0,0,0,2,3,2.1,3.5
2016,"ITA",0,1,0,2,2.9,2.1,3.4
2017,"ITA",0,1,1,2,2.8,2,3.3
2018,"ITA",0,0,0,NA,2.7,1.9,3.2
2019,"ITA",0,0,0,NA,2.6,1.8,3
2000,"JAM",0,0,1,77,18.9,17,22.2
2001,"JAM",0,0,0,79,18.4,16.5,21.6
2002,"JAM",1,0,0,78,18,16.1,21.1
2003,"JAM",0,0,0,79,17.6,15.6,20.7
2004,"JAM",0,0,0,80,17.3,15.1,20.3
2005,"JAM",0,0,0,80,17,14.7,19.9
2006,"JAM",0,0,0,79,16.7,14.2,19.6
2007,"JAM",0,0,0,79,16.5,13.9,19.2
2008,"JAM",0,0,0,79,16.2,13.6,18.9
2009,"JAM",0,0,0,79,15.8,13.2,18.5
2010,"JAM",0,0,0,79,15.4,12.9,18
2011,"JAM",0,0,0,79,15.1,12.5,17.5
2012,"JAM",0,0,0,79,14.6,12.2,17
2013,"JAM",0,0,0,79,14.2,11.8,16.5
2014,"JAM",0,0,1,78,13.8,11.4,16
2015,"JAM",0,0,0,78,13.4,11,15.5
2016,"JAM",0,0,0,80,13,10.7,15.1
2017,"JAM",0,0,0,80,12.6,10.3,14.6
2018,"JAM",0,0,0,NA,12.2,10,14.2
2019,"JAM",0,0,0,NA,11.8,9.6,13.7
2000,"JOR",0,0,1,70,22.5,16,26.8
2001,"JOR",0,0,0,68,22,15.6,26.1
2002,"JOR",0,0,0,65,21.4,15.2,25.3
2003,"JOR",0,0,0,63,20.8,14.7,24.6
2004,"JOR",0,0,0,62,20.2,14.2,23.9
2005,"JOR",0,0,0,62,19.7,13.8,23.2
2006,"JOR",1,0,0,58,19.2,13.3,22.5
2007,"JOR",0,0,0,56,18.7,12.9,21.9
2008,"JOR",0,0,0,55,18.1,12.5,21.3
2009,"JOR",0,0,0,54,17.6,12.2,20.7
2010,"JOR",0,0,0,53,17.2,11.8,20.1
2011,"JOR",0,0,0,52,16.7,11.5,19.5
2012,"JOR",0,0,0,52,16.2,11.2,19
2013,"JOR",0,0,0,51,15.8,10.9,18.4
2014,"JOR",0,0,0,49,15.4,10.6,17.9
2015,"JOR",0,0,0,48,15,10.2,17.5
2016,"JOR",0,0,0,47,14.6,10,17
2017,"JOR",1,0,0,46,14.1,9.7,16.4
2018,"JOR",0,0,0,NA,13.7,9.4,16
2019,"JOR",0,0,0,NA,13.3,9.1,15.5
2000,"JPN",0,1,0,9,3.3,1.8,4.5
2001,"JPN",0,1,0,8,3.1,1.7,4.3
2002,"JPN",0,0,0,8,3,1.7,4.1
2003,"JPN",0,1,0,7,2.9,1.6,4
2004,"JPN",0,1,0,7,2.8,1.5,3.9
2005,"JPN",0,1,0,7,2.8,1.4,3.7
2006,"JPN",0,0,0,7,2.7,1.3,3.6
2007,"JPN",0,1,0,6,2.6,1.3,3.5
2008,"JPN",0,1,0,6,2.5,1.2,3.4
2009,"JPN",0,1,0,6,2.4,1.2,3.3
2010,"JPN",0,0,0,6,2.4,1.1,3.2
2011,"JPN",0,1,0,6,2.3,1,3.2
2012,"JPN",0,0,0,5,2.2,1,3
2013,"JPN",0,1,0,5,2.1,1,2.9
2014,"JPN",0,1,0,5,2.1,0.9,2.8
2015,"JPN",0,0,0,5,2,0.9,2.7
2016,"JPN",0,1,0,5,2,0.9,2.7
2017,"JPN",0,0,0,5,1.9,0.9,2.6
2018,"JPN",0,1,0,NA,1.9,0.9,2.6
2019,"JPN",0,1,0,NA,1.8,0.9,2.5
2000,"KAZ",0,0,0,61,36.7,23.9,42.5
2001,"KAZ",0,0,0,57,34.6,23.3,39.9
2002,"KAZ",0,0,0,52,32.6,22.7,37.5
2003,"KAZ",0,1,0,49,30.8,21.8,35.2
2004,"KAZ",0,0,0,46,29,20.8,33.1
2005,"KAZ",0,0,0,43,27.3,19.7,31
2006,"KAZ",0,0,0,40,25.6,18.5,29
2007,"KAZ",0,0,0,36,23.8,17,26.8
2008,"KAZ",0,0,0,30,21.9,15.3,24.7
2009,"KAZ",0,0,0,24,20,13.5,22.5
2010,"KAZ",0,0,0,22,18.2,11.8,20.4
2011,"KAZ",0,0,0,19,16.4,10.2,18.3
2012,"KAZ",0,0,0,17,14.6,8.6,16.3
2013,"KAZ",0,0,0,14,13,7.3,14.6
2014,"KAZ",0,0,0,13,11.6,6.2,13
2015,"KAZ",0,0,0,12,10.6,5.6,11.9
2016,"KAZ",0,0,0,10,9.8,5.1,11
2017,"KAZ",0,0,0,10,9.4,4.9,10.5
2018,"KAZ",0,0,0,NA,9.2,4.7,10.3
2019,"KAZ",0,0,0,NA,9,4.7,10.1
2000,"KEN",1,0,0,708,59.9,28.2,98.5
2001,"KEN",1,0,0,702,57.8,28,94.2
2002,"KEN",1,0,0,692,55.5,27.8,89.8
2003,"KEN",1,0,0,678,53.2,27.5,85.4
2004,"KEN",0,1,1,653,50.8,27.1,81
2005,"KEN",0,0,1,618,48,26.6,76.3
2006,"KEN",1,0,0,583,45.7,26.1,72
2007,"KEN",1,0,0,545,43.7,25.6,68
2008,"KEN",1,0,1,513,41.4,25.1,63.5
2009,"KEN",1,0,0,472,40.4,24.6,59.9
2010,"KEN",1,0,1,432,39.3,24.2,57.4
2011,"KEN",1,0,1,398,38.5,23.9,55.5
2012,"KEN",1,0,0,373,38.2,23.5,54.1
2013,"KEN",1,0,0,364,37.4,23.2,52.3
2014,"KEN",1,0,1,358,36.4,22.9,50.6
2015,"KEN",1,0,0,353,35.2,22.6,48.9
2016,"KEN",1,0,1,346,34.4,22.2,47.2
2017,"KEN",1,0,0,342,33.7,21.8,45.9
2018,"KEN",1,0,0,NA,32.7,21.4,44.3
2019,"KEN",1,0,1,NA,32,21,43
2000,"KGZ",0,0,0,79,42.5,20.6,49.8
2001,"KGZ",1,0,0,76,40.6,20.2,47.4
2002,"KGZ",0,0,0,83,38.8,20,45.2
2003,"KGZ",0,0,0,82,37.1,19.9,43.1
2004,"KGZ",0,0,0,79,35.6,19.7,41.1
2005,"KGZ",0,0,0,82,34.1,19.6,39.2
2006,"KGZ",0,1,0,85,32.7,19.5,37.5
2007,"KGZ",0,0,0,84,31.2,19.1,35.7
2008,"KGZ",0,1,0,81,29.6,18.5,33.7
2009,"KGZ",0,0,1,80,27.8,17.7,31.6
2010,"KGZ",0,0,0,79,26.1,16.9,29.5
2011,"KGZ",1,1,0,79,24.5,16.3,27.7
2012,"KGZ",0,0,0,74,23.2,15.9,26.1
2013,"KGZ",0,0,0,70,22,15.5,24.7
2014,"KGZ",0,0,0,69,20.9,15.1,23.5
2015,"KGZ",0,1,0,66,19.9,14.6,22.3
2016,"KGZ",0,0,0,63,18.9,14,21.2
2017,"KGZ",0,1,0,60,18,13.4,20.1
2018,"KGZ",0,0,0,NA,17.1,12.8,19.2
2019,"KGZ",0,0,0,NA,16.4,12.2,18.3
2000,"KHM",0,0,0,488,79.2,35.2,106.3
2001,"KHM",0,0,1,456,73.4,33.4,96.6
2002,"KHM",0,0,1,430,67.3,31.5,86.7
2003,"KHM",0,0,0,404,61.8,29.7,78
2004,"KHM",0,0,0,378,56.9,28.2,70.7
2005,"KHM",0,0,1,351,52.8,26.8,64.7
2006,"KHM",0,0,0,326,49.3,25.6,59.7
2007,"KHM",0,0,0,303,46.2,24.5,55.4
2008,"KHM",0,0,0,284,43.2,23.5,51.3
2009,"KHM",0,0,0,265,40.2,22.4,47.5
2010,"KHM",0,0,0,248,37.3,21.3,43.8
2011,"KHM",0,0,0,232,34.6,20.3,40.5
2012,"KHM",0,0,0,215,32.3,19.3,37.7
2013,"KHM",0,0,0,202,30.3,18.3,35.3
2014,"KHM",0,0,0,189,28.7,17.2,33.4
2015,"KHM",0,0,0,178,27.3,16.4,31.8
2016,"KHM",0,0,1,168,26,15.6,30.3
2017,"KHM",0,0,0,160,24.9,14.9,29
2018,"KHM",0,0,0,NA,23.8,14.3,27.7
2019,"KHM",0,0,0,NA,22.9,13.8,26.6
2000,"KIR",0,0,0,136,51.7,28,68.1
2001,"KIR",0,0,0,131,50.7,27.4,66.6
2002,"KIR",0,0,0,127,50,26.9,65.5
2003,"KIR",0,0,0,124,49.5,26.5,64.8
2004,"KIR",0,0,0,121,49.4,26.2,64.6
2005,"KIR",0,0,0,119,49.4,26,64.7
2006,"KIR",0,0,0,117,49.7,25.8,65.1
2007,"KIR",0,0,0,115,50,25.8,65.5
2008,"KIR",0,0,0,115,50,25.7,65.6
2009,"KIR",0,0,0,113,49.8,25.6,65.2
2010,"KIR",0,0,0,112,49.3,25.4,64.4
2011,"KIR",0,0,0,110,48.6,25.2,63.3
2012,"KIR",0,0,0,107,47.8,24.8,62.1
2013,"KIR",0,0,0,104,46.8,24.4,60.8
2014,"KIR",0,0,0,100,45.8,24,59.2
2015,"KIR",0,0,0,97,44.7,23.6,57.6
2016,"KIR",0,0,0,94,43.6,23.2,56
2017,"KIR",0,0,0,92,42.6,22.8,54.5
2018,"KIR",0,0,0,NA,41.4,22.3,52.8
2019,"KIR",0,0,0,NA,40.3,21.9,51.2
2000,"KOR",0,0,0,17,6.5,3.4,7.5
2001,"KOR",0,0,1,15,6.1,3.2,7.1
2002,"KOR",0,0,0,15,5.8,3,6.8
2003,"KOR",0,0,0,16,5.5,2.8,6.4
2004,"KOR",0,0,0,15,5.1,2.6,6
2005,"KOR",0,0,0,15,4.8,2.4,5.6
2006,"KOR",0,0,0,14,4.4,2.2,5.2
2007,"KOR",0,0,0,15,4.1,2,4.8
2008,"KOR",0,0,0,15,3.9,1.9,4.5
2009,"KOR",0,0,0,16,3.7,1.8,4.3
2010,"KOR",0,0,0,15,3.5,1.8,4.1
2011,"KOR",0,0,0,14,3.4,1.7,4
2012,"KOR",0,0,0,13,3.3,1.7,3.8
2013,"KOR",0,0,0,13,3.2,1.7,3.7
2014,"KOR",0,0,0,12,3.1,1.7,3.6
2015,"KOR",0,0,0,12,3,1.6,3.5
2016,"KOR",0,1,0,11,2.9,1.6,3.4
2017,"KOR",0,1,0,11,2.8,1.6,3.3
2018,"KOR",0,0,0,NA,2.8,1.5,3.2
2019,"KOR",0,0,0,NA,2.7,1.5,3.1
2000,"KWT",0,0,0,10,10.7,6.6,12.4
2001,"KWT",0,0,0,10,10.5,6.4,12.2
2002,"KWT",0,0,0,10,10.3,6.2,12
2003,"KWT",0,0,0,10,10.1,6.1,11.8
2004,"KWT",0,0,0,10,10,5.9,11.6
2005,"KWT",0,0,0,10,9.8,5.8,11.4
2006,"KWT",0,0,0,10,9.7,5.8,11.2
2007,"KWT",0,0,0,10,9.5,5.7,11.1
2008,"KWT",0,0,0,10,9.4,5.7,10.9
2009,"KWT",0,0,0,10,9.2,5.6,10.7
2010,"KWT",0,0,0,10,8.9,5.5,10.4
2011,"KWT",0,0,0,10,8.5,5.3,10
2012,"KWT",0,0,0,11,8.2,5.2,9.6
2013,"KWT",0,0,0,11,7.9,5.1,9.2
2014,"KWT",0,0,0,11,7.7,5,8.9
2015,"KWT",0,0,0,11,7.5,4.9,8.8
2016,"KWT",1,0,0,12,7.4,4.9,8.7
2017,"KWT",0,0,0,12,7.4,4.9,8.7
2018,"KWT",0,0,0,NA,7.5,4.9,8.7
2019,"KWT",0,0,0,NA,7.5,4.9,8.8
2000,"LAO",0,0,0,544,76.5,38.2,107.2
2001,"LAO",0,0,0,517,73.9,37.3,103.1
2002,"LAO",0,0,0,491,71.3,36.4,98.9
2003,"LAO",0,0,0,465,68.7,35.5,94.8
2004,"LAO",0,0,0,437,66.1,34.6,90.8
2005,"LAO",0,0,0,410,63.6,33.6,86.8
2006,"LAO",0,0,0,385,61.1,32.7,82.9
2007,"LAO",1,0,0,360,58.7,31.7,79.1
2008,"LAO",0,0,0,336,56.3,30.7,75.4
2009,"LAO",0,0,0,314,54,29.8,71.7
2010,"LAO",0,0,0,292,51.8,28.9,68.3
2011,"LAO",0,0,0,272,49.7,28,65.1
2012,"LAO",0,0,0,254,47.6,27.2,61.9
2013,"LAO",0,0,0,238,45.7,26.3,59
2014,"LAO",0,0,0,223,43.8,25.5,56.3
2015,"LAO",0,0,0,209,42.1,24.8,53.8
2016,"LAO",0,0,0,196,40.5,24.1,51.5
2017,"LAO",0,0,0,185,39.1,23.5,49.4
2018,"LAO",0,0,0,NA,37.8,22.8,47.5
2019,"LAO",0,0,1,NA,36.5,22.2,45.7
2000,"LBN",1,0,0,28,17,11.7,19.9
2001,"LBN",1,0,0,27,16,10.9,18.7
2002,"LBN",0,0,0,26,15.1,10.2,17.5
2003,"LBN",0,0,0,25,14.1,9.6,16.4
2004,"LBN",0,0,0,24,13.1,8.9,15.2
2005,"LBN",0,0,0,24,12.1,8.2,14.1
2006,"LBN",0,0,0,24,11.2,7.6,13
2007,"LBN",1,0,0,23,10.4,7,12.1
2008,"LBN",0,0,0,23,9.8,6.6,11.4
2009,"LBN",1,0,0,23,9.2,6.2,10.7
2010,"LBN",0,0,0,23,8.7,5.9,10.2
2011,"LBN",0,0,0,25,8.3,5.6,9.7
2012,"LBN",0,0,0,25,8,5.4,9.3
2013,"LBN",1,0,0,27,7.7,5.2,9
2014,"LBN",1,0,0,28,7.4,5,8.6
2015,"LBN",1,0,0,29,7.1,4.8,8.3
2016,"LBN",1,0,0,29,6.8,4.6,8
2017,"LBN",1,0,0,29,6.6,4.4,7.7
2018,"LBN",1,0,0,NA,6.4,4.3,7.4
2019,"LBN",0,0,0,NA,6.2,4.1,7.2
2000,"LBR",1,0,0,894,127.9,48.1,189.7
2001,"LBR",1,0,0,913,119.7,46,176.6
2002,"LBR",1,0,0,1010,111.9,43.9,163.7
2003,"LBR",1,0,0,878,104.3,41.9,151.3
2004,"LBR",1,0,0,837,97.2,40,139.8
2005,"LBR",0,0,0,816,90.7,38.4,129.6
2006,"LBR",0,0,0,782,85.3,36.9,121
2007,"LBR",0,0,0,754,80.8,35.6,114
2008,"LBR",0,0,0,738,77.2,34.5,108.2
2009,"LBR",0,0,0,724,74.2,33.5,103.6
2010,"LBR",0,0,0,708,71.8,32.9,99.8
2011,"LBR",0,0,0,694,69.9,32.5,96.7
2012,"LBR",0,0,0,683,68.3,32.3,94.2
2013,"LBR",0,0,0,674,66.9,32.3,92
2014,"LBR",0,0,0,688,66,32.3,92.1
2015,"LBR",0,0,0,691,64.4,32.2,88.3
2016,"LBR",0,0,0,661,63.1,32,86.1
2017,"LBR",0,0,0,661,62,31.8,84.3
2018,"LBR",0,0,0,NA,60.8,31.4,82.5
2019,"LBR",0,0,0,NA,59.5,31.1,80.4
2000,"LBY",0,0,0,70,24.1,15.1,28.1
2001,"LBY",0,0,0,68,23.4,14.7,27.3
2002,"LBY",0,0,0,66,22.7,14.3,26.5
2003,"LBY",0,0,0,64,21.9,13.8,25.5
2004,"LBY",0,0,0,61,21,13.2,24.4
2005,"LBY",0,0,0,57,19.8,12.5,23.1
2006,"LBY",0,0,0,55,18.6,11.7,21.7
2007,"LBY",0,0,0,53,17.3,10.9,20.2
2008,"LBY",0,0,0,52,16.1,10.1,18.8
2009,"LBY",0,0,0,53,15.1,9.5,17.6
2010,"LBY",0,0,0,53,14.2,9,16.6
2011,"LBY",0,0,0,56,14.9,8.6,19.4
2012,"LBY",1,0,0,55,12.9,8.1,15
2013,"LBY",1,0,0,58,12.3,7.7,14.4
2014,"LBY",1,0,0,63,11.8,7.4,13.8
2015,"LBY",1,0,0,70,11.4,7.1,13.3
2016,"LBY",1,0,0,73,11,6.9,12.8
2017,"LBY",1,0,0,72,10.6,6.6,12.3
2018,"LBY",1,0,0,NA,10.2,6.4,11.9
2019,"LBY",1,0,0,NA,9.9,6.2,11.5
2000,"LCA",0,0,0,86,15.6,11.4,18.4
2001,"LCA",0,0,0,86,15.6,11.6,18.3
2002,"LCA",0,0,0,90,15.6,11.8,18.2
2003,"LCA",0,0,0,92,15.7,12,18.3
2004,"LCA",0,0,0,89,15.8,12.2,18.3
2005,"LCA",0,0,0,83,16,12.3,18.4
2006,"LCA",0,0,0,82,16.1,12.3,18.6
2007,"LCA",0,1,0,87,16.4,12.4,18.8
2008,"LCA",0,0,0,93,16.6,12.5,19
2009,"LCA",0,0,0,100,16.9,12.6,19.3
2010,"LCA",0,0,1,109,17.3,12.7,19.7
2011,"LCA",0,0,0,116,17.7,12.8,20
2012,"LCA",0,0,0,116,18.1,12.8,20.4
2013,"LCA",0,0,0,108,18.5,12.7,20.9
2014,"LCA",0,0,0,104,19,12.6,21.4
2015,"LCA",0,0,0,115,19.5,12.4,21.9
2016,"LCA",0,0,0,117,20,12.4,22.4
2017,"LCA",0,0,0,117,20.6,12.4,23
2018,"LCA",0,0,0,NA,21.1,12.5,23.5
2019,"LCA",0,0,0,NA,21.6,12.7,24
2000,"LKA",1,0,0,56,14.2,9.7,16.5
2001,"LKA",1,0,1,53,13.7,9.1,16
2002,"LKA",1,0,0,50,13.4,8.5,15.5
2003,"LKA",0,0,0,50,13,7.9,15.1
2004,"LKA",1,1,0,48,17.7,7.6,28.9
2005,"LKA",1,0,0,45,12.2,7,14.2
2006,"LKA",1,0,0,47,11.6,6.9,13.5
2007,"LKA",1,0,0,43,11,6.9,12.8
2008,"LKA",1,0,0,42,10.5,6.8,12.2
2009,"LKA",1,0,0,41,13.9,6.8,21.3
2010,"LKA",1,0,0,38,9.8,6.4,11.4
2011,"LKA",0,0,0,38,9.4,6.3,10.9
2012,"LKA",0,0,1,37,8.9,6.1,10.4
2013,"LKA",0,0,0,37,8.4,5.9,9.8
2014,"LKA",0,0,1,36,7.9,5.5,9.3
2015,"LKA",0,0,0,36,7.5,5.1,8.7
2016,"LKA",0,0,1,36,7.1,4.8,8.2
2017,"LKA",0,0,0,36,6.7,4.6,7.8
2018,"LKA",0,0,0,NA,6.4,4.4,7.5
2019,"LKA",0,0,1,NA,6.2,4.2,7.2
2000,"LSO",0,0,0,614,70,39.6,106.9
2001,"LSO",0,0,0,633,70.5,39.9,108.8
2002,"LSO",0,0,1,653,71.2,40.1,110.7
2003,"LSO",0,0,0,671,72.2,40.2,112.7
2004,"LSO",0,0,0,680,73,40.3,114.5
2005,"LSO",0,0,0,679,74,40.5,116.1
2006,"LSO",0,0,0,668,74.5,40.8,116.5
2007,"LSO",0,0,1,652,73.8,41.1,114.3
2008,"LSO",0,0,0,623,77.1,41.4,113
2009,"LSO",0,0,0,607,73.6,41.7,104.2
2010,"LSO",0,0,0,594,70.9,42,96.4
2011,"LSO",0,0,1,585,69,42.4,93.9
2012,"LSO",0,0,0,586,70.2,42.8,92.7
2013,"LSO",0,0,0,583,71,43.5,92.6
2014,"LSO",0,0,0,579,71.9,44.1,94.2
2015,"LSO",0,0,0,574,72.6,44.7,94.6
2016,"LSO",0,0,1,559,72.9,45.1,91.5
2017,"LSO",0,0,0,544,73.1,45.2,91
2018,"LSO",0,0,0,NA,72.1,45.1,90.6
2019,"LSO",0,0,1,NA,71.4,44.8,90.9
2000,"LTU",0,0,0,17,8.6,4.5,10.7
2001,"LTU",0,0,0,16,8.2,4.4,10.3
2002,"LTU",0,0,0,14,7.9,4.4,9.9
2003,"LTU",0,0,0,14,7.6,4.5,9.5
2004,"LTU",0,0,0,13,7.4,4.5,9.3
2005,"LTU",0,0,0,14,7.3,4.4,9
2006,"LTU",0,0,1,14,6.9,4.1,8.6
2007,"LTU",0,0,0,14,6.5,3.8,8
2008,"LTU",0,0,0,13,5.9,3.4,7.3
2009,"LTU",0,0,0,11,5.4,3.2,6.7
2010,"LTU",0,0,0,10,4.9,2.9,6
2011,"LTU",0,0,0,10,4.5,2.8,5.5
2012,"LTU",0,0,0,10,4.2,2.6,5.2
2013,"LTU",0,0,0,10,4.1,2.5,5
2014,"LTU",0,0,0,9,4,2.4,4.9
2015,"LTU",0,0,0,9,4,2.4,4.9
2016,"LTU",0,0,0,8,3.9,2.4,4.8
2017,"LTU",0,0,0,8,3.6,2.3,4.4
2018,"LTU",0,0,1,NA,3.3,2.2,4
2019,"LTU",0,0,0,NA,2.9,2,3.6
2000,"LUX",0,0,0,10,3.7,2.3,4.5
2001,"LUX",0,0,0,10,3.5,2.2,4.2
2002,"LUX",0,0,0,9,3.3,2,4
2003,"LUX",0,0,0,8,3.1,1.9,3.8
2004,"LUX",0,0,0,8,2.9,1.8,3.5
2005,"LUX",0,0,0,9,2.8,1.7,3.4
2006,"LUX",0,0,0,9,2.6,1.7,3.2
2007,"LUX",0,0,0,8,2.5,1.6,3.1
2008,"LUX",0,0,0,6,2.4,1.6,3
2009,"LUX",0,0,0,7,2.4,1.6,2.9
2010,"LUX",0,0,0,8,2.3,1.5,2.8
2011,"LUX",0,0,0,8,2.3,1.5,2.8
2012,"LUX",0,0,0,7,2.3,1.5,2.8
2013,"LUX",0,0,0,6,2.3,1.6,2.8
2014,"LUX",0,0,0,6,2.3,1.6,2.8
2015,"LUX",0,0,0,5,2.3,1.6,2.8
2016,"LUX",0,0,0,5,2.3,1.6,2.8
2017,"LUX",0,0,0,5,2.3,1.7,2.8
2018,"LUX",0,0,0,NA,2.3,1.7,2.8
2019,"LUX",0,0,0,NA,2.3,1.7,2.8
2000,"LVA",0,0,0,34,11.5,7.1,14.2
2001,"LVA",0,0,0,35,10.8,6.6,13.3
2002,"LVA",0,0,0,33,10.2,6.2,12.6
2003,"LVA",0,0,0,34,9.7,5.9,11.9
2004,"LVA",0,0,0,32,9.2,5.6,11.2
2005,"LVA",0,0,0,30,8.6,5.4,10.5
2006,"LVA",0,0,0,32,8.1,5.2,9.8
2007,"LVA",0,0,0,32,7.7,5,9.3
2008,"LVA",0,0,0,29,7.3,4.8,8.8
2009,"LVA",0,0,0,28,6.9,4.5,8.3
2010,"LVA",0,0,0,26,6.5,4.2,7.8
2011,"LVA",0,0,0,26,6.1,3.9,7.2
2012,"LVA",0,0,0,23,5.6,3.5,6.6
2013,"LVA",0,0,0,27,5.1,3.2,6
2014,"LVA",0,0,0,24,4.6,2.9,5.5
2015,"LVA",0,0,0,23,4.3,2.7,5
2016,"LVA",0,0,0,26,4,2.6,4.7
2017,"LVA",0,0,0,19,3.8,2.4,4.4
2018,"LVA",0,0,0,NA,3.6,2.4,4.2
2019,"LVA",0,0,0,NA,3.5,2.3,4.1
2000,"MAR",0,0,0,188,43.9,28.4,52.3
2001,"MAR",0,0,0,174,42.3,27.7,50.1
2002,"MAR",0,0,0,162,40.6,27,48
2003,"MAR",0,0,0,152,39,26.2,45.9
2004,"MAR",1,1,0,142,37.2,25.5,43.7
2005,"MAR",0,0,0,131,35.5,24.6,41.5
2006,"MAR",0,0,0,121,33.6,23.7,39.3
2007,"MAR",0,0,0,113,31.8,22.8,37.1
2008,"MAR",0,0,0,106,30.1,21.7,35
2009,"MAR",0,0,0,99,28.4,20.5,33
2010,"MAR",0,0,0,92,26.8,19.3,31.2
2011,"MAR",0,0,0,86,25.3,18.2,29.5
2012,"MAR",0,0,0,81,23.9,17.2,27.8
2013,"MAR",0,0,0,78,22.6,16.2,26.3
2014,"MAR",0,0,0,76,21.3,15.3,24.9
2015,"MAR",0,0,0,74,20.2,14.5,23.5
2016,"MAR",0,0,0,72,19.1,13.8,22.3
2017,"MAR",0,0,0,70,18.2,13.1,21.2
2018,"MAR",0,0,0,NA,17.4,12.5,20.3
2019,"MAR",0,0,0,NA,16.7,12,19.5
2000,"MDA",0,0,1,44,26.2,20.4,31.5
2001,"MDA",0,0,0,39,23.9,18.7,28.6
2002,"MDA",0,0,0,38,21.7,17.1,25.8
2003,"MDA",0,0,0,36,19.8,15.6,23.3
2004,"MDA",0,0,0,32,18.3,14.5,21.5
2005,"MDA",0,0,0,34,17.1,13.8,20.1
2006,"MDA",0,0,0,31,16.3,13.3,19
2007,"MDA",0,0,1,31,15.7,13,18.3
2008,"MDA",0,0,0,29,15.3,12.8,17.8
2009,"MDA",0,0,0,28,15,12.7,17.4
2010,"MDA",0,0,0,29,14.7,12.6,17.1
2011,"MDA",0,0,0,21,14.5,12.4,16.8
2012,"MDA",0,0,1,22,14.2,12.2,16.5
2013,"MDA",0,0,0,21,14,12,16.3
2014,"MDA",0,0,0,23,13.7,11.7,16
2015,"MDA",0,0,0,22,13.6,11.5,15.8
2016,"MDA",0,0,0,20,13.3,11.3,15.5
2017,"MDA",0,0,0,19,13.1,11.2,15.3
2018,"MDA",0,0,0,NA,12.9,11,15
2019,"MDA",0,0,0,NA,12.7,10.8,14.8
2000,"MDG",0,0,1,559,67.5,30.7,105.4
2001,"MDG",0,0,0,552,64.9,29.9,100.8
2002,"MDG",0,0,1,547,62.5,29.2,96.5
2003,"MDG",1,0,0,543,60.2,28.5,92.4
2004,"MDG",0,0,0,539,58,27.9,88.5
2005,"MDG",0,0,1,526,55.9,27.3,84.8
2006,"MDG",0,0,0,513,53.9,26.7,81.3
2007,"MDG",0,0,0,503,52,26,77.9
2008,"MDG",0,0,1,491,50.3,25.5,74.8
2009,"MDG",0,0,0,474,48.6,24.9,72
2010,"MDG",1,0,0,453,47.1,24.4,69.3
2011,"MDG",0,0,0,432,45.8,24,67
2012,"MDG",0,0,0,413,44.6,23.6,64.8
2013,"MDG",0,0,0,394,43.4,23.1,62.7
2014,"MDG",0,0,1,378,42.3,22.7,60.8
2015,"MDG",0,0,0,363,41.3,22.3,59
2016,"MDG",0,0,1,348,40.3,21.9,57.2
2017,"MDG",0,0,1,335,39.3,21.5,55.5
2018,"MDG",0,0,0,NA,38.2,21.1,53.7
2019,"MDG",0,0,0,NA,37.2,20.7,51.9
2000,"MDV",0,0,0,125,31.7,22.4,39
2001,"MDV",0,0,0,111,28.5,20,34.6
2002,"MDV",0,0,0,105,25.5,17.5,30.7
2003,"MDV",0,0,0,97,22.8,15.3,27.1
2004,"MDV",0,1,0,89,21.4,13.6,26.9
2005,"MDV",0,0,0,75,18.3,12.1,21.5
2006,"MDV",0,0,0,71,16.5,10.9,19.3
2007,"MDV",0,0,0,71,15.1,9.9,17.6
2008,"MDV",0,0,0,72,13.8,9,16.1
2009,"MDV",0,0,0,71,12.8,8.3,14.9
2010,"MDV",0,0,0,67,11.9,7.7,13.9
2011,"MDV",0,0,0,62,11.1,7,12.9
2012,"MDV",0,0,0,60,10.4,6.5,12.1
2013,"MDV",0,0,0,58,9.7,6.2,11.3
2014,"MDV",0,0,0,56,9.1,5.9,10.5
2015,"MDV",0,0,0,54,8.4,5.7,9.8
2016,"MDV",0,0,0,54,7.7,5.5,9
2017,"MDV",0,0,0,53,7.1,5.2,8.3
2018,"MDV",0,0,0,NA,6.5,4.9,7.6
2019,"MDV",0,0,0,NA,6,4.5,7
2000,"MEX",0,1,0,55,23.8,14.4,28.4
2001,"MEX",0,0,0,55,22.8,13.4,27.1
2002,"MEX",0,0,1,56,21.9,12.4,26
2003,"MEX",1,1,0,55,21,11.4,24.9
2004,"MEX",0,0,0,54,20.2,10.5,23.9
2005,"MEX",1,0,0,54,19.5,9.9,22.9
2006,"MEX",1,0,0,51,18.8,9.4,22.1
2007,"MEX",1,0,0,49,18.2,9.3,21.3
2008,"MEX",1,0,0,49,17.6,9.2,20.6
2009,"MEX",1,0,0,51,17,9.1,19.9
2010,"MEX",1,1,0,46,16.4,9,19.2
2011,"MEX",1,1,1,43,15.9,8.9,18.5
2012,"MEX",1,1,0,41,15.4,8.7,17.9
2013,"MEX",1,0,0,39,14.9,8.5,17.3
2014,"MEX",1,1,0,38,14.4,8.3,16.8
2015,"MEX",1,0,0,36,13.9,8.3,16.2
2016,"MEX",1,0,0,34,13.5,8.4,15.7
2017,"MEX",1,1,0,33,13,8.6,15.2
2018,"MEX",1,1,0,NA,12.6,8.7,14.6
2019,"MEX",1,0,0,NA,12.2,8.6,14.1
2000,"MHL",0,0,0,NA,33.9,18.8,42
2001,"MHL",0,0,0,NA,33.9,18.9,42.1
2002,"MHL",0,0,0,NA,33.8,18.8,41.9
2003,"MHL",0,0,0,NA,33.6,18.7,41.7
2004,"MHL",0,0,0,NA,33.4,18.6,41.3
2005,"MHL",0,0,0,NA,33.2,18.5,41
2006,"MHL",0,0,0,NA,32.9,18.3,40.6
2007,"MHL",0,0,0,NA,32.6,18.2,40.2
2008,"MHL",0,0,0,NA,32.3,18.1,39.8
2009,"MHL",0,0,0,NA,32,18,39.4
2010,"MHL",0,0,0,NA,31.7,17.8,39
2011,"MHL",0,0,0,NA,31.4,17.6,38.6
2012,"MHL",0,0,0,NA,30.9,17.4,37.9
2013,"MHL",0,0,1,NA,30.4,17.2,37.2
2014,"MHL",0,0,0,NA,29.7,16.9,36.3
2015,"MHL",0,0,1,NA,29.1,16.5,35.4
2016,"MHL",0,0,0,NA,28.4,16,34.4
2017,"MHL",0,0,0,NA,27.7,15.6,33.5
2018,"MHL",0,0,0,NA,26.9,15.1,32.5
2019,"MHL",0,0,0,NA,26.3,14.7,31.6
2000,"MKD",0,0,0,13,14.3,9.6,16
2001,"MKD",0,0,0,12,13.2,9,14.8
2002,"MKD",1,0,0,12,12.8,8.9,14.3
2003,"MKD",0,0,0,10,12.8,9,14.4
2004,"MKD",0,0,0,11,12.7,9,14.3
2005,"MKD",0,0,0,10,12.2,8.7,13.7
2006,"MKD",0,0,0,10,11.5,8.4,13
2007,"MKD",0,0,0,10,10.9,8.1,12.3
2008,"MKD",0,0,0,8,10.3,7.8,11.7
2009,"MKD",0,0,0,8,9.7,7.4,11
2010,"MKD",0,0,0,8,9.2,7,10.4
2011,"MKD",0,0,0,8,8.8,6.7,10
2012,"MKD",0,0,0,8,9,6.9,10.1
2013,"MKD",0,0,0,8,9.4,7.4,10.6
2014,"MKD",0,0,0,8,9.9,7.9,11.2
2015,"MKD",0,0,0,8,10,8.1,11.4
2016,"MKD",0,1,0,8,9.6,7.8,10.9
2017,"MKD",0,0,0,7,8.5,6.8,9.6
2018,"MKD",0,0,0,NA,7.1,5.5,8.1
2019,"MKD",0,0,0,NA,6,4.5,6.8
2000,"MLI",1,0,0,836,101.5,51,187.4
2001,"MLI",0,0,1,797,98.8,49.3,181.1
2002,"MLI",0,0,0,764,96.1,47.6,174.7
2003,"MLI",0,0,0,739,93.3,46.1,168.3
2004,"MLI",0,0,0,715,90.7,44.7,162.2
2005,"MLI",0,0,1,691,88.1,43.6,156.4
2006,"MLI",0,0,1,675,85.7,42.6,150.8
2007,"MLI",0,0,0,663,83.3,41.7,145.4
2008,"MLI",1,0,0,661,81.1,40.8,140.2
2009,"MLI",1,0,0,661,78.8,39.8,135.1
2010,"MLI",1,0,1,660,76.7,38.9,130.3
2011,"MLI",1,0,1,663,74.6,38,125.6
2012,"MLI",0,0,0,663,72.6,37.1,121
2013,"MLI",1,0,0,663,70.6,36.4,116.6
2014,"MLI",1,0,0,642,68.7,35.6,112.4
2015,"MLI",1,0,0,620,66.8,34.9,108.3
2016,"MLI",1,0,0,590,65.1,34.2,104.5
2017,"MLI",1,0,0,562,63.4,33.6,100.9
2018,"MLI",1,0,0,NA,61.8,32.9,97.4
2019,"MLI",1,0,0,NA,60.3,32.3,94.2
2000,"MLT",0,0,0,9,6.9,5.2,7.8
2001,"MLT",0,0,0,10,6.6,5,7.5
2002,"MLT",0,0,0,9,6.5,4.9,7.3
2003,"MLT",0,0,0,10,6.3,4.8,7.2
2004,"MLT",0,0,0,9,6.2,4.7,7.1
2005,"MLT",0,0,0,8,6.1,4.6,7
2006,"MLT",0,0,0,8,6,4.5,6.9
2007,"MLT",0,0,0,8,6,4.5,6.8
2008,"MLT",0,0,0,8,5.9,4.5,6.8
2009,"MLT",0,0,0,7,5.9,4.5,6.7
2010,"MLT",0,0,0,8,5.8,4.4,6.7
2011,"MLT",0,0,0,7,5.8,4.4,6.6
2012,"MLT",0,0,0,7,5.8,4.4,6.6
2013,"MLT",0,0,0,7,5.8,4.4,6.6
2014,"MLT",0,0,0,6,5.8,4.4,6.6
2015,"MLT",0,0,0,7,5.7,4.4,6.6
2016,"MLT",0,0,0,6,5.7,4.4,6.6
2017,"MLT",0,0,0,6,5.7,4.4,6.6
2018,"MLT",0,0,0,NA,5.7,4.4,6.5
2019,"MLT",0,0,0,NA,5.7,4.3,6.5
2000,"MMR",1,0,0,340,65.4,37.6,89.6
2001,"MMR",1,0,0,331,63.8,36.6,87.1
2002,"MMR",1,0,0,323,62.3,35.6,84.7
2003,"MMR",1,0,0,314,60.7,34.5,82.3
2004,"MMR",1,1,0,307,59.1,33.6,79.7
2005,"MMR",1,0,0,299,57.4,32.6,77.2
2006,"MMR",1,0,0,293,55.8,31.7,74.5
2007,"MMR",1,0,0,287,54.1,30.9,71.8
2008,"MMR",1,0,0,289,63.4,30.5,98.4
2009,"MMR",1,0,0,274,50.5,29.2,66.3
2010,"MMR",1,0,0,265,48.8,28.5,63.7
2011,"MMR",1,1,0,259,47,27.8,61
2012,"MMR",1,1,0,254,45.4,27.1,58.6
2013,"MMR",1,0,0,251,43.8,26.5,56.2
2014,"MMR",1,0,0,247,42.3,25.9,54.1
2015,"MMR",1,0,0,246,41,25.2,52.2
2016,"MMR",1,1,0,245,39.7,24.6,50.3
2017,"MMR",1,0,0,250,38.5,24,48.5
2018,"MMR",1,0,0,NA,37.2,23.4,46.8
2019,"MMR",1,0,0,NA,36.1,22.9,45.2
2000,"MNE",0,0,0,12,12.5,8.6,14.2
2001,"MNE",0,0,0,12,12,8.4,13.6
2002,"MNE",0,0,0,11,11.4,8.2,12.9
2003,"MNE",0,0,0,11,10.6,7.9,12.2
2004,"MNE",0,0,0,10,9.9,7.4,11.4
2005,"MNE",0,0,0,9,9.2,6.9,10.5
2006,"MNE",0,0,0,9,8.4,6.4,9.7
2007,"MNE",0,0,0,8,7.7,5.9,8.9
2008,"MNE",0,0,0,8,7,5.4,8.1
2009,"MNE",0,0,0,8,6.3,4.9,7.4
2010,"MNE",0,0,0,7,5.7,4.4,6.7
2011,"MNE",0,0,0,7,5.1,3.9,6.1
2012,"MNE",0,0,0,7,4.6,3.5,5.5
2013,"MNE",0,0,0,6,4.1,3,4.9
2014,"MNE",0,0,0,6,3.7,2.6,4.4
2015,"MNE",0,0,0,6,3.3,2.3,4
2016,"MNE",0,0,0,6,3,1.9,3.6
2017,"MNE",0,0,0,6,2.6,1.7,3.2
2018,"MNE",0,0,0,NA,2.4,1.4,2.9
2019,"MNE",0,0,0,NA,2.1,1.3,2.6
2000,"MNG",0,0,1,155,48.6,23.7,63.5
2001,"MNG",0,0,0,138,45.3,22.4,58.5
2002,"MNG",0,0,0,124,42,21.2,53.7
2003,"MNG",0,0,0,114,38.9,19.9,49.1
2004,"MNG",0,0,0,106,35.9,18.7,44.9
2005,"MNG",0,0,0,98,33.1,17.6,40.9
2006,"MNG",0,0,0,91,30.5,16.5,37.4
2007,"MNG",0,0,0,85,28.1,15,34.1
2008,"MNG",0,0,0,80,25.9,13.6,31.2
2009,"MNG",0,0,0,73,23.9,12.4,28.6
2010,"MNG",0,0,0,66,22.1,11.4,26.3
2011,"MNG",0,0,0,59,20.6,10.8,24.4
2012,"MNG",0,0,0,54,19.4,10.3,22.8
2013,"MNG",0,0,0,51,18.3,10,21.5
2014,"MNG",0,0,0,49,17.4,9.8,20.4
2015,"MNG",0,0,0,47,16.6,9.6,19.4
2016,"MNG",0,0,0,46,15.9,9.3,18.5
2017,"MNG",0,0,0,45,15.1,9,17.6
2018,"MNG",0,0,0,NA,14.4,8.7,16.8
2019,"MNG",0,0,0,NA,13.8,8.3,16
2000,"MOZ",0,0,0,798,112.4,46.6,170.4
2001,"MOZ",0,0,1,745,106.1,44.5,161
2002,"MOZ",0,0,0,700,100.3,42.6,152.6
2003,"MOZ",0,0,1,657,95.3,40.9,145
2004,"MOZ",0,0,0,615,90.8,39.4,138.2
2005,"MOZ",0,0,1,577,86.9,38.2,132
2006,"MOZ",0,1,0,539,83.2,37.1,126.2
2007,"MOZ",0,0,1,505,78,36.1,118.8
2008,"MOZ",0,0,1,471,75.6,35.3,112.9
2009,"MOZ",0,0,0,439,72.7,34.6,107.3
2010,"MOZ",0,0,1,412,72.5,34,104.9
2011,"MOZ",0,0,0,389,68.8,33.4,100.5
2012,"MOZ",0,0,0,371,66.4,32.8,96.3
2013,"MOZ",0,0,0,356,64.7,32.3,92.3
2014,"MOZ",1,0,0,339,63,31.8,88.4
2015,"MOZ",1,0,0,318,61.3,31.3,84
2016,"MOZ",0,0,1,301,59.4,30.7,80.4
2017,"MOZ",1,0,0,289,57.5,30.1,78
2018,"MOZ",0,0,0,NA,56,29.5,75.6
2019,"MOZ",1,0,0,NA,54.3,28.9,72.9
2000,"MRT",0,0,0,834,69.1,42.5,112.5
2001,"MRT",0,0,1,835,68.9,42.1,112.1
2002,"MRT",0,0,0,836,68.6,41.8,111.5
2003,"MRT",0,0,0,836,68.3,41.5,110.8
2004,"MRT",0,0,0,830,67.8,41.3,109.7
2005,"MRT",0,0,0,826,67,40.9,108.1
2006,"MRT",0,0,0,821,66.1,40.4,106.1
2007,"MRT",0,0,0,820,65,39.9,103.7
2008,"MRT",0,0,0,819,63.8,39.3,101.1
2009,"MRT",0,0,0,822,62.5,38.6,98.4
2010,"MRT",0,0,1,824,61.2,37.9,95.6
2011,"MRT",0,0,1,822,60,37.2,93
2012,"MRT",0,0,0,812,58.8,36.5,90.5
2013,"MRT",0,0,0,805,57.5,35.8,87.7
2014,"MRT",0,0,0,796,56.2,35.2,85.1
2015,"MRT",0,0,0,785,55,34.6,82.7
2016,"MRT",0,0,0,777,53.8,33.8,80.1
2017,"MRT",0,0,1,766,52.6,33.1,77.7
2018,"MRT",0,0,1,NA,51.5,32.4,75.5
2019,"MRT",0,0,0,NA,50.2,31.8,73
2000,"MUS",0,0,0,59,16.6,12.4,18.8
2001,"MUS",0,0,0,54,15.3,11.3,17.5
2002,"MUS",0,0,0,54,14.4,10.6,16.6
2003,"MUS",0,0,0,57,13.8,10.2,16
2004,"MUS",0,0,0,54,13.5,10.1,15.8
2005,"MUS",0,0,0,53,13.4,10.2,15.6
2006,"MUS",0,0,0,55,13.2,10.2,15.5
2007,"MUS",0,0,0,56,13,10,15.2
2008,"MUS",0,0,0,53,12.7,9.7,14.9
2009,"MUS",0,0,0,59,12.5,9.4,14.6
2010,"MUS",0,0,0,66,12.5,9.3,14.5
2011,"MUS",0,0,0,54,12.6,9.3,14.6
2012,"MUS",0,0,0,63,13,9.5,14.9
2013,"MUS",0,0,0,60,13.1,9.5,15
2014,"MUS",0,0,0,70,12.9,9.3,14.8
2015,"MUS",0,0,0,73,12.8,9.1,14.5
2016,"MUS",0,0,0,67,12.8,9.1,14.5
2017,"MUS",0,0,0,61,13.2,9.3,14.9
2018,"MUS",0,0,0,NA,13.7,9.7,15.4
2019,"MUS",0,0,0,NA,14.3,10.1,16
2000,"MWI",0,0,0,749,100.5,39.1,174.6
2001,"MWI",0,0,0,735,92.9,37,160.5
2002,"MWI",0,0,1,714,84.6,34.8,145.5
2003,"MWI",0,0,0,687,76.8,32.7,131.6
2004,"MWI",0,0,0,654,70.1,31,119.7
2005,"MWI",0,0,1,610,65,29.8,110.5
2006,"MWI",0,0,0,566,61.6,29.2,104.2
2007,"MWI",0,0,1,526,59.6,28.9,99.9
2008,"MWI",0,0,0,493,56.5,28.8,94.5
2009,"MWI",0,1,0,466,54.5,28.5,89.4
2010,"MWI",0,0,0,444,52.4,27.9,84.2
2011,"MWI",0,0,0,428,48.8,27.1,77.6
2012,"MWI",0,0,1,413,45.6,26,70.7
2013,"MWI",0,0,0,396,42.2,24.8,63.4
2014,"MWI",0,0,0,381,39.2,23.7,57.6
2015,"MWI",0,0,1,370,36.7,22.7,53.3
2016,"MWI",0,0,0,358,34.6,21.8,49.5
2017,"MWI",0,0,0,349,32.8,21,46.2
2018,"MWI",0,0,0,NA,31.4,20.3,43.1
2019,"MWI",0,0,0,NA,30.1,19.7,40.6
2000,"MYS",0,0,0,38,8.7,4.8,10.2
2001,"MYS",0,0,0,36,8.1,4.5,9.4
2002,"MYS",0,0,0,34,7.6,4.3,8.9
2003,"MYS",0,0,0,33,7.3,4.1,8.5
2004,"MYS",0,1,0,32,7.1,4,8.3
2005,"MYS",0,0,0,31,7,4,8.2
2006,"MYS",0,0,0,30,7,4,8.1
2007,"MYS",0,0,0,30,6.9,4,8.1
2008,"MYS",0,0,0,29,6.9,4.1,8.1
2009,"MYS",0,0,0,29,6.9,4.1,8.1
2010,"MYS",0,0,0,30,6.9,4.2,8.1
2011,"MYS",0,0,0,30,6.8,4.1,8
2012,"MYS",0,0,0,30,6.8,4.1,8
2013,"MYS",0,0,0,30,6.8,4.1,8
2014,"MYS",1,0,1,30,6.8,4.1,8
2015,"MYS",0,1,0,30,6.9,4.2,8.1
2016,"MYS",0,0,0,29,7,4.3,8.1
2017,"MYS",0,0,0,29,7.1,4.4,8.3
2018,"MYS",0,0,0,NA,7.2,4.5,8.4
2019,"MYS",0,0,0,NA,7.3,4.6,8.6
2000,"NAM",0,0,0,348,45,23.4,75.8
2001,"NAM",1,0,1,352,44.2,22.6,75.3
2002,"NAM",0,0,1,356,43.6,21.8,74.7
2003,"NAM",0,0,0,359,43.3,21,74.4
2004,"NAM",0,0,0,358,42.7,20.5,74.4
2005,"NAM",0,0,0,346,39.4,20,70.6
2006,"NAM",0,0,0,328,37.3,19.8,65.4
2007,"NAM",0,0,0,306,37.6,19.9,60.8
2008,"NAM",0,0,0,284,37.5,20.2,55.1
2009,"NAM",0,0,0,276,38.5,20.7,51.6
2010,"NAM",0,0,0,266,36.8,21,49.1
2011,"NAM",0,0,0,256,36.9,21.3,48.9
2012,"NAM",0,0,0,240,37.9,21.6,50.5
2013,"NAM",0,0,1,231,35.8,21.7,49.1
2014,"NAM",0,0,0,223,34,21.8,47.9
2015,"NAM",0,0,1,217,33.3,21.7,47.6
2016,"NAM",0,0,0,207,32.8,21.5,46.3
2017,"NAM",0,0,0,195,32.2,21.2,44.9
2018,"NAM",0,0,1,NA,31.7,20.8,43.9
2019,"NAM",0,0,0,NA,30.9,20.5,41.9
2000,"NER",0,0,0,813,97,43,224.9
2001,"NER",0,0,1,803,93.7,41.6,215.2
2002,"NER",0,0,0,795,90.1,40.2,204.5
2003,"NER",0,0,0,782,86.2,38.9,193.1
2004,"NER",0,0,0,770,82.3,37.7,181.5
2005,"NER",0,0,1,755,78.5,36.5,170.2
2006,"NER",0,0,0,739,74.8,35.3,159.3
2007,"NER",0,0,0,725,71.3,34.1,149
2008,"NER",1,0,0,709,67.9,32.9,139.3
2009,"NER",1,0,1,688,64.8,31.8,130.3
2010,"NER",0,0,0,663,61.9,30.7,121.9
2011,"NER",0,0,1,639,59.3,29.7,114.5
2012,"NER",0,0,0,616,57,28.8,108.2
2013,"NER",0,0,0,594,55,28,102.7
2014,"NER",1,0,0,573,53.4,27.4,98
2015,"NER",0,0,1,555,51.8,26.8,93.8
2016,"NER",1,0,0,530,50.4,26.2,90.1
2017,"NER",1,0,1,509,49.1,25.7,86.6
2018,"NER",1,0,0,NA,47.9,25.1,83.5
2019,"NER",1,0,0,NA,46.7,24.6,80.3
2000,"NGA",1,0,0,1200,109.8,46.4,182.9
2001,"NGA",1,0,0,1200,106.8,45.3,177.3
2002,"NGA",1,0,0,1180,103.8,44.1,171.5
2003,"NGA",1,0,0,1170,100.8,43,165.9
2004,"NGA",1,0,0,1130,97.8,41.9,160.3
2005,"NGA",1,0,0,1080,95,40.9,155
2006,"NGA",1,0,0,1040,92.3,40.1,150.1
2007,"NGA",1,0,0,1010,89.8,39.5,145.6
2008,"NGA",1,0,0,996,87.7,39,141.7
2009,"NGA",1,0,0,987,85.9,38.5,138.3
2010,"NGA",1,0,0,978,84.3,38.1,135.5
2011,"NGA",1,0,0,972,83,37.8,133.1
2012,"NGA",1,0,0,963,81.9,37.6,131.1
2013,"NGA",1,0,0,951,81,37.5,129.4
2014,"NGA",1,0,0,943,80.1,37.3,127.9
2015,"NGA",1,0,0,931,79.3,37.2,126.4
2016,"NGA",1,0,0,925,78.3,37,124.7
2017,"NGA",1,0,0,917,77.1,36.7,122.5
2018,"NGA",1,0,0,NA,75.7,36.3,119.9
2019,"NGA",1,0,0,NA,74,35.9,116.9
2000,"NIC",0,1,1,162,31.4,16.8,38.5
2001,"NIC",0,0,1,157,29.9,16.4,36.5
2002,"NIC",0,0,0,151,28.5,15.7,34.6
2003,"NIC",0,0,0,145,27.2,15.2,32.9
2004,"NIC",0,0,0,138,26,14.7,31.3
2005,"NIC",0,0,0,131,24.9,14.4,29.9
2006,"NIC",0,0,0,124,23.9,14.2,28.5
2007,"NIC",0,0,0,121,22.9,14,27.3
2008,"NIC",0,0,0,116,22,13.8,26.1
2009,"NIC",0,0,0,113,21.1,13.6,24.9
2010,"NIC",0,0,0,112,20.3,13.4,23.9
2011,"NIC",0,0,0,110,19.5,13.3,22.9
2012,"NIC",0,0,0,108,18.7,13.1,22
2013,"NIC",0,0,0,105,18,12.8,21.1
2014,"NIC",0,1,1,103,17.3,12.4,20.2
2015,"NIC",0,0,0,101,16.6,11.9,19.4
2016,"NIC",0,0,0,100,16,11.4,18.6
2017,"NIC",0,0,0,98,15.4,10.8,17.9
2018,"NIC",0,0,1,NA,14.8,10.3,17.3
2019,"NIC",0,0,0,NA,14.3,9.8,16.6
2000,"NLD",0,0,0,13,5.1,3.8,6.2
2001,"NLD",0,0,0,13,5,3.8,6.1
2002,"NLD",0,0,0,13,4.9,3.7,5.9
2003,"NLD",0,0,0,12,4.8,3.6,5.7
2004,"NLD",0,0,0,11,4.6,3.6,5.5
2005,"NLD",0,0,0,11,4.4,3.4,5.3
2006,"NLD",0,0,0,9,4.3,3.3,5.1
2007,"NLD",0,0,0,9,4.1,3.2,4.9
2008,"NLD",0,0,0,8,4,3,4.7
2009,"NLD",0,0,0,8,3.8,2.9,4.6
2010,"NLD",0,0,0,7,3.7,2.8,4.4
2011,"NLD",0,0,0,7,3.6,2.7,4.3
2012,"NLD",0,0,0,7,3.6,2.7,4.2
2013,"NLD",0,0,0,6,3.5,2.7,4.1
2014,"NLD",0,0,0,6,3.5,2.6,4.1
2015,"NLD",0,0,0,6,3.4,2.6,4
2016,"NLD",0,0,0,6,3.4,2.6,4
2017,"NLD",0,0,0,5,3.5,2.6,4
2018,"NLD",0,0,0,NA,3.5,2.6,4.1
2019,"NLD",0,0,0,NA,3.5,2.7,4.1
2000,"NOR",0,0,0,6,3.9,2.7,4.9
2001,"NOR",0,0,0,5,3.8,2.6,4.7
2002,"NOR",0,0,0,5,3.7,2.5,4.6
2003,"NOR",0,0,0,5,3.6,2.4,4.4
2004,"NOR",0,0,0,5,3.4,2.3,4.2
2005,"NOR",0,0,0,5,3.3,2.3,4.1
2006,"NOR",0,0,0,4,3.2,2.2,3.9
2007,"NOR",0,0,0,4,3,2.1,3.7
2008,"NOR",0,0,0,4,2.9,2,3.6
2009,"NOR",0,0,0,4,2.8,1.9,3.4
2010,"NOR",0,0,0,4,2.7,1.9,3.3
2011,"NOR",0,0,0,4,2.5,1.8,3.1
2012,"NOR",0,0,0,3,2.5,1.8,3
2013,"NOR",0,0,0,3,2.4,1.7,2.9
2014,"NOR",0,0,0,3,2.3,1.7,2.8
2015,"NOR",0,0,0,3,2.2,1.6,2.7
2016,"NOR",0,0,0,3,2.1,1.6,2.6
2017,"NOR",0,0,0,2,2.1,1.5,2.5
2018,"NOR",0,0,0,NA,2,1.4,2.4
2019,"NOR",0,0,0,NA,1.9,1.4,2.3
2000,"NPL",1,0,0,553,58.7,39.3,79.1
2001,"NPL",1,0,0,521,55.8,37.8,74.6
2002,"NPL",1,0,0,520,53.1,36.3,70.4
2003,"NPL",1,0,0,470,50.6,34.9,66.4
2004,"NPL",1,0,0,447,48.2,33.5,62.7
2005,"NPL",1,0,0,415,45.9,32.2,59.4
2006,"NPL",1,0,1,386,43.8,31,56.3
2007,"NPL",1,0,0,361,41.9,29.8,53.4
2008,"NPL",1,0,0,342,40.1,28.7,50.8
2009,"NPL",0,0,1,323,38.3,27.6,48.3
2010,"NPL",0,0,0,305,36.6,26.5,45.9
2011,"NPL",0,1,0,285,35,25.4,43.6
2012,"NPL",0,0,0,266,33.5,24.3,41.5
2013,"NPL",0,0,0,248,32,23.3,39.4
2014,"NPL",0,0,0,231,30.5,22.4,37.4
2015,"NPL",0,1,0,236,29.2,21.3,35.5
2016,"NPL",0,0,0,200,27.8,20.2,33.7
2017,"NPL",0,0,0,186,26.6,19.2,32.1
2018,"NPL",0,0,0,NA,25.5,18.3,30.6
2019,"NPL",0,0,0,NA,24.5,17.5,29.3
2000,"NZL",0,0,0,12,6.1,3.5,7.4
2001,"NZL",0,0,0,11,5.9,3.5,7.2
2002,"NZL",0,0,0,12,5.8,3.5,7
2003,"NZL",0,0,0,12,5.7,3.4,6.9
2004,"NZL",0,0,0,11,5.6,3.3,6.7
2005,"NZL",0,0,0,11,5.5,3.1,6.6
2006,"NZL",0,0,0,11,5.4,3,6.5
2007,"NZL",0,0,0,11,5.3,2.9,6.4
2008,"NZL",0,0,0,10,5.2,3,6.3
2009,"NZL",0,0,0,11,5.2,3.1,6.2
2010,"NZL",0,1,0,11,5.1,3.2,6.1
2011,"NZL",0,1,0,10,5,3.3,6
2012,"NZL",0,0,0,10,4.9,3.4,5.9
2013,"NZL",0,1,1,9,4.8,3.3,5.8
2014,"NZL",0,0,0,10,4.7,3.3,5.7
2015,"NZL",0,0,0,10,4.6,3.2,5.5
2016,"NZL",0,1,0,10,4.4,3.1,5.4
2017,"NZL",0,0,0,9,4.3,2.9,5.2
2018,"NZL",0,0,0,NA,4.2,2.8,5
2019,"NZL",0,0,0,NA,4.1,2.7,4.9
2000,"OMN",0,0,0,20,14.2,7.3,16.5
2001,"OMN",0,0,0,20,13.3,6.9,15.4
2002,"OMN",0,0,0,20,12.5,6.5,14.5
2003,"OMN",0,0,0,20,11.9,6.2,13.8
2004,"OMN",0,0,0,19,11.4,5.9,13.2
2005,"OMN",0,0,0,19,11,5.7,12.8
2006,"OMN",0,0,0,18,10.7,5.6,12.5
2007,"OMN",0,0,0,18,10.5,5.4,12.2
2008,"OMN",0,0,0,18,10.3,5.3,12
2009,"OMN",0,0,0,18,10.2,5.3,11.8
2010,"OMN",0,0,0,18,10.1,5.2,11.7
2011,"OMN",0,0,0,18,10,5.2,11.6
2012,"OMN",0,0,0,18,9.8,5.1,11.4
2013,"OMN",0,0,0,18,9.7,5,11.3
2014,"OMN",0,0,0,18,9.7,5,11.2
2015,"OMN",0,0,0,19,9.6,5,11.2
2016,"OMN",0,0,0,19,9.6,5,11.2
2017,"OMN",0,0,0,19,9.6,5,11.2
2018,"OMN",0,0,0,NA,9.6,5,11.1
2019,"OMN",0,0,0,NA,9.5,4.9,11.1
2000,"PAK",1,0,0,286,84.6,56.8,107.8
2001,"PAK",1,1,0,275,82.6,55.8,105
2002,"PAK",1,1,0,264,80.9,54.9,102.4
2003,"PAK",1,0,0,254,79.3,54,100.2
2004,"PAK",1,1,0,243,77.9,53.3,98.1
2005,"PAK",1,1,0,237,76.6,52.6,96.3
2006,"PAK",1,0,0,222,75.4,52,94.5
2007,"PAK",1,0,0,214,74.1,51.4,92.7
2008,"PAK",1,1,0,205,72.8,50.9,90.9
2009,"PAK",1,0,0,199,71.5,50.4,89.1
2010,"PAK",1,0,0,191,70.1,49.8,87.1
2011,"PAK",1,1,0,180,68.6,49,85
2012,"PAK",1,0,0,173,67,48.1,82.8
2013,"PAK",1,1,0,166,65.4,47.1,80.6
2014,"PAK",1,0,0,161,63.8,46.2,78.3
2015,"PAK",1,1,0,154,62.1,45.2,76
2016,"PAK",1,1,0,143,60.5,44.3,73.8
2017,"PAK",1,0,0,140,58.9,43.3,71.6
2018,"PAK",1,0,0,NA,57.3,42.3,69.5
2019,"PAK",1,1,1,NA,55.7,41.4,67.3
2000,"PAN",0,0,0,91,21.9,14.7,26
2001,"PAN",0,0,0,86,21.4,14.3,25.4
2002,"PAN",0,0,0,91,20.9,14,24.8
2003,"PAN",0,1,0,93,20.5,13.6,24.1
2004,"PAN",0,0,0,88,20,13.2,23.5
2005,"PAN",0,0,0,88,19.5,12.9,22.9
2006,"PAN",0,0,0,88,19,12.5,22.3
2007,"PAN",0,0,0,86,18.5,12.2,21.7
2008,"PAN",0,0,0,84,18,11.9,21.1
2009,"PAN",0,0,0,82,17.5,11.5,20.5
2010,"PAN",0,0,0,79,17,11.1,19.9
2011,"PAN",0,0,0,76,16.5,10.8,19.3
2012,"PAN",0,0,0,74,16,10.4,18.7
2013,"PAN",0,0,1,66,15.5,10.1,18.1
2014,"PAN",0,0,0,60,15.1,9.8,17.6
2015,"PAN",0,0,1,58,14.6,9.5,17
2016,"PAN",0,0,0,55,14.1,9.2,16.4
2017,"PAN",0,0,0,52,13.7,8.9,15.9
2018,"PAN",0,0,1,NA,13.2,8.6,15.4
2019,"PAN",0,0,0,NA,12.8,8.3,14.8
2000,"PER",1,0,0,144,29.3,16.1,38.2
2001,"PER",0,1,0,138,27.2,15.2,35.3
2002,"PER",0,0,1,132,25.2,14.3,32.7
2003,"PER",0,0,0,127,23.5,13.5,30.4
2004,"PER",0,0,1,122,22,12.8,28.3
2005,"PER",0,1,0,118,20.6,12.2,26.5
2006,"PER",0,0,1,114,19.3,11.7,24.9
2007,"PER",0,1,0,112,18.2,11.1,23.4
2008,"PER",1,0,0,108,17.1,10.6,22
2009,"PER",1,0,0,106,16.2,10.1,20.8
2010,"PER",1,0,0,104,15.3,9.7,19.8
2011,"PER",1,1,0,102,14.6,9.4,18.8
2012,"PER",0,1,0,100,13.9,9,17.9
2013,"PER",0,1,0,98,13.3,8.7,17.1
2014,"PER",0,1,0,96,12.7,8.4,16.4
2015,"PER",0,0,0,94,12.2,8,15.7
2016,"PER",0,1,0,91,11.7,7.8,15
2017,"PER",0,0,0,88,11.2,7.5,14.4
2018,"PER",0,1,0,NA,10.7,7.2,13.8
2019,"PER",0,1,0,NA,10.3,7,13.3
2000,"PHL",1,0,0,160,28.7,16.5,37.7
2001,"PHL",1,0,0,163,28.2,16.5,36.9
2002,"PHL",1,1,1,160,27.8,16.3,36.2
2003,"PHL",1,0,0,156,27.3,16.2,35.5
2004,"PHL",1,0,0,156,26.9,16,34.9
2005,"PHL",1,0,0,156,26.4,15.8,34.2
2006,"PHL",1,0,0,156,26,15.6,33.6
2007,"PHL",1,0,1,149,25.7,15.4,33
2008,"PHL",1,0,0,148,25.3,15.2,32.5
2009,"PHL",1,1,0,149,25,15,32.1
2010,"PHL",1,0,0,144,24.8,14.9,31.7
2011,"PHL",1,1,0,141,24.5,14.7,31.3
2012,"PHL",1,1,0,139,24.2,14.6,30.9
2013,"PHL",1,1,0,136,23.9,14.4,30.5
2014,"PHL",1,0,0,131,23.7,14.3,30.1
2015,"PHL",1,0,1,127,23.4,14.1,29.6
2016,"PHL",1,1,0,124,23,13.9,29.1
2017,"PHL",1,1,0,121,22.6,13.6,28.5
2018,"PHL",1,0,0,NA,22.1,13.3,27.9
2019,"PHL",1,1,1,NA,21.5,12.9,27.1
2000,"PNG",1,1,0,249,53.6,30.2,71.1
2001,"PNG",0,1,0,242,52.8,29.6,69.9
2002,"PNG",1,1,0,234,52.1,29.1,68.8
2003,"PNG",0,0,0,225,51.3,28.7,67.5
2004,"PNG",0,0,0,213,50.4,28.2,66.2
2005,"PNG",0,1,0,200,49.6,27.9,64.9
2006,"PNG",0,0,0,187,48.7,27.6,63.5
2007,"PNG",0,0,0,179,47.8,27.3,62.1
2008,"PNG",0,0,0,173,46.8,27,60.8
2009,"PNG",0,0,0,170,45.9,26.6,59.3
2010,"PNG",0,0,0,168,44.9,26.1,57.9
2011,"PNG",0,0,0,166,44,25.6,56.5
2012,"PNG",0,0,0,164,43,25.1,55.2
2013,"PNG",1,0,0,160,42.1,24.7,53.8
2014,"PNG",0,0,0,155,41.2,24.3,52.4
2015,"PNG",0,0,1,151,40.2,23.8,51
2016,"PNG",0,0,0,148,39.3,23.4,49.7
2017,"PNG",0,0,0,145,38.2,22.9,48.2
2018,"PNG",0,1,0,NA,37.2,22.5,46.8
2019,"PNG",0,1,0,NA,36.2,22,45.3
2000,"POL",0,0,0,7,8.1,5.8,9.3
2001,"POL",0,0,0,6,7.6,5.4,8.8
2002,"POL",0,0,0,5,7.3,5.2,8.4
2003,"POL",0,0,0,5,7,5,8.1
2004,"POL",0,0,0,5,6.8,4.8,7.8
2005,"POL",0,0,0,4,6.5,4.6,7.6
2006,"POL",0,0,0,4,6.3,4.4,7.3
2007,"POL",0,0,0,4,6.1,4.2,7
2008,"POL",0,0,0,4,5.8,4,6.7
2009,"POL",0,0,0,3,5.5,3.8,6.3
2010,"POL",0,0,0,3,5.1,3.6,6
2011,"POL",0,0,0,3,4.9,3.4,5.7
2012,"POL",0,0,0,3,4.7,3.2,5.4
2013,"POL",0,0,0,3,4.5,3.1,5.2
2014,"POL",0,0,0,2,4.3,3,5
2015,"POL",0,0,0,2,4.2,2.9,4.9
2016,"POL",0,0,0,2,4.1,2.9,4.7
2017,"POL",0,0,0,2,4,2.8,4.6
2018,"POL",0,0,1,NA,3.9,2.8,4.5
2019,"POL",0,0,0,NA,3.8,2.7,4.4
2000,"PRI",0,0,0,26,NA,NA,NA
2001,"PRI",0,0,0,26,NA,NA,NA
2002,"PRI",0,0,0,24,NA,NA,NA
2003,"PRI",0,0,0,23,NA,NA,NA
2004,"PRI",0,0,0,25,NA,NA,NA
2005,"PRI",0,0,0,23,NA,NA,NA
2006,"PRI",0,0,0,23,NA,NA,NA
2007,"PRI",0,0,0,23,NA,NA,NA
2008,"PRI",0,0,0,23,NA,NA,NA
2009,"PRI",0,0,0,23,NA,NA,NA
2010,"PRI",0,0,0,21,NA,NA,NA
2011,"PRI",0,0,0,22,NA,NA,NA
2012,"PRI",0,0,0,19,NA,NA,NA
2013,"PRI",0,0,0,20,NA,NA,NA
2014,"PRI",0,0,0,21,NA,NA,NA
2015,"PRI",0,0,0,20,NA,NA,NA
2016,"PRI",0,0,0,20,NA,NA,NA
2017,"PRI",0,0,0,21,NA,NA,NA
2018,"PRI",0,0,0,NA,NA,NA,NA
2019,"PRI",0,0,0,NA,NA,NA,NA
2000,"PRK",0,0,0,139,44.5,27.3,60
2001,"PRK",0,0,0,128,39.1,24.9,52.1
2002,"PRK",0,0,0,122,34.2,22.5,44.7
2003,"PRK",0,0,0,121,30.4,20.5,38.9
2004,"PRK",0,0,0,120,27.8,18.8,35
2005,"PRK",0,0,0,120,26.4,17.7,33
2006,"PRK",0,0,0,120,26,17.4,32.4
2007,"PRK",0,0,0,119,25.7,17.4,32.2
2008,"PRK",0,0,0,118,25.2,17.1,31.8
2009,"PRK",0,0,0,113,24.4,16.7,31
2010,"PRK",0,0,0,106,23.1,15.9,29.5
2011,"PRK",0,0,0,100,21.5,14.9,27.7
2012,"PRK",0,0,1,96,19.8,13.9,25.7
2013,"PRK",0,0,0,94,18.3,12.9,24
2014,"PRK",0,0,0,93,17,12.1,22.4
2015,"PRK",0,0,1,91,16,11.4,21.1
2016,"PRK",0,0,0,90,15.1,10.8,20
2017,"PRK",0,0,1,89,14.4,10.3,19
2018,"PRK",0,0,0,NA,13.7,9.8,18.2
2019,"PRK",0,0,1,NA,13.1,9.3,17.3
2000,"PRT",0,0,0,10,5.5,3.4,7.2
2001,"PRT",0,0,0,10,5.1,3.2,6.6
2002,"PRT",0,0,0,10,4.7,3,6.1
2003,"PRT",0,0,0,10,4.3,2.8,5.5
2004,"PRT",0,0,1,10,3.9,2.6,5
2005,"PRT",0,0,0,9,3.6,2.4,4.6
2006,"PRT",0,0,0,9,3.4,2.2,4.4
2007,"PRT",0,0,0,9,3.3,2.1,4.2
2008,"PRT",0,0,0,9,3.2,2.1,4
2009,"PRT",0,0,0,9,3.1,2.1,3.9
2010,"PRT",0,0,0,9,3.1,2.1,3.8
2011,"PRT",0,0,0,9,3,2.1,3.7
2012,"PRT",0,0,0,9,3,2.1,3.7
2013,"PRT",0,0,0,8,3,2.1,3.7
2014,"PRT",0,0,0,8,3,2.1,3.6
2015,"PRT",0,0,0,9,3,2.1,3.6
2016,"PRT",0,0,0,9,3,2.1,3.6
2017,"PRT",0,0,0,8,3,2,3.6
2018,"PRT",0,0,0,NA,2.9,2,3.6
2019,"PRT",0,0,0,NA,2.8,1.9,3.4
2000,"PRY",0,0,0,194,27.9,18.1,33.9
2001,"PRY",0,0,0,191,27.4,17.7,33.1
2002,"PRY",0,0,0,188,26.8,17.3,32.3
2003,"PRY",0,0,0,185,26.2,16.9,31.6
2004,"PRY",0,0,0,180,25.6,16.5,30.8
2005,"PRY",0,0,1,174,25,16.1,30
2006,"PRY",0,0,0,168,24.5,15.7,29.3
2007,"PRY",0,0,0,163,23.9,15.2,28.5
2008,"PRY",0,0,1,158,23.2,14.8,27.7
2009,"PRY",0,0,1,153,22.6,14.4,26.9
2010,"PRY",0,0,0,148,22,14,26.2
2011,"PRY",0,0,0,145,21.4,13.5,25.4
2012,"PRY",0,0,1,141,20.8,13.1,24.6
2013,"PRY",0,0,1,138,20.2,12.7,23.8
2014,"PRY",0,0,0,135,19.6,12.3,23
2015,"PRY",0,0,0,132,19,11.9,22.3
2016,"PRY",0,0,1,130,18.4,11.6,21.6
2017,"PRY",0,0,0,129,17.8,11.2,20.9
2018,"PRY",0,0,0,NA,17.2,10.8,20.2
2019,"PRY",0,0,0,NA,16.7,10.4,19.5
2000,"QAT",0,0,0,14,10.7,6.6,12.5
2001,"QAT",0,0,0,14,10.3,6.3,12
2002,"QAT",0,0,0,13,10,6.1,11.6
2003,"QAT",0,0,0,13,9.6,5.9,11.2
2004,"QAT",0,0,0,13,9.3,5.8,10.8
2005,"QAT",0,0,0,12,8.9,5.6,10.4
2006,"QAT",0,0,0,11,8.7,5.3,10.1
2007,"QAT",0,0,0,11,8.4,5.1,9.8
2008,"QAT",0,0,0,11,8.2,4.9,9.6
2009,"QAT",0,0,0,10,8,4.7,9.4
2010,"QAT",0,0,0,10,7.8,4.5,9.1
2011,"QAT",0,0,0,10,7.6,4.4,8.9
2012,"QAT",0,0,0,10,7.4,4.2,8.7
2013,"QAT",0,0,0,10,7.2,4.1,8.4
2014,"QAT",0,0,0,10,7,4,8.1
2015,"QAT",0,0,0,9,6.7,3.9,7.8
2016,"QAT",0,0,0,9,6.3,3.9,7.4
2017,"QAT",0,0,0,9,6,3.8,7
2018,"QAT",0,0,0,NA,5.6,3.8,6.6
2019,"QAT",0,0,0,NA,5.3,3.7,6.1
2000,"ROU",0,0,1,54,18.1,10.5,21.6
2001,"ROU",0,0,0,49,17.3,9.9,20.5
2002,"ROU",0,0,0,47,17,9.6,20.1
2003,"ROU",0,0,0,43,17,9.4,20
2004,"ROU",0,0,0,39,16.5,9.1,19.4
2005,"ROU",0,0,0,35,15.5,8.5,18.1
2006,"ROU",0,0,0,32,14.2,7.7,16.6
2007,"ROU",0,0,0,30,13,6.9,15.2
2008,"ROU",0,0,0,28,11.9,6.3,14
2009,"ROU",0,0,0,28,11.1,5.8,13.1
2010,"ROU",0,0,0,27,10.5,5.4,12.4
2011,"ROU",0,0,0,24,10,5.2,11.8
2012,"ROU",0,0,0,23,9.5,5.1,11.2
2013,"ROU",0,0,0,21,8.9,5,10.6
2014,"ROU",0,0,0,21,8.3,4.7,9.9
2015,"ROU",0,0,0,21,7.7,4.3,9.2
2016,"ROU",0,0,0,21,7,3.9,8.5
2017,"ROU",0,0,0,19,6.5,3.6,7.9
2018,"ROU",0,0,0,NA,6.1,3.4,7.4
2019,"ROU",0,0,0,NA,5.8,3.4,7.1
2000,"RUS",1,1,0,56,15.5,9,19.3
2001,"RUS",1,0,0,53,14.7,8.6,18.3
2002,"RUS",1,0,0,51,13.8,8,17.2
2003,"RUS",1,1,1,49,12.9,7.3,16.1
2004,"RUS",1,1,0,45,12,6.8,14.9
2005,"RUS",1,0,0,42,11.1,6.4,13.8
2006,"RUS",1,1,0,36,10.3,6,12.8
2007,"RUS",1,1,0,32,9.6,5.4,11.9
2008,"RUS",1,1,0,30,9,4.9,11.2
2009,"RUS",1,0,0,27,8.6,4.6,10.7
2010,"RUS",1,0,1,25,8.3,4.6,10.4
2011,"RUS",1,0,0,23,8.1,4.7,10.1
2012,"RUS",1,0,1,22,7.9,4.7,9.8
2013,"RUS",1,0,0,20,7.6,4.6,9.4
2014,"RUS",1,0,0,19,7.2,4.4,8.9
2015,"RUS",1,0,0,18,6.6,4,8.2
2016,"RUS",1,0,0,18,6.1,3.5,7.5
2017,"RUS",1,0,0,17,5.5,3.2,6.9
2018,"RUS",1,0,0,NA,5.1,2.9,6.3
2019,"RUS",1,0,0,NA,4.7,2.6,5.8
2000,"RWA",1,0,0,1160,109.5,43.2,185.2
2001,"RWA",0,0,0,1100,100,40.2,167.4
2002,"RWA",1,1,0,961,90.3,37.3,149.6
2003,"RWA",0,0,1,870,81.4,34.6,133.5
2004,"RWA",0,0,0,758,72.8,32.1,118.6
2005,"RWA",0,0,0,643,65.5,30,105.4
2006,"RWA",0,0,0,541,59.3,28.1,93.9
2007,"RWA",0,0,0,469,54.4,26.5,84.4
2008,"RWA",0,1,0,427,50.2,25.1,76.3
2009,"RWA",0,0,0,424,47,24,69.6
2010,"RWA",0,0,0,373,44,23,63.8
2011,"RWA",0,0,0,349,40.6,22.1,58.6
2012,"RWA",0,0,0,329,38.8,21.3,54.9
2013,"RWA",0,0,0,308,37.1,20.7,52
2014,"RWA",0,0,0,291,35.7,20.2,49.7
2015,"RWA",0,0,0,275,34.6,19.7,47.7
2016,"RWA",0,0,0,260,33.7,19.3,46
2017,"RWA",1,0,0,248,32.9,19,44.6
2018,"RWA",0,0,0,NA,32,18.6,43.4
2019,"RWA",0,0,0,NA,31.1,18.2,41.9
2000,"SAU",0,0,0,24,18.8,11.5,22
2001,"SAU",0,0,0,24,17.7,10.8,20.7
2002,"SAU",0,0,0,23,16.7,10.2,19.6
2003,"SAU",0,0,0,23,15.8,9.6,18.5
2004,"SAU",1,0,0,22,15,9,17.4
2005,"SAU",1,0,0,22,14.2,8.5,16.5
2006,"SAU",1,0,0,21,13.4,8.1,15.5
2007,"SAU",0,0,0,21,12.6,7.6,14.7
2008,"SAU",0,0,0,20,11.9,7.1,13.8
2009,"SAU",0,0,0,20,11.2,6.7,13
2010,"SAU",0,0,0,19,10.5,6.3,12.3
2011,"SAU",0,0,0,18,9.9,5.9,11.5
2012,"SAU",0,0,0,18,9.3,5.6,10.8
2013,"SAU",0,0,0,17,8.8,5.2,10.2
2014,"SAU",0,0,0,17,8.3,4.9,9.6
2015,"SAU",0,0,0,17,7.8,4.6,9.1
2016,"SAU",1,0,0,17,7.3,4.3,8.6
2017,"SAU",1,0,0,17,6.9,4.1,8.1
2018,"SAU",1,0,0,NA,6.6,3.8,7.7
2019,"SAU",0,0,0,NA,6.3,3.6,7.3
2000,"SDN",1,0,0,667,66.9,37.1,104.3
2001,"SDN",1,0,0,645,65,36.4,100.9
2002,"SDN",1,0,0,614,63,35.8,97.4
2003,"SDN",1,0,0,598,61.2,35.2,94.2
2004,"SDN",1,0,0,580,59.4,34.5,91
2005,"SDN",1,0,0,529,57.8,33.9,88.1
2006,"SDN",1,0,0,508,56.2,33.4,85.3
2007,"SDN",1,0,0,479,54.7,33,82.7
2008,"SDN",1,0,0,454,53.3,32.5,80.2
2009,"SDN",1,0,0,433,52,32.2,77.9
2010,"SDN",1,0,0,408,50.7,31.8,75.7
2011,"SDN",1,0,1,390,49.6,31.4,73.7
2012,"SDN",1,0,0,368,48.5,31,71.7
2013,"SDN",1,0,0,349,47.4,30.5,69.8
2014,"SDN",1,0,0,333,46.3,30,67.9
2015,"SDN",1,0,1,320,45.2,29.5,65.9
2016,"SDN",1,0,0,308,44.1,29,63.9
2017,"SDN",1,0,0,295,43,28.5,62
2018,"SDN",1,0,0,NA,42,27.8,60.1
2019,"SDN",1,0,0,NA,41,27.3,58.4
2000,"SEN",1,0,0,553,67.7,38.2,129.5
2001,"SEN",1,0,0,545,65.2,37.2,122.9
2002,"SEN",1,0,1,537,62.3,36,115.1
2003,"SEN",1,0,0,532,59.2,34.7,107
2004,"SEN",1,0,0,526,56.1,33.4,99.1
2005,"SEN",0,0,0,519,53.2,32.1,91.8
2006,"SEN",1,0,0,514,50.6,30.8,85.2
2007,"SEN",1,0,0,504,48.2,29.6,79.4
2008,"SEN",0,0,0,492,46.1,28.6,74.3
2009,"SEN",0,0,0,472,44.1,27.6,69.8
2010,"SEN",0,0,0,447,42.4,26.8,65.7
2011,"SEN",0,0,1,423,40.7,26,62.1
2012,"SEN",1,0,0,400,39.2,25.3,58.7
2013,"SEN",0,0,0,381,37.6,24.7,55.4
2014,"SEN",0,0,1,364,36.2,24.2,52.3
2015,"SEN",0,0,0,346,34.7,23.7,49.4
2016,"SEN",0,0,0,330,33.3,23.1,46.5
2017,"SEN",0,0,0,315,32,22.4,44
2018,"SEN",0,0,1,NA,30.8,21.8,41.7
2019,"SEN",0,0,0,NA,29.8,21.1,39.7
2000,"SGP",0,0,0,13,3,1.6,3.9
2001,"SGP",0,0,0,13,2.8,1.5,3.6
2002,"SGP",0,0,0,14,2.6,1.4,3.4
2003,"SGP",0,0,0,13,2.5,1.3,3.2
2004,"SGP",0,0,0,14,2.4,1.3,3
2005,"SGP",0,0,0,13,2.3,1.2,2.9
2006,"SGP",0,0,0,13,2.3,1.2,2.9
2007,"SGP",0,0,0,12,2.3,1.2,2.9
2008,"SGP",0,0,0,11,2.3,1.2,2.8
2009,"SGP",0,0,0,10,2.3,1.2,2.8
2010,"SGP",0,0,0,10,2.3,1.1,2.8
2011,"SGP",0,0,0,10,2.2,1.1,2.8
2012,"SGP",0,0,0,10,2.2,1.1,2.8
2013,"SGP",0,0,0,9,2.2,1,2.8
2014,"SGP",0,0,0,8,2.2,1,2.7
2015,"SGP",0,0,0,9,2.2,1,2.7
2016,"SGP",0,0,0,8,2.2,1,2.7
2017,"SGP",0,0,0,8,2.2,1,2.6
2018,"SGP",0,0,0,NA,2.1,0.9,2.5
2019,"SGP",0,0,0,NA,2,0.8,2.4
2000,"SLB",0,0,0,245,25.6,12.8,30.7
2001,"SLB",0,0,0,233,25.3,12.7,30.4
2002,"SLB",0,0,0,222,25.1,12.6,30.1
2003,"SLB",0,0,0,210,24.9,12.5,29.8
2004,"SLB",0,0,0,199,24.7,12.3,29.6
2005,"SLB",0,0,0,188,24.4,12.1,29.3
2006,"SLB",0,0,0,177,24.1,11.9,28.9
2007,"SLB",0,1,0,172,23.8,11.7,28.4
2008,"SLB",0,0,0,159,23.3,11.4,27.8
2009,"SLB",0,0,0,152,22.8,11.1,27.1
2010,"SLB",0,1,0,141,22.2,10.8,26.4
2011,"SLB",0,0,0,134,21.6,10.5,25.6
2012,"SLB",0,0,0,127,21,10.1,24.9
2013,"SLB",0,1,0,122,20.5,9.8,24.2
2014,"SLB",0,0,0,120,19.9,9.5,23.4
2015,"SLB",0,0,1,112,19.3,9.2,22.7
2016,"SLB",0,1,0,108,18.8,8.9,22
2017,"SLB",0,0,0,104,18.2,8.6,21.4
2018,"SLB",0,0,0,NA,17.7,8.4,20.7
2019,"SLB",0,0,0,NA,17.1,8.1,20
2000,"SLE",1,0,0,2480,138.1,48.4,224.9
2001,"SLE",1,0,0,2250,135.6,47.8,219.4
2002,"SLE",1,0,0,2080,132.9,47.2,213.9
2003,"SLE",0,0,0,1960,130.2,46.5,208.1
2004,"SLE",0,0,0,1850,127.2,45.7,202
2005,"SLE",0,0,0,1760,124.1,44.9,195.5
2006,"SLE",0,0,0,1680,120.9,44.1,188.9
2007,"SLE",0,0,0,1610,117.6,43.1,182
2008,"SLE",0,0,0,1530,114.2,41.9,174.9
2009,"SLE",0,0,0,1450,110.6,40.7,167.7
2010,"SLE",0,0,0,1360,107.2,39.5,160.6
2011,"SLE",0,0,0,1270,103.8,38.4,153.8
2012,"SLE",0,0,0,1210,100.7,37.4,147.3
2013,"SLE",0,0,0,1180,97.7,36.5,141.2
2014,"SLE",0,0,0,1190,95.6,35.7,139.2
2015,"SLE",0,0,0,1180,95.1,35,140.2
2016,"SLE",0,0,0,1120,89.7,34.1,125.4
2017,"SLE",0,0,0,1120,87.3,33.4,120.7
2018,"SLE",0,0,0,NA,84.8,32.7,116.2
2019,"SLE",0,0,0,NA,82.4,32,111.9
2000,"SLV",0,0,0,73,27.4,15,33.2
2001,"SLV",0,1,1,75,26,14.1,31.3
2002,"SLV",0,0,0,68,24.7,13.4,29.6
2003,"SLV",0,0,0,66,23.5,12.8,28.1
2004,"SLV",0,0,0,64,22.4,12.1,26.6
2005,"SLV",0,1,0,62,21.2,11.6,25.1
2006,"SLV",0,1,0,60,20.2,11.1,23.8
2007,"SLV",0,0,0,58,19.2,10.6,22.6
2008,"SLV",0,0,0,57,18.3,10.1,21.4
2009,"SLV",0,0,1,57,17.4,9.7,20.4
2010,"SLV",0,0,0,54,16.6,9.3,19.4
2011,"SLV",0,0,0,53,15.8,8.9,18.5
2012,"SLV",0,0,0,52,15.1,8.5,17.6
2013,"SLV",0,0,0,50,14.4,8.2,16.8
2014,"SLV",0,0,1,49,13.8,7.8,16.1
2015,"SLV",0,0,0,48,13.3,7.5,15.5
2016,"SLV",0,0,0,47,12.8,7.2,14.9
2017,"SLV",0,0,0,46,12.3,7,14.3
2018,"SLV",0,1,1,NA,11.9,6.7,13.8
2019,"SLV",0,1,0,NA,11.5,6.5,13.3
2000,"SOM",1,0,0,1210,104.4,44.7,172.7
2001,"SOM",1,0,0,1170,104.4,44.9,172.7
2002,"SOM",1,0,0,1140,104.4,45.3,172.7
2003,"SOM",1,0,0,1100,104.4,45.6,172.7
2004,"SOM",1,1,1,1080,104.4,45.7,172.7
2005,"SOM",1,0,1,1040,104.4,45.9,172.6
2006,"SOM",1,0,0,1040,104,45.9,172
2007,"SOM",1,0,0,1030,103,45.5,170.1
2008,"SOM",1,0,1,1010,101.1,45,166.5
2009,"SOM",1,0,0,994,98.7,44.3,161.9
2010,"SOM",1,0,1,985,96.2,43.6,157.4
2011,"SOM",1,0,1,955,93.8,42.9,152.8
2012,"SOM",1,0,0,943,91,42.4,147.8
2013,"SOM",1,0,0,893,88.4,41.6,143
2014,"SOM",1,0,1,878,85.9,40.8,138.4
2015,"SOM",1,0,1,855,83.6,40,134.3
2016,"SOM",1,0,0,865,81.4,39.3,130.3
2017,"SOM",1,0,0,829,79.1,38.7,126.1
2018,"SOM",1,0,0,NA,76.8,38.1,122
2019,"SOM",1,0,1,NA,74.8,37.4,118.3
2000,"SRB",1,0,0,13,10.9,7.8,12.6
2001,"SRB",0,0,0,13,10.6,7.5,12.2
2002,"SRB",0,0,0,13,9.9,7.1,11.5
2003,"SRB",0,0,0,13,9.1,6.5,10.5
2004,"SRB",0,0,0,13,8.4,6,9.7
2005,"SRB",0,0,0,12,7.7,5.6,8.9
2006,"SRB",0,0,0,12,7.3,5.2,8.4
2007,"SRB",0,0,0,12,7,5.1,8.1
2008,"SRB",0,0,0,12,6.9,5,8
2009,"SRB",0,0,0,12,6.7,4.9,7.8
2010,"SRB",0,1,0,12,6.6,4.8,7.6
2011,"SRB",0,0,0,12,6.4,4.7,7.4
2012,"SRB",0,0,0,12,6.2,4.5,7.1
2013,"SRB",0,0,0,12,5.9,4.4,6.9
2014,"SRB",0,0,0,12,5.7,4.2,6.6
2015,"SRB",0,0,0,13,5.4,4,6.3
2016,"SRB",0,0,0,12,5.2,3.8,6
2017,"SRB",0,0,0,12,5.1,3.7,5.9
2018,"SRB",0,0,0,NA,5,3.6,5.8
2019,"SRB",0,0,0,NA,4.9,3.6,5.7
2000,"SSD",0,0,0,1730,108.9,56,181.2
2001,"SSD",0,0,0,1690,104.1,54.9,172.1
2002,"SSD",0,0,0,1660,99.5,53.5,163.4
2003,"SSD",0,0,0,1610,95,52.3,155.1
2004,"SSD",0,0,0,1550,90.7,51,147.3
2005,"SSD",0,0,0,1480,86.6,49.8,139.7
2006,"SSD",0,0,0,1410,82.8,48.5,132.7
2007,"SSD",0,0,0,1330,79.1,47.1,126.1
2008,"SSD",0,0,0,1250,75.7,45.7,119.9
2009,"SSD",0,0,1,1170,72.4,44.3,114
2010,"SSD",0,0,0,1100,69.2,43,108.4
2011,"SSD",0,0,0,1070,66.4,41.7,103.5
2012,"SSD",1,0,0,1050,64.5,40.9,100
2013,"SSD",1,0,0,1090,63.6,40.4,98.3
2014,"SSD",1,0,0,1140,63.3,40.3,97.9
2015,"SSD",1,0,0,1110,63.3,40.3,97.9
2016,"SSD",1,0,1,1130,63.3,40.4,97.9
2017,"SSD",1,0,0,1150,63.3,40.5,97.9
2018,"SSD",1,0,0,NA,63.3,40.4,97.9
2019,"SSD",1,0,0,NA,63.3,40.3,97.9
2000,"STP",0,0,0,179,54.3,22.2,82
2001,"STP",0,0,0,173,51.2,21.8,76.5
2002,"STP",0,0,0,169,48,21.3,71
2003,"STP",0,0,0,167,45,20.6,65.6
2004,"STP",0,0,0,166,42.1,19.8,60.4
2005,"STP",0,0,0,163,39.3,19.1,55.5
2006,"STP",0,0,0,158,36.6,18.5,50.9
2007,"STP",0,0,0,154,34.2,17.9,46.7
2008,"STP",0,0,0,150,31.9,17.4,42.9
2009,"STP",0,0,0,145,29.7,16.8,39.3
2010,"STP",0,0,0,140,27.6,16.1,36.1
2011,"STP",0,0,0,137,25.7,15.1,33
2012,"STP",0,0,0,134,23.7,14,30.2
2013,"STP",0,0,0,132,22,13,27.7
2014,"STP",0,0,0,131,20.1,12,25.3
2015,"STP",0,0,0,130,18.5,11.1,23.1
2016,"STP",0,0,0,130,16.9,10.2,21.2
2017,"STP",0,0,0,130,15.5,9.4,19.5
2018,"STP",0,0,0,NA,14.4,8.8,18.1
2019,"STP",0,0,0,NA,13.5,8.2,17
2000,"SUR",0,0,0,221,27.5,17.1,31.2
2001,"SUR",0,0,0,218,26.6,17,30.1
2002,"SUR",0,0,0,207,25.7,17,29.1
2003,"SUR",0,0,0,189,24.9,17,28.2
2004,"SUR",0,0,0,176,24.2,17,27.3
2005,"SUR",0,0,0,164,23.5,16.8,26.5
2006,"SUR",0,0,0,165,22.9,16.5,25.7
2007,"SUR",0,0,0,167,22.2,16.1,25
2008,"SUR",0,0,0,169,21.7,15.7,24.4
2009,"SUR",0,0,0,159,21.1,15.2,23.7
2010,"SUR",0,0,0,148,20.6,14.8,23.1
2011,"SUR",0,0,0,139,20.1,14.3,22.5
2012,"SUR",0,0,0,134,19.6,13.9,22
2013,"SUR",0,0,0,129,19.1,13.4,21.4
2014,"SUR",0,0,0,124,18.6,13.1,20.9
2015,"SUR",0,0,0,122,18.2,12.7,20.3
2016,"SUR",0,0,0,121,17.7,12.4,19.8
2017,"SUR",0,0,0,120,17.2,12,19.3
2018,"SUR",0,0,0,NA,16.7,11.6,18.7
2019,"SUR",0,0,0,NA,16.2,11.2,18.1
2000,"SVK",0,0,0,8,8.2,5,9.8
2001,"SVK",0,0,0,8,7.9,4.8,9.4
2002,"SVK",0,0,0,7,7.6,4.6,9.1
2003,"SVK",0,0,0,7,7.3,4.3,8.8
2004,"SVK",0,0,0,7,7.1,4,8.5
2005,"SVK",0,0,0,7,6.8,3.8,8.2
2006,"SVK",0,0,0,6,6.6,3.6,7.9
2007,"SVK",0,0,0,7,6.4,3.5,7.7
2008,"SVK",0,0,0,6,6.1,3.4,7.4
2009,"SVK",0,0,0,6,5.9,3.4,7.2
2010,"SVK",0,0,0,6,5.8,3.3,7
2011,"SVK",0,0,0,6,5.6,3.3,6.8
2012,"SVK",0,0,0,6,5.5,3.3,6.6
2013,"SVK",0,0,0,6,5.3,3.2,6.5
2014,"SVK",0,0,0,5,5.2,3.1,6.4
2015,"SVK",0,0,0,6,5.1,3.1,6.2
2016,"SVK",0,0,0,6,5,3,6.1
2017,"SVK",0,0,0,5,4.9,3,6
2018,"SVK",0,0,0,NA,4.9,3,5.9
2019,"SVK",0,0,0,NA,4.8,3,5.8
2000,"SVN",0,0,0,12,4.6,3.2,5.5
2001,"SVN",0,0,0,10,4.3,3.1,5.2
2002,"SVN",0,0,0,11,4.1,2.9,4.9
2003,"SVN",0,0,0,10,3.9,2.8,4.7
2004,"SVN",0,1,0,11,3.7,2.6,4.4
2005,"SVN",0,0,0,10,3.5,2.4,4.2
2006,"SVN",0,0,0,8,3.3,2.3,4
2007,"SVN",0,0,0,8,3.1,2.1,3.8
2008,"SVN",0,0,0,8,2.9,2,3.6
2009,"SVN",0,0,0,8,2.8,1.9,3.4
2010,"SVN",0,0,0,8,2.6,1.8,3.2
2011,"SVN",0,0,0,8,2.5,1.7,3.1
2012,"SVN",0,0,0,7,2.4,1.6,2.9
2013,"SVN",0,0,0,7,2.3,1.5,2.8
2014,"SVN",0,0,0,7,2.2,1.5,2.7
2015,"SVN",0,0,0,7,2.1,1.4,2.6
2016,"SVN",0,0,0,7,2,1.4,2.5
2017,"SVN",0,0,0,7,2,1.3,2.4
2018,"SVN",0,0,0,NA,1.9,1.3,2.3
2019,"SVN",0,0,0,NA,1.8,1.3,2.3
2000,"SWE",0,0,0,5,3.4,2.3,4.1
2001,"SWE",0,0,0,5,3.4,2.3,4.1
2002,"SWE",0,0,0,5,3.3,2.2,4
2003,"SWE",0,0,0,5,3.2,2.1,3.9
2004,"SWE",0,0,0,5,3.1,2,3.7
2005,"SWE",0,0,0,5,3,1.9,3.6
2006,"SWE",0,0,0,5,2.8,1.8,3.4
2007,"SWE",0,0,0,5,2.7,1.8,3.3
2008,"SWE",0,0,0,5,2.6,1.7,3.2
2009,"SWE",0,0,0,5,2.6,1.7,3.1
2010,"SWE",0,0,0,4,2.5,1.6,3.1
2011,"SWE",0,0,0,5,2.5,1.6,3
2012,"SWE",0,0,0,5,2.4,1.6,3
2013,"SWE",0,0,0,5,2.4,1.6,2.9
2014,"SWE",0,0,0,5,2.4,1.6,2.9
2015,"SWE",0,0,0,4,2.3,1.6,2.9
2016,"SWE",0,0,0,4,2.3,1.5,2.8
2017,"SWE",0,0,0,4,2.3,1.5,2.8
2018,"SWE",0,0,0,NA,2.2,1.5,2.7
2019,"SWE",0,0,0,NA,2.2,1.5,2.7
2000,"SWZ",0,0,0,521,67.8,25.3,112.2
2001,"SWZ",0,0,1,528,69,25.2,115.8
2002,"SWZ",0,0,0,534,69.6,24.9,117.7
2003,"SWZ",0,0,0,538,69.8,24.5,119.2
2004,"SWZ",0,0,0,539,69.1,23.9,119.7
2005,"SWZ",0,0,0,532,68.3,23.3,119.4
2006,"SWZ",0,0,0,518,58.8,22.8,109
2007,"SWZ",0,0,1,496,59.3,22.4,103.8
2008,"SWZ",0,0,0,474,61.1,22.3,101.9
2009,"SWZ",0,0,0,460,57.9,22.3,96
2010,"SWZ",0,0,0,450,54.7,22.4,85.5
2011,"SWZ",0,0,0,441,51.5,22.5,73.4
2012,"SWZ",0,0,0,435,50.6,22.6,66
2013,"SWZ",0,0,0,432,49.5,22.5,62.5
2014,"SWZ",0,0,0,434,50.1,22.4,62.4
2015,"SWZ",0,0,0,435,45.2,22.1,57.2
2016,"SWZ",0,0,1,436,42.6,21.8,55.6
2017,"SWZ",0,0,0,437,43.5,21.5,57.9
2018,"SWZ",0,0,0,NA,39.4,21.1,52.2
2019,"SWZ",0,0,1,NA,37.7,20.7,48
2000,"SYC",0,0,0,53,11.8,8.7,13.8
2001,"SYC",0,0,0,54,11.8,8.7,13.7
2002,"SYC",0,0,0,54,11.8,8.6,13.7
2003,"SYC",0,0,0,54,11.8,8.6,13.7
2004,"SYC",0,1,0,55,11.8,8.6,13.7
2005,"SYC",0,0,0,55,11.8,8.6,13.7
2006,"SYC",0,0,0,55,11.9,8.6,13.8
2007,"SYC",0,0,0,55,11.9,8.6,13.8
2008,"SYC",0,0,0,55,12,8.6,13.9
2009,"SYC",0,0,0,55,12,8.6,14
2010,"SYC",0,0,0,55,12.1,8.7,14.1
2011,"SYC",0,0,0,55,12.2,8.7,14.2
2012,"SYC",0,0,0,55,12.4,8.8,14.4
2013,"SYC",0,0,0,55,12.5,8.9,14.5
2014,"SYC",0,0,0,55,12.6,8.9,14.7
2015,"SYC",0,0,0,54,12.7,9,14.8
2016,"SYC",0,0,0,54,12.8,9,14.8
2017,"SYC",0,0,0,53,12.7,8.9,14.7
2018,"SYC",0,0,0,NA,12.5,8.8,14.5
2019,"SYC",0,0,0,NA,12.3,8.6,14.3
2000,"SYR",0,0,0,26,19.6,12.1,23
2001,"SYR",0,0,0,26,18.9,11.8,22.1
2002,"SYR",0,0,0,26,18.2,11.5,21.4
2003,"SYR",0,0,0,25,17.7,11.2,20.7
2004,"SYR",0,0,0,26,17.2,11,20.1
2005,"SYR",0,0,0,25,16.8,10.7,19.7
2006,"SYR",0,0,0,26,16.5,10.5,19.3
2007,"SYR",0,0,0,26,16.3,10.4,19.1
2008,"SYR",0,0,1,26,16.2,10.2,18.9
2009,"SYR",0,0,0,26,16.1,10.1,18.8
2010,"SYR",0,0,0,27,16.2,10.1,18.9
2011,"SYR",0,0,0,28,16.7,10.1,20.1
2012,"SYR",1,0,0,28,23.4,10.4,37
2013,"SYR",1,0,0,29,26.8,10.6,45.3
2014,"SYR",1,0,0,30,27.7,10.8,47
2015,"SYR",1,0,0,30,25.6,10.8,41.6
2016,"SYR",1,0,0,30,25,10.9,39.5
2017,"SYR",1,0,0,31,18.8,10.8,23.5
2018,"SYR",1,0,0,NA,18.9,10.8,23.4
2019,"SYR",1,0,0,NA,18.4,10.8,22.2
2000,"TCD",1,0,0,1420,99.7,44.1,184
2001,"TCD",1,0,1,1410,98.2,43.2,180.5
2002,"TCD",1,0,0,1400,96.8,42.2,177.1
2003,"TCD",1,0,0,1370,95.3,41.4,173.8
2004,"TCD",1,0,0,1350,93.9,40.6,170.4
2005,"TCD",1,0,0,1330,92.4,39.9,166.9
2006,"TCD",1,0,0,1340,90.8,39.4,163.3
2007,"TCD",1,0,0,1300,89.2,38.9,159.6
2008,"TCD",1,0,0,1310,87.5,38.6,155.7
2009,"TCD",1,0,1,1270,85.8,38.2,151.7
2010,"TCD",1,0,0,1240,84.1,37.8,147.7
2011,"TCD",0,0,0,1210,82.3,37.5,143.7
2012,"TCD",0,0,1,1190,80.6,37.1,139.8
2013,"TCD",0,0,0,1170,78.9,36.6,135.9
2014,"TCD",0,0,0,1170,77.3,36.1,132.3
2015,"TCD",0,0,0,1160,75.7,35.5,128.7
2016,"TCD",1,0,0,1140,74.1,35,124.9
2017,"TCD",1,0,1,1140,72.4,34.5,121.1
2018,"TCD",1,0,0,NA,70.7,33.8,117.3
2019,"TCD",1,0,0,NA,69,33.3,113.5
2000,"TGO",0,0,0,489,75.7,36.7,119.9
2001,"TGO",0,0,0,489,73.7,35.8,116.4
2002,"TGO",0,0,0,489,71.8,35,112.9
2003,"TGO",0,0,0,489,69.9,34.3,109.5
2004,"TGO",0,0,0,488,68,33.6,106.3
2005,"TGO",0,0,0,492,66.3,32.9,103.1
2006,"TGO",1,0,0,482,64.6,32.2,100.1
2007,"TGO",0,0,0,480,62.9,31.5,97.3
2008,"TGO",0,0,0,473,61.4,30.8,94.4
2009,"TGO",0,0,0,458,59.8,30.1,91.7
2010,"TGO",0,0,0,440,58.3,29.5,89
2011,"TGO",0,0,0,422,56.7,28.9,86.2
2012,"TGO",0,0,0,410,55.2,28.4,83.5
2013,"TGO",0,0,0,404,53.7,27.8,80.9
2014,"TGO",0,0,0,401,52.2,27.4,78.3
2015,"TGO",0,0,0,398,50.8,26.9,75.9
2016,"TGO",0,0,0,395,49.4,26.4,73.4
2017,"TGO",0,0,0,396,48.1,25.9,71.1
2018,"TGO",0,0,0,NA,46.8,25.4,68.8
2019,"TGO",0,0,0,NA,45.5,25,66.5
2000,"THA",0,0,0,43,18.7,12.4,22
2001,"THA",0,0,0,43,17.8,11.8,20.9
2002,"THA",1,0,1,44,17,11.2,19.9
2003,"THA",0,0,0,44,16.2,10.7,18.9
2004,"THA",1,1,0,46,15.5,10.2,18
2005,"THA",1,0,1,43,14.8,9.7,17.2
2006,"THA",1,0,0,42,14.1,9.2,16.4
2007,"THA",1,0,0,42,13.4,8.8,15.6
2008,"THA",1,0,1,43,12.8,8.4,14.9
2009,"THA",1,0,0,43,12.2,8,14.2
2010,"THA",1,0,1,42,11.7,7.7,13.6
2011,"THA",1,1,1,41,11.2,7.3,13
2012,"THA",1,0,1,39,10.6,7,12.4
2013,"THA",1,0,0,39,10.2,6.7,11.8
2014,"THA",1,1,1,38,9.7,6.4,11.3
2015,"THA",1,0,1,38,9.3,6.1,10.8
2016,"THA",1,0,0,37,8.9,5.9,10.3
2017,"THA",1,0,0,37,8.5,5.6,9.9
2018,"THA",1,0,0,NA,8.1,5.4,9.4
2019,"THA",1,0,1,NA,7.7,5.1,9
2000,"TJK",0,1,1,53,67.6,28.4,83.6
2001,"TJK",1,0,0,52,62.9,27.2,77.2
2002,"TJK",0,1,0,43,58.4,26,71
2003,"TJK",0,0,0,35,54.2,24.8,65.2
2004,"TJK",0,1,0,33,50.4,23.8,60.1
2005,"TJK",0,0,0,32,47,23.1,55.6
2006,"TJK",0,1,0,29,44.1,22.5,51.9
2007,"TJK",0,1,0,27,41.7,22,48.8
2008,"TJK",0,0,1,26,39.7,21.5,46.3
2009,"TJK",0,0,0,26,38.1,20.8,44.3
2010,"TJK",0,1,0,23,36.9,20.1,42.7
2011,"TJK",1,1,0,22,35.8,19.2,41.4
2012,"TJK",1,1,0,21,35,18.3,40.3
2013,"TJK",0,0,0,20,34.2,17.5,39.4
2014,"TJK",0,0,0,19,33.4,16.8,38.4
2015,"TJK",0,1,0,18,32.6,16.3,37.5
2016,"TJK",0,1,0,17,31.8,15.9,36.5
2017,"TJK",0,0,0,17,30.9,15.4,35.3
2018,"TJK",0,0,0,NA,30.1,15,34.3
2019,"TJK",0,0,0,NA,29.2,14.5,33.3
2000,"TKM",0,1,0,29,57.5,29.6,69.7
2001,"TKM",0,0,0,27,54.7,29,66
2002,"TKM",0,0,0,25,51.9,28.3,62.2
2003,"TKM",0,0,0,21,49.2,27.5,58.6
2004,"TKM",0,0,0,20,46.7,26.7,55.2
2005,"TKM",0,0,0,18,44.4,25.8,52.3
2006,"TKM",0,0,0,18,42.3,25,49.6
2007,"TKM",0,0,0,15,40.6,24.2,47.4
2008,"TKM",0,0,0,13,39.1,23.7,45.5
2009,"TKM",0,0,0,12,38,23.3,44.1
2010,"TKM",0,0,0,10,37.2,23,43.1
2011,"TKM",0,0,0,10,36.7,22.9,42.5
2012,"TKM",0,0,0,9,36.3,22.8,42
2013,"TKM",0,0,0,9,36.3,22.8,41.9
2014,"TKM",0,0,0,8,36.3,23,42
2015,"TKM",0,0,0,8,36.4,23.3,42.2
2016,"TKM",0,0,0,8,36.7,23.5,42.5
2017,"TKM",0,0,0,7,37,23.8,42.9
2018,"TKM",0,0,0,NA,37,23.9,42.8
2019,"TKM",0,0,0,NA,36.6,23.8,42.4
2000,"TLS",0,0,0,745,84.5,37.8,107.7
2001,"TLS",0,0,0,720,80.6,36,102.1
2002,"TLS",0,0,0,668,76.8,34.2,96.5
2003,"TLS",0,0,0,603,73,32.6,91.2
2004,"TLS",0,0,0,507,69.3,31,86
2005,"TLS",0,0,0,415,65.7,29.5,80.9
2006,"TLS",0,0,0,348,62.1,28.3,76.1
2007,"TLS",0,0,1,300,58.8,27.2,71.6
2008,"TLS",0,0,0,269,56,26.2,67.7
2009,"TLS",0,0,0,242,53.6,25.4,64.4
2010,"TLS",0,0,0,219,51.4,24.7,61.5
2011,"TLS",0,0,0,198,49.4,24.1,58.8
2012,"TLS",0,0,0,185,47.5,23.5,56.3
2013,"TLS",0,0,0,176,45.9,22.9,54.2
2014,"TLS",0,0,0,168,44.3,22.4,52.1
2015,"TLS",0,1,0,160,42.8,21.9,50.2
2016,"TLS",0,0,1,152,41.4,21.4,48.4
2017,"TLS",0,0,0,142,40.1,20.9,46.8
2018,"TLS",0,0,0,NA,38.8,20.4,45.1
2019,"TLS",0,0,0,NA,37.7,19.9,43.7
2000,"TON",0,0,0,77,14.5,7.1,16.9
2001,"TON",0,0,0,73,14.2,7,16.5
2002,"TON",0,0,0,71,13.8,6.8,16
2003,"TON",0,0,0,69,13.4,6.6,15.6
2004,"TON",0,0,0,67,13,6.4,15.1
2005,"TON",0,0,0,66,12.7,6.2,14.7
2006,"TON",0,0,0,64,12.3,6,14.3
2007,"TON",0,0,0,62,12,5.8,14
2008,"TON",0,0,0,60,11.8,5.7,13.7
2009,"TON",0,1,0,61,11.5,5.6,13.4
2010,"TON",0,0,0,57,11.3,5.5,13.2
2011,"TON",0,0,0,56,11.1,5.4,12.9
2012,"TON",0,0,0,56,11,5.4,12.8
2013,"TON",0,0,0,56,10.9,5.4,12.6
2014,"TON",0,0,0,55,10.8,5.4,12.5
2015,"TON",0,0,1,54,10.7,5.3,12.4
2016,"TON",0,0,0,53,10.6,5.3,12.3
2017,"TON",0,0,0,52,10.4,5.3,12.1
2018,"TON",0,0,0,NA,10.3,5.2,11.9
2019,"TON",0,0,0,NA,10,5.1,11.7
2000,"TTO",0,0,0,81,24.7,18,27.9
2001,"TTO",0,0,0,78,24.5,17.8,27.7
2002,"TTO",0,0,0,74,24.3,17.6,27.4
2003,"TTO",0,0,0,75,23.9,17.4,27
2004,"TTO",0,0,0,76,23.5,17,26.4
2005,"TTO",0,0,0,76,23,16.6,25.9
2006,"TTO",0,0,0,73,22.4,16.2,25.2
2007,"TTO",0,0,0,65,21.7,15.7,24.4
2008,"TTO",0,0,0,72,21.2,15.3,23.8
2009,"TTO",0,0,0,74,20.7,14.9,23.2
2010,"TTO",0,0,1,71,20.1,14.4,22.5
2011,"TTO",0,0,0,72,19.5,14,21.8
2012,"TTO",0,0,0,71,18.9,13.6,21.2
2013,"TTO",0,0,0,70,18.4,13.2,20.6
2014,"TTO",0,0,0,69,17.8,12.8,19.9
2015,"TTO",0,0,0,68,17.3,12.4,19.3
2016,"TTO",0,0,0,68,16.8,12,18.8
2017,"TTO",0,0,0,67,16.3,11.7,18.3
2018,"TTO",0,0,0,NA,15.8,11.3,17.7
2019,"TTO",0,0,0,NA,15.4,11,17.2
2000,"TUN",0,0,0,66,25,18.3,29.9
2001,"TUN",0,0,0,63,23.4,17.2,27.9
2002,"TUN",0,0,0,60,22,16.3,26.1
2003,"TUN",0,0,0,57,20.8,15.5,24.6
2004,"TUN",0,0,0,54,19.7,14.7,23.2
2005,"TUN",0,0,0,51,18.8,14.1,22
2006,"TUN",0,0,0,49,17.9,13.6,21
2007,"TUN",0,0,0,47,17.2,13.2,20.2
2008,"TUN",0,0,0,47,16.6,12.8,19.4
2009,"TUN",0,0,0,46,16.2,12.5,18.9
2010,"TUN",0,0,0,46,15.8,12.3,18.4
2011,"TUN",0,0,0,46,15.5,12.2,18
2012,"TUN",0,0,0,46,15.2,12.1,17.7
2013,"TUN",0,0,0,46,15,12.1,17.5
2014,"TUN",1,0,0,46,14.9,12,17.3
2015,"TUN",1,0,0,46,14.8,12.1,17.2
2016,"TUN",1,0,0,45,14.7,12.1,17.1
2017,"TUN",1,0,0,43,14.7,12.1,17.1
2018,"TUN",0,0,0,NA,14.6,12.1,17
2019,"TUN",1,0,0,NA,14.5,12,16.9
2000,"TUR",1,1,0,42,30.9,18.2,37.9
2001,"TUR",1,1,0,41,29,17.1,35.3
2002,"TUR",1,1,0,39,27.1,15.9,32.7
2003,"TUR",1,1,0,38,25.3,14.9,30.4
2004,"TUR",1,1,0,35,23.6,14,28.2
2005,"TUR",1,1,0,33,22,13,26.2
2006,"TUR",1,0,0,30,20.5,12.1,24.3
2007,"TUR",1,0,0,28,19.2,11.3,22.5
2008,"TUR",1,0,0,27,17.9,10.4,20.9
2009,"TUR",1,0,0,25,16.6,9.7,19.5
2010,"TUR",1,1,0,24,15.5,9,18.1
2011,"TUR",1,1,0,23,14.5,8.3,16.9
2012,"TUR",1,0,0,22,13.6,7.7,15.8
2013,"TUR",1,0,0,20,12.7,7.2,14.7
2014,"TUR",0,1,0,19,11.9,6.7,13.8
2015,"TUR",0,0,0,19,11.1,6.3,13
2016,"TUR",1,0,0,18,10.5,6,12.1
2017,"TUR",1,1,0,17,9.8,5.8,11.4
2018,"TUR",1,0,0,NA,9.2,5.5,10.7
2019,"TUR",1,1,0,NA,8.6,5.3,10.1
2000,"TZA",0,1,0,854,78.9,33.7,129.7
2001,"TZA",0,1,0,819,74.4,32.5,121.9
2002,"TZA",1,1,0,788,69.9,31.3,114
2003,"TZA",0,0,1,763,65.6,30.2,106.5
2004,"TZA",0,1,1,741,61.9,29.1,99.9
2005,"TZA",0,1,0,721,58.5,28.1,93.9
2006,"TZA",0,0,1,703,55.8,27.4,88.8
2007,"TZA",0,0,0,685,52.9,26.6,83.8
2008,"TZA",0,0,0,666,51,26,79.6
2009,"TZA",0,0,0,656,48.7,25.4,75.4
2010,"TZA",0,0,0,644,47.1,24.9,71.9
2011,"TZA",0,0,1,628,45.5,24.3,68.4
2012,"TZA",0,0,0,615,44,23.8,65.3
2013,"TZA",0,0,0,593,43,23.3,62.7
2014,"TZA",0,0,0,574,41.9,22.8,59.9
2015,"TZA",0,0,0,556,40.9,22.3,58.1
2016,"TZA",0,1,0,539,39.7,21.9,56
2017,"TZA",0,0,0,524,38.2,21.5,54.1
2018,"TZA",0,0,0,NA,36.8,21,52.1
2019,"TZA",0,0,0,NA,35.8,20.6,50.5
2000,"UGA",1,0,0,578,87.1,32.3,146.1
2001,"UGA",1,0,0,550,83.4,31.4,139.3
2002,"UGA",1,0,1,537,79.2,30.5,131.6
2003,"UGA",1,0,0,520,74.7,29.5,123.5
2004,"UGA",1,0,0,512,70,28.7,115.1
2005,"UGA",1,0,1,491,65.6,27.9,107.1
2006,"UGA",1,0,0,473,61.6,27.3,99.6
2007,"UGA",1,0,0,465,57.9,26.7,92.8
2008,"UGA",1,0,1,455,54.5,26.1,86.8
2009,"UGA",1,0,0,442,52.1,25.5,81.5
2010,"UGA",1,0,1,430,49.5,25,76.3
2011,"UGA",1,0,0,419,47,24.5,71.6
2012,"UGA",0,0,0,412,44.3,24,66.7
2013,"UGA",0,0,0,401,42.4,23.4,62.3
2014,"UGA",0,0,0,394,40.6,22.7,58.8
2015,"UGA",0,0,0,387,38.9,22.1,55.7
2016,"UGA",0,1,0,381,37.3,21.5,52.4
2017,"UGA",1,0,0,375,35.7,20.8,49.9
2018,"UGA",0,0,0,NA,34.1,20.3,47.4
2019,"UGA",0,0,0,NA,33,19.8,45.3
2000,"UKR",0,0,0,35,15.7,11,18.3
2001,"UKR",0,0,0,33,15,10.5,17.4
2002,"UKR",0,0,0,33,14.3,9.9,16.6
2003,"UKR",0,0,0,32,13.6,9.4,15.8
2004,"UKR",0,0,0,33,13,9,15.1
2005,"UKR",0,0,0,33,12.5,8.6,14.5
2006,"UKR",0,0,0,31,12,8.3,14
2007,"UKR",0,0,0,33,11.5,8,13.4
2008,"UKR",0,0,0,33,11.1,7.6,12.9
2009,"UKR",0,0,0,27,10.6,7.3,12.3
2010,"UKR",0,0,0,25,10.1,7,11.7
2011,"UKR",0,0,0,23,9.6,6.6,11.2
2012,"UKR",0,0,1,24,9.2,6.3,10.7
2013,"UKR",0,0,0,23,8.8,6,10.2
2014,"UKR",0,0,0,24,8.4,5.8,9.8
2015,"UKR",1,0,0,21,8.1,5.6,9.5
2016,"UKR",1,0,0,20,7.9,5.4,9.2
2017,"UKR",1,0,0,19,7.6,5.3,8.9
2018,"UKR",1,0,0,NA,7.4,5.1,8.6
2019,"UKR",1,0,0,NA,7.2,5,8.4
2000,"URY",0,0,0,26,14.8,8.5,17
2001,"URY",0,0,0,25,14.4,8.4,16.5
2002,"URY",0,0,0,25,14.1,8.2,16.2
2003,"URY",0,0,0,23,13.7,8,15.7
2004,"URY",0,0,0,23,13.2,7.8,15.1
2005,"URY",0,0,0,22,12.5,7.3,14.4
2006,"URY",0,0,0,20,11.7,6.8,13.5
2007,"URY",0,0,0,20,11,6.1,12.6
2008,"URY",0,0,0,19,10.3,5.4,11.8
2009,"URY",0,0,0,19,9.7,5,11.2
2010,"URY",0,0,0,17,9.3,4.8,10.7
2011,"URY",0,0,0,17,8.9,4.8,10.3
2012,"URY",0,0,0,17,8.6,5,10
2013,"URY",0,0,0,18,8.3,5.1,9.7
2014,"URY",0,0,0,17,8,5.2,9.3
2015,"URY",0,0,0,18,7.6,5,8.9
2016,"URY",0,0,0,18,7.2,4.8,8.4
2017,"URY",0,0,0,17,6.8,4.4,7.8
2018,"URY",0,0,1,NA,6.3,4,7.3
2019,"URY",0,0,0,NA,5.8,4,6.7
2000,"USA",0,1,1,12,7.1,4.6,8.4
2001,"USA",0,1,0,13,7,4.6,8.3
2002,"USA",1,0,1,13,6.9,4.6,8.2
2003,"USA",0,1,0,13,6.9,4.6,8.1
2004,"USA",0,0,0,13,6.8,4.6,8.1
2005,"USA",0,0,0,13,6.7,4.5,8
2006,"USA",0,1,0,14,6.7,4.4,7.9
2007,"USA",0,0,1,14,6.6,4.3,7.7
2008,"USA",0,1,0,14,6.5,4.3,7.6
2009,"USA",0,0,0,15,6.4,4.2,7.5
2010,"USA",0,1,0,15,6.2,4.1,7.3
2011,"USA",0,0,1,15,6.1,4.1,7.2
2012,"USA",0,0,1,16,6,4.1,7.1
2013,"USA",0,0,0,16,6,4,7
2014,"USA",0,1,1,16,5.9,4,6.9
2015,"USA",0,0,1,18,5.8,3.9,6.8
2016,"USA",0,1,0,19,5.7,3.8,6.7
2017,"USA",0,0,1,19,5.7,3.8,6.6
2018,"USA",0,0,1,NA,5.6,3.7,6.5
2019,"USA",0,1,0,NA,5.5,3.5,6.4
2000,"UZB",1,0,1,41,50.8,27.8,60.7
2001,"UZB",1,0,0,41,48.4,26.9,57.4
2002,"UZB",0,0,0,41,45.7,25.8,53.9
2003,"UZB",0,0,0,39,43,24.7,50.4
2004,"UZB",0,0,0,37,40.1,23.6,46.8
2005,"UZB",1,0,0,38,37.4,22.4,43.4
2006,"UZB",0,0,0,37,34.8,21.2,40.1
2007,"UZB",0,0,0,35,32.2,20,37
2008,"UZB",0,0,0,34,29.8,18.4,34
2009,"UZB",0,0,0,32,27.5,16.9,31.3
2010,"UZB",0,0,0,31,25.4,15.5,28.7
2011,"UZB",0,1,0,32,23.4,14.3,26.4
2012,"UZB",0,0,0,32,21.7,13.1,24.4
2013,"UZB",0,0,0,31,20,12.1,22.5
2014,"UZB",0,0,0,30,18.6,11.2,20.8
2015,"UZB",0,0,0,30,17.3,10.4,19.3
2016,"UZB",0,0,0,29,16.1,9.8,18
2017,"UZB",0,0,0,29,15,9.2,16.8
2018,"UZB",0,0,0,NA,14.1,8.6,15.8
2019,"UZB",0,0,0,NA,13.3,8.1,14.8
2000,"VCT",0,0,0,80,19.2,13.1,22.2
2001,"VCT",0,0,0,75,19.1,13.1,22
2002,"VCT",0,0,0,72,19.1,13.1,21.9
2003,"VCT",0,0,0,69,19,13.1,21.7
2004,"VCT",0,0,0,64,19,13,21.6
2005,"VCT",0,0,0,59,18.9,12.9,21.5
2006,"VCT",0,0,0,62,18.8,12.9,21.3
2007,"VCT",0,0,0,67,18.7,12.9,21.1
2008,"VCT",0,0,0,70,18.5,12.8,20.8
2009,"VCT",0,0,0,67,18.2,12.7,20.4
2010,"VCT",0,0,1,63,17.8,12.6,19.8
2011,"VCT",0,0,0,64,17.3,12.3,19.2
2012,"VCT",0,0,0,71,16.8,11.9,18.6
2013,"VCT",0,0,0,73,16.2,11.5,18
2014,"VCT",0,0,0,69,15.7,11,17.4
2015,"VCT",0,0,0,64,15.2,10.6,16.7
2016,"VCT",0,0,0,67,14.7,10.2,16.2
2017,"VCT",0,0,0,68,14.3,9.8,15.6
2018,"VCT",0,0,0,NA,13.8,9.4,15.1
2019,"VCT",0,0,0,NA,13.4,9.1,14.6
2000,"VEN",1,0,0,119,18.4,11.1,21.6
2001,"VEN",1,0,0,123,17.8,10.6,20.9
2002,"VEN",1,0,0,135,17.4,10.1,20.3
2003,"VEN",1,0,0,127,16.9,9.9,19.8
2004,"VEN",1,0,0,119,16.4,10.2,19.1
2005,"VEN",1,0,0,113,15.8,10.6,18.5
2006,"VEN",1,0,0,114,15.4,10.5,17.9
2007,"VEN",0,0,0,114,15,10.2,17.4
2008,"VEN",0,0,0,116,14.7,10.1,17.2
2009,"VEN",1,0,1,119,14.6,10.2,17
2010,"VEN",1,0,0,117,14.7,10.5,17.1
2011,"VEN",0,0,0,116,14.7,10.9,17.2
2012,"VEN",0,0,0,116,14.9,11.3,17.3
2013,"VEN",1,0,0,115,15.1,11.5,17.6
2014,"VEN",0,0,0,113,15.4,11.3,18
2015,"VEN",1,0,0,115,16.4,14.5,19.1
2016,"VEN",1,0,0,121,21.1,14.6,24.2
2017,"VEN",1,0,0,125,21.1,14.7,24.2
2018,"VEN",1,0,0,NA,21.1,14.6,24.2
2019,"VEN",1,0,0,NA,21.1,14.6,24.2
2000,"VNM",0,0,0,68,23.5,15,29.8
2001,"VNM",0,0,0,65,22.6,14.4,28.5
2002,"VNM",0,0,1,62,21.7,13.8,27.4
2003,"VNM",0,0,0,59,21,13.3,26.4
2004,"VNM",0,0,0,57,20.4,12.9,25.6
2005,"VNM",0,0,1,54,19.9,12.6,24.9
2006,"VNM",0,0,0,51,19.4,12.3,24.4
2007,"VNM",0,0,0,49,19.1,12.1,23.9
2008,"VNM",0,0,0,49,18.8,12,23.5
2009,"VNM",0,0,0,48,18.5,11.8,23.2
2010,"VNM",0,0,0,47,18.3,11.7,22.9
2011,"VNM",0,0,0,47,18.1,11.6,22.7
2012,"VNM",0,0,0,46,17.9,11.5,22.4
2013,"VNM",0,0,0,46,17.8,11.3,22.2
2014,"VNM",0,0,0,45,17.6,11.2,22
2015,"VNM",0,0,1,45,17.4,11.1,21.8
2016,"VNM",0,0,0,44,17.3,10.9,21.6
2017,"VNM",0,0,0,43,17.1,10.7,21.4
2018,"VNM",0,0,0,NA,17,10.5,21.3
2019,"VNM",0,0,1,NA,16.9,10.2,21.1
2000,"VUT",0,0,0,140,23.9,12,28.5
2001,"VUT",0,0,0,135,23.7,11.9,28.3
2002,"VUT",0,1,0,128,23.6,11.8,28.1
2003,"VUT",0,0,0,123,23.5,11.9,28.1
2004,"VUT",0,0,0,119,23.6,12,28.1
2005,"VUT",0,0,0,113,23.6,12.1,28.2
2006,"VUT",0,0,0,108,23.8,12.2,28.4
2007,"VUT",0,0,0,103,23.9,12.3,28.6
2008,"VUT",0,0,0,99,24.1,12.3,28.8
2009,"VUT",0,0,0,96,24.2,12.4,29
2010,"VUT",0,0,0,92,24.3,12.4,29.1
2011,"VUT",0,0,0,88,24.5,12.5,29.3
2012,"VUT",0,0,0,85,24.5,12.5,29.3
2013,"VUT",0,0,0,82,24.3,12.4,29.1
2014,"VUT",0,0,0,80,24.1,12.2,28.8
2015,"VUT",0,0,0,76,23.6,12,28.2
2016,"VUT",0,0,0,74,23.2,11.7,27.6
2017,"VUT",0,0,0,72,22.7,11.5,26.9
2018,"VUT",0,0,0,NA,22.2,11.1,26.3
2019,"VUT",0,0,0,NA,21.6,10.9,25.6
2000,"WSM",0,0,0,88,18.1,8.7,21.2
2001,"WSM",0,0,0,85,17.6,8.4,20.6
2002,"WSM",0,0,0,84,17.1,8.2,20.1
2003,"WSM",0,0,0,80,16.8,8,19.7
2004,"WSM",0,0,0,74,16.6,7.8,19.4
2005,"WSM",0,0,0,72,16.5,7.8,19.3
2006,"WSM",0,0,0,66,16.5,7.7,19.3
2007,"WSM",0,0,0,62,16.5,7.7,19.3
2008,"WSM",0,0,0,60,16.5,7.8,19.3
2009,"WSM",0,1,0,58,18.8,7.9,25.7
2010,"WSM",0,0,0,58,16.6,7.8,19.3
2011,"WSM",0,0,0,54,16.5,7.8,19.2
2012,"WSM",0,0,0,52,16.4,7.7,19.1
2013,"WSM",0,0,0,48,16.2,7.6,18.9
2014,"WSM",0,0,0,47,16.1,7.5,18.7
2015,"WSM",0,0,1,45,15.9,7.4,18.6
2016,"WSM",0,0,0,44,15.7,7.3,18.4
2017,"WSM",0,0,0,43,15.5,7.2,18.1
2018,"WSM",0,0,0,NA,15.3,7,17.8
2019,"WSM",0,0,0,NA,15,6.9,17.4
2000,"YEM",0,0,0,301,68.8,37,95
2001,"YEM",0,0,0,290,65.8,36,90.3
2002,"YEM",0,0,0,278,62.8,35,85.7
2003,"YEM",0,0,0,266,60,34,81.2
2004,"YEM",0,0,0,254,57.3,32.9,76.9
2005,"YEM",1,0,0,242,54.8,32,73
2006,"YEM",0,0,0,230,52.3,31,69.1
2007,"YEM",0,0,0,219,50,30,65.6
2008,"YEM",0,0,0,208,48,29.1,62.4
2009,"YEM",0,0,0,200,46.4,28.5,60.1
2010,"YEM",1,0,0,192,45.5,28.1,58.8
2011,"YEM",1,0,0,187,45.3,28,58.5
2012,"YEM",1,0,0,184,45.4,28,58.8
2013,"YEM",1,0,0,175,45.2,28.1,58.4
2014,"YEM",1,0,0,174,45.4,28.1,58.7
2015,"YEM",1,0,0,169,46.1,28.2,60.7
2016,"YEM",1,0,0,165,46,28.2,60.3
2017,"YEM",1,0,0,164,45.9,28.2,60.2
2018,"YEM",1,0,0,NA,46.5,28.2,61.6
2019,"YEM",1,0,0,NA,46.4,28.2,61.5
2000,"ZAF",0,0,0,160,47.7,16.9,71.5
2001,"ZAF",0,0,0,168,47.8,16.4,73.1
2002,"ZAF",0,0,0,177,47.9,15.9,74.3
2003,"ZAF",0,0,0,186,48.4,15.4,75.7
2004,"ZAF",0,0,1,195,49.4,14.8,77.7
2005,"ZAF",0,1,0,201,49.4,14.4,78.8
2006,"ZAF",0,0,0,201,48.7,13.9,79.2
2007,"ZAF",0,0,0,199,46.6,13.4,75.3
2008,"ZAF",0,0,0,191,43,13,68.9
2009,"ZAF",0,0,0,179,38.4,12.5,60.3
2010,"ZAF",0,0,0,171,34.4,12,52
2011,"ZAF",0,0,0,161,32.1,11.6,45.6
2012,"ZAF",0,0,0,143,31,11.3,41.5
2013,"ZAF",0,0,0,133,30.1,11.1,39.3
2014,"ZAF",0,1,0,128,29.4,11,37.6
2015,"ZAF",0,0,1,125,28.6,11.1,36.3
2016,"ZAF",0,0,0,122,28,11.1,35.2
2017,"ZAF",0,0,1,119,27.6,11.1,34.6
2018,"ZAF",0,0,0,NA,26.9,11,33.9
2019,"ZAF",0,0,1,NA,26.3,10.8,33
2000,"ZMB",0,0,0,528,90.2,34.3,155.9
2001,"ZMB",0,0,0,491,85.3,33.3,146.9
2002,"ZMB",0,0,0,465,79.2,31.9,136.1
2003,"ZMB",0,0,0,453,73.2,30.5,125.4
2004,"ZMB",0,0,0,437,67.1,29.1,115.2
2005,"ZMB",0,0,1,421,61.9,27.9,106.2
2006,"ZMB",0,0,0,406,58.4,27.1,98.5
2007,"ZMB",0,0,0,387,56.7,26.6,93.2
2008,"ZMB",0,0,0,356,54.5,26.3,88.7
2009,"ZMB",0,0,0,329,52.9,26.1,83.6
2010,"ZMB",0,0,0,305,51.2,26,79
2011,"ZMB",0,0,0,283,50.1,25.8,76.8
2012,"ZMB",0,0,0,267,49.1,25.6,74.7
2013,"ZMB",0,0,0,254,46.6,25.5,71.1
2014,"ZMB",0,0,0,242,46,25.4,68.3
2015,"ZMB",0,0,0,232,46.9,25.3,67.7
2016,"ZMB",0,0,0,222,45.6,25.2,65.3
2017,"ZMB",0,0,0,213,44.3,25,64.6
2018,"ZMB",0,0,0,NA,43.9,24.7,65.4
2019,"ZMB",0,0,1,NA,42.9,24.4,64.1
2000,"ZWE",0,0,0,579,51.9,24.6,95.5
2001,"ZWE",0,0,1,629,51.1,25.2,93.8
2002,"ZWE",0,0,0,666,50.7,26.1,92.6
2003,"ZWE",0,0,0,680,50.4,27.2,91.6
2004,"ZWE",0,0,0,686,51.2,28.2,92.4
2005,"ZWE",0,0,0,685,51.7,29.1,93.1
2006,"ZWE",0,0,0,680,53.4,30,95
2007,"ZWE",0,0,1,671,54.6,30.7,95.7
2008,"ZWE",0,0,0,657,54.5,31.2,94.5
2009,"ZWE",1,0,0,632,54,31.2,91.3
2010,"ZWE",0,0,1,598,52.1,30.8,86.4
2011,"ZWE",0,0,0,557,50.8,30.1,80.8
2012,"ZWE",0,0,0,528,46.5,29.4,72.2
2013,"ZWE",0,0,1,509,44.8,28.7,66.3
2014,"ZWE",0,0,0,494,42.9,28.2,62.7
2015,"ZWE",0,0,0,480,42.1,27.8,61.3
2016,"ZWE",0,0,0,468,40.8,27.4,58.7
2017,"ZWE",0,0,1,458,39.9,27,57
2018,"ZWE",0,0,0,NA,38.8,26.6,54.8
2019,"ZWE",0,0,0,NA,38.1,26.2,54.2
