"iso","year","n_deaths","conflict","earthquake","drought","infant_mortality","maternal_mortality","neonatal_mortality","under5_mortality"
"AFG",1999,5065,1,NA,NA,NA,NA,NA,NA
"AFG",2000,5394,1,0,1,90.5,1450,60.9,129.2
"AFG",2001,5553,1,1,0,87.9,1390,59.7,125.2
"AFG",2002,1157,1,1,0,85.3,1300,58.5,121.1
"AFG",2003,944,1,1,0,82.7,1240,57.2,116.9
"AFG",2004,817,1,1,0,80,1180,55.9,112.6
"AFG",2005,1711,1,1,0,77.3,1140,54.6,108.4
"AFG",2006,4982,1,1,1,74.6,1120,53.2,104.1
"AFG",2007,7020,1,NA,NA,71.9,1090,51.7,99.9
"AFG",2008,5660,1,0,1,69.2,1030,50.3,95.7
"AFG",2009,6499,1,1,0,66.7,993,48.9,91.7
"AFG",2010,7151,1,1,0,64.2,954,47.4,87.8
"AFG",2011,7563,1,0,1,61.8,905,46,84
"AFG",2012,7824,1,1,0,59.5,858,44.6,80.3
"AFG",2013,8131,1,1,0,57.3,810,43.2,76.9
"AFG",2014,12549,1,NA,NA,55.2,786,41.9,73.6
"AFG",2015,17987,1,1,0,53.2,701,40.5,70.4
"AFG",2016,18719,1,NA,NA,51.3,673,39.3,67.5
"AFG",2017,19776,1,NA,NA,49.5,638,38.2,64.8
"AFG",2018,26889,1,0,1,47.9,NA,37.2,62.3
"AGO",1999,2666,1,NA,NA,NA,NA,NA,NA
"AGO",2000,1206,1,NA,NA,121.5,827,50.3,204.4
"AGO",2001,2154,1,0,1,118.2,766,49.2,198.4
"AGO",2002,579,1,NA,NA,114.5,690,48,191.5
"AGO",2003,84,1,NA,NA,110.4,628,46.5,183.8
"AGO",2004,38,1,0,1,105.7,574,45.1,175.1
"AGO",2005,15,0,NA,NA,100.9,519,43.5,166.1
"AGO",2006,3,0,NA,NA,95.7,473,42,156.4
"AGO",2007,26,1,NA,NA,90.6,431,40.5,147
"AGO",2008,4,0,NA,NA,85.5,395,39,137.7
"AGO",2009,25,1,NA,NA,80.6,359,37.7,128.7
"AGO",2010,10,0,NA,NA,75.9,326,36.3,120.4
"AGO",2011,1,0,NA,NA,71.5,300,35.1,112.5
"AGO",2012,0,0,0,1,67.4,281,33.8,105.1
"AGO",2013,2,0,NA,NA,63.7,269,32.7,98.5
"AGO",2014,0,0,NA,NA,60.5,258,31.7,92.9
"AGO",2015,1,0,NA,NA,57.7,251,30.8,88.1
"AGO",2016,26,1,NA,NA,55.5,246,30,84.1
"AGO",2017,26,1,0,1,53.5,241,29.2,80.6
"AGO",2018,24,0,NA,NA,51.7,NA,28.6,77.3
"ALB",1999,6,0,NA,NA,NA,NA,NA,NA
"ALB",2000,0,0,NA,NA,24.1,23,12.1,27.2
"ALB",2001,0,0,NA,NA,22.9,23,11.8,25.8
"ALB",2002,0,0,NA,NA,21.7,21,11.4,24.4
"ALB",2003,0,0,NA,NA,20.4,21,11.1,23
"ALB",2004,0,0,NA,NA,19.1,18,10.9,21.5
"ALB",2005,0,0,NA,NA,17.8,22,10.6,20
"ALB",2006,0,0,NA,NA,16.6,18,10,18.5
"ALB",2007,0,0,NA,NA,15.3,19,9.2,17.1
"ALB",2008,0,0,NA,NA,14.1,20,8.3,15.8
"ALB",2009,0,0,1,0,12.9,20,7.4,14.5
"ALB",2010,0,0,NA,NA,11.8,21,6.7,13.3
"ALB",2011,0,0,NA,NA,10.8,22,6.2,12.1
"ALB",2012,0,0,NA,NA,10,17,6,11.2
"ALB",2013,0,0,NA,NA,9.3,16,5.9,10.4
"ALB",2014,0,0,NA,NA,8.8,16,5.9,9.9
"ALB",2015,0,0,NA,NA,8.5,15,6,9.6
"ALB",2016,0,0,NA,NA,8.4,16,6.3,9.4
"ALB",2017,0,0,NA,NA,8.4,15,6.7,9.4
"ALB",2018,0,0,NA,NA,8.5,NA,7.1,9.5
"AND",1999,0,0,NA,NA,NA,NA,NA,NA
"AND",2000,0,0,NA,NA,7.3,NA,3.8,8.2
"AND",2001,0,0,NA,NA,6.9,NA,3.6,7.7
"AND",2002,0,0,NA,NA,6.5,NA,3.3,7.3
"AND",2003,0,0,NA,NA,6.2,NA,3.2,6.9
"AND",2004,0,0,NA,NA,5.9,NA,3,6.5
"AND",2005,0,0,NA,NA,5.6,NA,2.9,6.1
"AND",2006,0,0,NA,NA,5.3,NA,2.7,5.8
"AND",2007,0,0,NA,NA,5,NA,2.6,5.4
"AND",2008,0,0,NA,NA,4.7,NA,2.5,5.1
"AND",2009,0,0,NA,NA,4.4,NA,2.3,4.8
"AND",2010,0,0,NA,NA,4.1,NA,2.2,4.5
"AND",2011,0,0,NA,NA,3.9,NA,2.1,4.2
"AND",2012,0,0,NA,NA,3.7,NA,2,4
"AND",2013,0,0,NA,NA,3.5,NA,1.9,3.8
"AND",2014,0,0,NA,NA,3.3,NA,1.8,3.5
"AND",2015,0,0,NA,NA,3.1,NA,1.7,3.3
"AND",2016,0,0,NA,NA,2.9,NA,1.6,3.2
"AND",2017,0,0,NA,NA,2.8,NA,1.5,3
"AND",2018,0,0,NA,NA,2.6,NA,1.4,2.8
"ARE",1999,0,0,NA,NA,NA,NA,NA,NA
"ARE",2000,0,0,NA,NA,9.6,6,5.9,11.1
"ARE",2001,0,0,NA,NA,9.3,6,5.7,10.9
"ARE",2002,0,0,NA,NA,9.1,5,5.6,10.6
"ARE",2003,0,0,NA,NA,8.9,5,5.5,10.3
"ARE",2004,0,0,NA,NA,8.6,5,5.3,10.1
"ARE",2005,0,0,NA,NA,8.4,5,5.2,9.8
"ARE",2006,0,0,NA,NA,8.2,4,5.1,9.6
"ARE",2007,0,0,NA,NA,8.1,4,5,9.4
"ARE",2008,0,0,NA,NA,7.9,4,4.9,9.2
"ARE",2009,0,0,NA,NA,7.6,4,4.8,8.9
"ARE",2010,1,0,NA,NA,7.4,4,4.6,8.7
"ARE",2011,0,0,NA,NA,7.2,4,4.5,8.4
"ARE",2012,0,0,NA,NA,7,4,4.4,8.2
"ARE",2013,0,0,NA,NA,6.8,3,4.3,8
"ARE",2014,0,0,NA,NA,6.7,3,4.2,7.8
"ARE",2015,0,0,NA,NA,6.5,3,4.1,7.6
"ARE",2016,0,0,NA,NA,6.3,3,4,7.4
"ARE",2017,0,0,NA,NA,6.2,3,3.9,7.2
"ARE",2018,0,0,NA,NA,6,NA,3.8,7
"ARG",1999,0,0,NA,NA,NA,NA,NA,NA
"ARG",2000,0,0,NA,NA,17.5,66,11,19.6
"ARG",2001,0,0,NA,NA,16.9,67,11,18.9
"ARG",2002,0,0,1,0,16.4,65,10.8,18.3
"ARG",2003,0,0,0,1,15.8,65,10.3,17.7
"ARG",2004,0,0,NA,NA,15.3,61,9.7,17.1
"ARG",2005,0,0,NA,NA,14.8,59,9.1,16.5
"ARG",2006,0,0,NA,NA,14.4,57,8.7,16.1
"ARG",2007,0,0,NA,NA,14,56,8.4,15.7
"ARG",2008,0,0,NA,NA,13.7,53,8.1,15.3
"ARG",2009,0,0,0,1,13.3,56,7.8,14.9
"ARG",2010,0,0,NA,NA,12.9,51,7.6,14.5
"ARG",2011,0,0,NA,NA,12.4,48,7.5,13.9
"ARG",2012,0,0,NA,NA,11.9,47,7.6,13.3
"ARG",2013,0,0,NA,NA,11.3,44,7.4,12.7
"ARG",2014,0,0,NA,NA,10.8,42,6.9,12.1
"ARG",2015,0,0,NA,NA,10.2,41,6.5,11.5
"ARG",2016,0,0,NA,NA,9.7,40,6.4,10.9
"ARG",2017,0,0,NA,NA,9.2,39,6.3,10.3
"ARG",2018,0,0,0,1,8.6,NA,6,9.7
"ARM",1999,0,0,NA,NA,NA,NA,NA,NA
"ARM",2000,0,0,0,1,27,43,16.1,30.6
"ARM",2001,0,0,NA,NA,25.7,42,15.3,29.1
"ARM",2002,0,0,NA,NA,24.5,39,14.5,27.7
"ARM",2003,0,0,NA,NA,23.3,38,13.8,26.3
"ARM",2004,0,0,NA,NA,22.2,36,13.1,25
"ARM",2005,1,0,NA,NA,21.1,35,12.5,23.7
"ARM",2006,2,0,NA,NA,20,36,11.9,22.5
"ARM",2007,0,0,NA,NA,19,32,11.3,21.4
"ARM",2008,0,0,NA,NA,18.1,36,10.7,20.3
"ARM",2009,0,0,NA,NA,17.2,32,10.1,19.2
"ARM",2010,0,0,NA,NA,16.3,32,9.6,18.3
"ARM",2011,0,0,NA,NA,15.5,30,9.1,17.3
"ARM",2012,9,0,NA,NA,14.7,30,8.7,16.4
"ARM",2013,1,0,NA,NA,14,26,8.2,15.6
"ARM",2014,0,0,NA,NA,13.3,27,7.8,14.8
"ARM",2015,16,0,NA,NA,12.6,28,7.4,14.1
"ARM",2016,4,0,NA,NA,12,26,7,13.4
"ARM",2017,0,0,NA,NA,11.3,26,6.7,12.7
"ARM",2018,1,0,NA,NA,10.8,NA,6.4,12.1
"ATG",1999,0,0,NA,NA,NA,NA,NA,NA
"ATG",2000,0,0,NA,NA,12.6,44,9.7,15.5
"ATG",2001,0,0,NA,NA,12.3,44,9.5,15.1
"ATG",2002,0,0,NA,NA,11.9,43,9.3,14.6
"ATG",2003,0,0,NA,NA,11.5,44,8.9,14.1
"ATG",2004,0,0,NA,NA,11,41,8.6,13.5
"ATG",2005,0,0,NA,NA,10.6,40,8.2,12.9
"ATG",2006,0,0,NA,NA,10.1,46,7.7,12.3
"ATG",2007,0,0,NA,NA,9.6,48,7.3,11.7
"ATG",2008,0,0,NA,NA,9.2,50,6.8,11.1
"ATG",2009,0,0,NA,NA,8.7,45,6.3,10.6
"ATG",2010,0,0,NA,NA,8.3,44,5.8,10
"ATG",2011,0,0,NA,NA,7.9,43,5.4,9.5
"ATG",2012,0,0,NA,NA,7.5,44,5.1,9
"ATG",2013,0,0,NA,NA,7.1,43,4.7,8.5
"ATG",2014,0,0,NA,NA,6.8,42,4.5,8.1
"ATG",2015,0,0,NA,NA,6.5,43,4.2,7.8
"ATG",2016,0,0,NA,NA,6.2,43,4.1,7.4
"ATG",2017,0,0,NA,NA,6,42,3.9,7.1
"ATG",2018,0,0,NA,NA,5.8,NA,3.8,6.9
"AUS",1999,0,0,NA,NA,NA,NA,NA,NA
"AUS",2000,0,0,NA,NA,5.1,7,3.5,6.2
"AUS",2001,0,0,NA,NA,5,6,3.5,6.1
"AUS",2002,0,0,0,1,5,6,3.4,6
"AUS",2003,0,0,NA,NA,4.9,6,3.4,5.9
"AUS",2004,0,0,NA,NA,4.8,5,3.3,5.8
"AUS",2005,0,0,NA,NA,4.8,5,3.2,5.7
"AUS",2006,0,0,0,1,4.7,5,3.1,5.6
"AUS",2007,0,0,NA,NA,4.5,5,3,5.4
"AUS",2008,0,0,NA,NA,4.4,5,2.9,5.2
"AUS",2009,0,0,NA,NA,4.2,5,2.8,5
"AUS",2010,0,0,NA,NA,4,5,2.7,4.8
"AUS",2011,0,0,NA,NA,3.8,6,2.6,4.5
"AUS",2012,0,0,NA,NA,3.6,6,2.5,4.3
"AUS",2013,0,0,NA,NA,3.5,6,2.4,4.1
"AUS",2014,0,0,NA,NA,3.4,6,2.4,4
"AUS",2015,0,0,NA,NA,3.3,6,2.3,3.9
"AUS",2016,0,0,NA,NA,3.2,6,2.3,3.8
"AUS",2017,0,0,NA,NA,3.2,6,2.3,3.8
"AUS",2018,2,0,0,1,3.2,NA,2.3,3.7
"AUT",1999,0,0,NA,NA,NA,NA,NA,NA
"AUT",2000,0,0,NA,NA,4.6,6,3.1,5.5
"AUT",2001,0,0,NA,NA,4.5,6,3.1,5.4
"AUT",2002,0,0,NA,NA,4.4,6,3.1,5.3
"AUT",2003,0,0,NA,NA,4.3,6,3,5.2
"AUT",2004,0,0,NA,NA,4.2,5,2.9,5.1
"AUT",2005,0,0,NA,NA,4.1,6,2.8,4.9
"AUT",2006,0,0,NA,NA,3.9,5,2.8,4.7
"AUT",2007,0,0,NA,NA,3.8,5,2.7,4.6
"AUT",2008,0,0,NA,NA,3.8,5,2.6,4.5
"AUT",2009,0,0,NA,NA,3.7,5,2.6,4.5
"AUT",2010,0,0,NA,NA,3.6,5,2.5,4.3
"AUT",2011,0,0,NA,NA,3.5,5,2.4,4.2
"AUT",2012,0,0,NA,NA,3.3,5,2.4,4
"AUT",2013,0,0,NA,NA,3.2,5,2.3,3.9
"AUT",2014,0,0,NA,NA,3.1,5,2.3,3.8
"AUT",2015,0,0,NA,NA,3,5,2.2,3.7
"AUT",2016,0,0,NA,NA,3,5,2.2,3.6
"AUT",2017,0,0,NA,NA,2.9,5,2.2,3.6
"AUT",2018,0,0,NA,NA,2.9,NA,2.2,3.6
"AZE",1999,18,0,NA,NA,NA,NA,NA,NA
"AZE",2000,13,0,1,1,60.9,47,34.3,74.4
"AZE",2001,6,0,NA,NA,57.2,44,32.8,69.3
"AZE",2002,0,0,NA,NA,53.5,43,31.3,64.3
"AZE",2003,0,0,NA,NA,50.1,44,29.8,59.7
"AZE",2004,8,0,NA,NA,47,39,28.3,55.6
"AZE",2005,24,0,NA,NA,44.1,42,26.8,51.9
"AZE",2006,5,0,NA,NA,41.5,35,25.5,48.6
"AZE",2007,12,0,NA,NA,39.1,34,24.1,45.5
"AZE",2008,30,1,NA,NA,36.8,32,22.8,42.7
"AZE",2009,7,0,NA,NA,34.7,32,21.6,39.9
"AZE",2010,20,0,NA,NA,32.5,31,20.3,37.3
"AZE",2011,21,0,NA,NA,30.5,30,18.8,34.9
"AZE",2012,16,0,1,0,28.5,29,17.3,32.5
"AZE",2013,11,0,NA,NA,26.7,28,16,30.3
"AZE",2014,46,1,NA,NA,24.9,28,14.7,28.2
"AZE",2015,63,1,NA,NA,23.3,27,13.5,26.3
"AZE",2016,137,1,NA,NA,21.8,26,12.5,24.5
"AZE",2017,36,1,NA,NA,20.3,26,11.7,22.8
"AZE",2018,16,0,NA,NA,19.2,NA,10.9,21.5
"BDI",1999,1009,1,NA,NA,NA,NA,NA,NA
"BDI",2000,2071,1,NA,NA,94.7,1010,36.6,154.5
"BDI",2001,1253,1,NA,NA,91.9,956,36,149.4
"BDI",2002,1576,1,NA,NA,88.9,925,35.4,143.8
"BDI",2003,1245,1,0,1,85.7,890,34.8,138.1
"BDI",2004,679,1,1,0,82.3,844,34.1,131.9
"BDI",2005,378,1,0,1,78.4,814,33.2,124.9
"BDI",2006,185,1,NA,NA,74.4,785,32.3,117.6
"BDI",2007,79,1,NA,NA,70.4,756,31.3,110.5
"BDI",2008,220,1,0,1,66.5,733,30.2,103.6
"BDI",2009,0,0,0,1,62.9,698,29.2,97.1
"BDI",2010,0,0,0,1,59.4,665,28.2,91
"BDI",2011,1,0,NA,NA,56.3,635,27.1,85.5
"BDI",2012,9,0,NA,NA,53.4,608,26.1,80.3
"BDI",2013,9,0,NA,NA,50.7,591,25.2,75.5
"BDI",2014,70,1,NA,NA,48.2,576,24.4,71.3
"BDI",2015,260,1,NA,NA,46.2,568,23.6,67.6
"BDI",2016,81,1,NA,NA,44.4,558,23,64.4
"BDI",2017,43,1,NA,NA,42.7,548,22.4,61.5
"BDI",2018,113,1,NA,NA,41.3,NA,21.8,59
"BEL",1999,0,0,NA,NA,NA,NA,NA,NA
"BEL",2000,0,0,NA,NA,4.8,8,3,5.8
"BEL",2001,0,0,NA,NA,4.6,8,2.8,5.6
"BEL",2002,0,0,NA,NA,4.4,7,2.8,5.4
"BEL",2003,0,0,NA,NA,4.3,7,2.7,5.2
"BEL",2004,0,0,NA,NA,4.2,7,2.7,5.1
"BEL",2005,0,0,NA,NA,4,7,2.6,4.9
"BEL",2006,0,0,NA,NA,4,7,2.6,4.8
"BEL",2007,0,0,NA,NA,3.9,7,2.5,4.7
"BEL",2008,0,0,NA,NA,3.8,7,2.5,4.6
"BEL",2009,0,0,NA,NA,3.7,6,2.4,4.5
"BEL",2010,0,0,NA,NA,3.6,6,2.3,4.4
"BEL",2011,0,0,NA,NA,3.6,6,2.3,4.4
"BEL",2012,0,0,NA,NA,3.5,6,2.3,4.3
"BEL",2013,0,0,NA,NA,3.4,6,2.3,4.2
"BEL",2014,0,0,NA,NA,3.3,6,2.3,4.1
"BEL",2015,0,0,NA,NA,3.3,5,2.3,4.1
"BEL",2016,34,1,NA,NA,3.3,5,2.3,4.1
"BEL",2017,0,0,NA,NA,3.3,5,2.3,4.1
"BEL",2018,4,0,NA,NA,3.4,NA,2.4,4.2
"BEN",1999,0,0,NA,NA,NA,NA,NA,NA
"BEN",2000,0,0,NA,NA,85,520,39,136.8
"BEN",2001,0,0,NA,NA,83.3,516,38.3,133.7
"BEN",2002,0,0,NA,NA,81.5,511,37.6,130.5
"BEN",2003,0,0,NA,NA,79.8,510,36.8,127.4
"BEN",2004,0,0,NA,NA,78.2,505,36.2,124.4
"BEN",2005,0,0,NA,NA,76.5,500,35.8,121.5
"BEN",2006,0,0,NA,NA,75,493,35.3,118.8
"BEN",2007,0,0,NA,NA,73.6,486,35,116.2
"BEN",2008,0,0,NA,NA,72.2,480,34.6,113.7
"BEN",2009,0,0,NA,NA,70.9,471,34.3,111.3
"BEN",2010,0,0,NA,NA,69.6,464,33.9,109
"BEN",2011,0,0,NA,NA,68.3,458,33.5,106.7
"BEN",2012,0,0,NA,NA,67,450,33.1,104.4
"BEN",2013,0,0,NA,NA,65.7,441,32.7,102.1
"BEN",2014,0,0,NA,NA,64.4,432,32.3,99.8
"BEN",2015,0,0,NA,NA,63.2,421,31.9,97.6
"BEN",2016,0,0,NA,NA,61.9,408,31.5,95.4
"BEN",2017,0,0,NA,NA,60.6,397,31.1,93.2
"BEN",2018,0,0,NA,NA,59.3,NA,30.6,90.9
"BFA",1999,0,0,NA,NA,NA,NA,NA,NA
"BFA",2000,0,0,NA,NA,90.9,516,40.7,178.9
"BFA",2001,0,0,0,1,89.3,501,39.9,174.9
"BFA",2002,0,0,NA,NA,87.6,486,39.2,170.4
"BFA",2003,0,0,NA,NA,85.5,471,38.3,165.3
"BFA",2004,0,0,NA,NA,83.3,454,37.2,159.5
"BFA",2005,0,0,NA,NA,80.8,437,36,153.1
"BFA",2006,0,0,NA,NA,78.1,422,34.8,146.3
"BFA",2007,0,0,NA,NA,75.4,410,33.7,139.5
"BFA",2008,0,0,NA,NA,72.7,401,32.7,132.9
"BFA",2009,0,0,NA,NA,70.3,393,31.9,126.9
"BFA",2010,0,0,NA,NA,68.1,385,31.2,121.5
"BFA",2011,0,0,0,1,66.3,377,30.5,116.9
"BFA",2012,0,0,NA,NA,64.4,369,29.9,112.5
"BFA",2013,0,0,NA,NA,62.7,362,29.3,108.3
"BFA",2014,0,0,0,1,61.2,353,28.8,104.5
"BFA",2015,0,0,NA,NA,59.6,343,28.2,100.9
"BFA",2016,26,1,NA,NA,58.2,331,27.7,97.5
"BFA",2017,54,1,NA,NA,56.7,320,27.3,94.1
"BFA",2018,195,1,NA,NA,55.4,NA,26.7,90.8
"BGD",1999,14,0,NA,NA,NA,NA,NA,NA
"BGD",2000,105,1,1,0,63.1,434,44,86
"BGD",2001,62,1,NA,NA,60,423,42.2,81.1
"BGD",2002,6,0,NA,NA,57,410,40.4,76.5
"BGD",2003,8,0,1,0,54.3,395,38.8,72.3
"BGD",2004,51,1,1,0,51.8,372,37.3,68.3
"BGD",2005,80,1,NA,NA,49.4,343,35.9,64.6
"BGD",2006,96,1,NA,NA,47,315,34.5,61
"BGD",2007,18,0,NA,NA,44.8,297,33.1,57.8
"BGD",2008,13,0,NA,NA,42.7,280,31.8,54.7
"BGD",2009,10,0,0,1,40.7,269,30.6,51.8
"BGD",2010,5,0,NA,NA,38.9,258,29.4,49.1
"BGD",2011,0,0,NA,NA,37.2,248,28.2,46.7
"BGD",2012,2,0,NA,NA,35.6,238,27.1,44.4
"BGD",2013,54,1,NA,NA,34,227,25.9,42.2
"BGD",2014,2,0,NA,NA,32.5,214,24.8,40.1
"BGD",2015,10,0,1,0,31,200,23.6,38.1
"BGD",2016,73,1,1,0,29.6,186,22.4,36.1
"BGD",2017,48,1,NA,NA,28.2,173,20.9,34.2
"BGD",2018,28,1,NA,NA,26.8,NA,19.7,32.4
"BGR",1999,0,0,NA,NA,NA,NA,NA,NA
"BGR",2000,0,0,0,1,14.4,19,7.9,17.5
"BGR",2001,0,0,NA,NA,13.8,18,7.6,16.7
"BGR",2002,0,0,NA,NA,13.2,17,7.3,15.9
"BGR",2003,0,0,NA,NA,12.5,16,6.9,15.1
"BGR",2004,0,0,NA,NA,11.8,16,6.4,14.2
"BGR",2005,0,0,NA,NA,11,15,6,13.3
"BGR",2006,0,0,1,0,10.3,14,5.6,12.4
"BGR",2007,0,0,NA,NA,9.9,13,5.3,11.8
"BGR",2008,0,0,NA,NA,9.5,13,5.2,11.4
"BGR",2009,0,0,NA,NA,9.3,12,5.2,11.1
"BGR",2010,0,0,NA,NA,9,12,5.1,10.8
"BGR",2011,0,0,NA,NA,8.7,12,5,10.4
"BGR",2012,0,0,1,0,8.2,11,4.8,9.8
"BGR",2013,0,0,NA,NA,7.8,10,4.5,9.3
"BGR",2014,0,0,NA,NA,7.3,11,4.3,8.7
"BGR",2015,0,0,NA,NA,6.9,10,4.1,8.2
"BGR",2016,0,0,NA,NA,6.5,10,3.9,7.7
"BGR",2017,0,0,NA,NA,6.1,10,3.7,7.3
"BGR",2018,0,0,NA,NA,5.8,NA,3.4,7
"BHR",1999,0,0,NA,NA,NA,NA,NA,NA
"BHR",2000,0,0,NA,NA,10.7,27,4.7,12.5
"BHR",2001,0,0,NA,NA,10.3,19,4.4,12
"BHR",2002,0,0,NA,NA,10,25,4.1,11.6
"BHR",2003,0,0,NA,NA,9.7,21,3.9,11.3
"BHR",2004,0,0,NA,NA,9.4,21,3.7,11
"BHR",2005,0,0,NA,NA,9.1,19,3.6,10.6
"BHR",2006,0,0,NA,NA,8.8,24,3.4,10.2
"BHR",2007,0,0,NA,NA,8.4,16,3.3,9.8
"BHR",2008,0,0,NA,NA,8,18,3.2,9.3
"BHR",2009,0,0,NA,NA,7.6,19,3.2,8.9
"BHR",2010,0,0,NA,NA,7.3,18,3.2,8.5
"BHR",2011,26,1,NA,NA,7,15,3.2,8.2
"BHR",2012,0,0,NA,NA,6.8,18,3.2,8
"BHR",2013,0,0,NA,NA,6.7,17,3.2,7.8
"BHR",2014,0,0,NA,NA,6.6,15,3.2,7.7
"BHR",2015,0,0,NA,NA,6.5,15,3.2,7.6
"BHR",2016,0,0,NA,NA,6.4,15,3.2,7.5
"BHR",2017,0,0,NA,NA,6.3,14,3.1,7.3
"BHR",2018,0,0,NA,NA,6.1,NA,3.1,7.1
"BHS",1999,0,0,NA,NA,NA,NA,NA,NA
"BHS",2000,0,0,NA,NA,13.9,75,8,16.3
"BHS",2001,0,0,NA,NA,14,76,8.2,16.4
"BHS",2002,0,0,NA,NA,14.1,78,8.3,16.5
"BHS",2003,0,0,NA,NA,14.3,79,8.5,16.7
"BHS",2004,0,0,NA,NA,14.4,78,8.6,16.8
"BHS",2005,0,0,NA,NA,14.4,77,8.7,16.8
"BHS",2006,0,0,NA,NA,14.3,78,8.7,16.7
"BHS",2007,0,0,NA,NA,14.1,77,8.6,16.5
"BHS",2008,0,0,NA,NA,13.9,77,8.5,16.2
"BHS",2009,0,0,NA,NA,13.6,78,8.3,15.9
"BHS",2010,0,0,NA,NA,13.3,78,8.1,15.6
"BHS",2011,0,0,NA,NA,13,78,7.9,15.2
"BHS",2012,0,0,NA,NA,12.8,78,7.8,14.9
"BHS",2013,0,0,NA,NA,12.5,78,7.7,14.6
"BHS",2014,0,0,NA,NA,12.2,77,7.5,14.3
"BHS",2015,0,0,NA,NA,12,74,7.4,14
"BHS",2016,0,0,NA,NA,11.7,72,7.3,13.7
"BHS",2017,0,0,NA,NA,11.4,70,7.2,13.3
"BHS",2018,0,0,NA,NA,11.2,NA,7,13
"BIH",1999,0,0,NA,NA,NA,NA,NA,NA
"BIH",2000,0,0,0,1,8.7,17,6.9,9.9
"BIH",2001,0,0,NA,NA,8.4,16,6.5,9.6
"BIH",2002,0,0,NA,NA,8.2,14,6.2,9.3
"BIH",2003,0,0,0,1,8.1,14,5.9,9.2
"BIH",2004,0,0,NA,NA,7.9,14,5.7,9.1
"BIH",2005,0,0,NA,NA,7.8,13,5.5,8.9
"BIH",2006,0,0,NA,NA,7.5,13,5.4,8.6
"BIH",2007,0,0,NA,NA,7.2,13,5.3,8.3
"BIH",2008,0,0,NA,NA,6.9,11,5.3,7.9
"BIH",2009,0,0,NA,NA,6.6,11,5.2,7.5
"BIH",2010,0,0,NA,NA,6.3,11,5.1,7.2
"BIH",2011,0,0,NA,NA,6,10,5,6.9
"BIH",2012,0,0,NA,NA,5.8,10,4.9,6.7
"BIH",2013,0,0,NA,NA,5.6,10,4.8,6.5
"BIH",2014,0,0,NA,NA,5.5,10,4.7,6.4
"BIH",2015,0,0,NA,NA,5.4,10,4.6,6.3
"BIH",2016,0,0,NA,NA,5.3,10,4.5,6.2
"BIH",2017,0,0,NA,NA,5.3,10,4.4,6.1
"BIH",2018,0,0,NA,NA,5.2,NA,4.3,6
"BLR",1999,0,0,NA,NA,NA,NA,NA,NA
"BLR",2000,0,0,NA,NA,9.9,22,6,12.7
"BLR",2001,0,0,NA,NA,9.2,19,5.5,11.8
"BLR",2002,0,0,NA,NA,8.5,18,5,10.9
"BLR",2003,0,0,NA,NA,7.8,15,4.5,10.1
"BLR",2004,0,0,NA,NA,7.3,13,4,9.4
"BLR",2005,0,0,NA,NA,6.7,11,3.5,8.7
"BLR",2006,0,0,NA,NA,6.2,9,3,8
"BLR",2007,0,0,NA,NA,5.6,7,2.6,7.3
"BLR",2008,0,0,NA,NA,5.1,6,2.2,6.6
"BLR",2009,0,0,NA,NA,4.6,6,2,6.1
"BLR",2010,0,0,NA,NA,4.3,5,1.8,5.6
"BLR",2011,0,0,NA,NA,3.9,5,1.7,5.2
"BLR",2012,0,0,NA,NA,3.7,4,1.7,4.9
"BLR",2013,0,0,NA,NA,3.5,3,1.7,4.6
"BLR",2014,0,0,NA,NA,3.3,3,1.6,4.3
"BLR",2015,0,0,NA,NA,3.1,3,1.6,4.1
"BLR",2016,0,0,NA,NA,2.9,3,1.5,3.9
"BLR",2017,0,0,NA,NA,2.7,2,1.4,3.6
"BLR",2018,0,0,NA,NA,2.5,NA,1.2,3.4
"BLZ",1999,0,0,NA,NA,NA,NA,NA,NA
"BLZ",2000,0,0,NA,NA,20,89,12,23.6
"BLZ",2001,0,0,NA,NA,19.4,88,11.6,22.8
"BLZ",2002,0,0,NA,NA,18.9,82,11.1,22.2
"BLZ",2003,0,0,NA,NA,18.5,80,10.6,21.7
"BLZ",2004,0,0,NA,NA,18.2,75,10,21.3
"BLZ",2005,0,0,NA,NA,17.9,70,9.4,20.9
"BLZ",2006,0,0,NA,NA,17.6,65,8.7,20.6
"BLZ",2007,0,0,NA,NA,17.3,61,8.4,20.3
"BLZ",2008,0,0,NA,NA,17,59,8.4,19.9
"BLZ",2009,0,0,NA,NA,16.6,57,8.7,19.4
"BLZ",2010,0,0,NA,NA,16.2,54,9.3,18.9
"BLZ",2011,0,0,NA,NA,15.7,52,10,18.3
"BLZ",2012,0,0,NA,NA,15.2,50,10.4,17.7
"BLZ",2013,0,0,NA,NA,14.6,48,10.5,16.9
"BLZ",2014,0,0,NA,NA,13.9,46,10.4,16.1
"BLZ",2015,0,0,NA,NA,13.2,43,10.1,15.3
"BLZ",2016,0,0,NA,NA,12.5,39,9.6,14.5
"BLZ",2017,0,0,NA,NA,11.8,36,9.1,13.7
"BLZ",2018,0,0,NA,NA,11.1,NA,8.6,12.9
"BOL",1999,0,0,NA,NA,NA,NA,NA,NA
"BOL",2000,50,1,0,1,55.9,331,29.6,75.6
"BOL",2001,0,0,NA,NA,53.1,320,28.7,71.3
"BOL",2002,0,0,NA,NA,50.4,309,28,67.2
"BOL",2003,0,0,NA,NA,47.8,297,27.4,63.3
"BOL",2004,0,0,0,1,45.4,283,26.8,59.6
"BOL",2005,0,0,NA,NA,43.1,271,26.2,56.2
"BOL",2006,0,0,NA,NA,40.8,258,25.5,52.9
"BOL",2007,0,0,NA,NA,38.7,246,24.7,49.8
"BOL",2008,0,0,0,1,36.7,234,23.7,46.9
"BOL",2009,0,0,NA,NA,34.8,222,22.8,44.1
"BOL",2010,0,0,0,1,33,212,21.8,41.6
"BOL",2011,0,0,NA,NA,31.2,202,20.8,39.2
"BOL",2012,0,0,NA,NA,29.6,192,19.9,37
"BOL",2013,0,0,0,1,28,184,18.7,34.9
"BOL",2014,0,0,0,1,26.6,175,17.6,33
"BOL",2015,0,0,NA,NA,25.4,168,16.7,31.3
"BOL",2016,0,0,0,1,24.3,161,15.9,29.9
"BOL",2017,0,0,NA,NA,23.2,155,15.2,28.6
"BOL",2018,0,0,NA,NA,22.3,NA,14.6,27.4
"BRA",1999,62,1,NA,NA,NA,NA,NA,NA
"BRA",2000,46,1,NA,NA,30.4,69,18.5,34.7
"BRA",2001,74,1,0,1,28.5,68,17.6,32.5
"BRA",2002,61,1,0,1,26.8,69,16.7,30.4
"BRA",2003,43,1,NA,NA,25.1,70,15.8,28.4
"BRA",2004,86,1,0,1,23.5,71,15,26.5
"BRA",2005,54,1,0,1,22,71,14.2,24.8
"BRA",2006,22,0,NA,NA,20.7,72,13.5,23.2
"BRA",2007,40,1,1,1,19.5,71,12.8,21.8
"BRA",2008,20,0,NA,NA,18.4,70,12.2,20.6
"BRA",2009,40,1,NA,NA,17.5,69,11.6,19.5
"BRA",2010,4,0,0,1,16.7,65,11.1,18.6
"BRA",2011,34,1,NA,NA,16,61,10.7,17.9
"BRA",2012,270,1,0,1,15.4,60,10.3,17.2
"BRA",2013,4,0,NA,NA,14.9,61,10,16.7
"BRA",2014,1,0,0,1,14.6,62,9.7,16.3
"BRA",2015,18,0,NA,NA,14.2,63,9.5,15.9
"BRA",2016,34,1,NA,NA,15,62,10,16.7
"BRA",2017,2803,1,NA,NA,13.8,60,9.3,15.4
"BRA",2018,2380,1,NA,NA,13.6,NA,9.2,15.2
"BRB",1999,0,0,NA,NA,NA,NA,NA,NA
"BRB",2000,0,0,NA,NA,13.7,50,9.3,15.1
"BRB",2001,0,0,NA,NA,14,48,9.3,15.3
"BRB",2002,0,0,NA,NA,14.2,47,9.5,15.5
"BRB",2003,0,0,NA,NA,14.3,45,9.6,15.7
"BRB",2004,0,0,NA,NA,14.4,43,9.8,15.7
"BRB",2005,0,0,NA,NA,14.4,42,9.9,15.7
"BRB",2006,0,0,NA,NA,14.3,41,10,15.6
"BRB",2007,0,0,1,0,14.2,40,10.1,15.4
"BRB",2008,0,0,NA,NA,14.1,39,10.1,15.3
"BRB",2009,0,0,NA,NA,13.9,38,10,15.1
"BRB",2010,0,0,0,1,13.8,36,10,15
"BRB",2011,0,0,NA,NA,13.7,35,9.9,14.8
"BRB",2012,0,0,NA,NA,13.6,34,9.8,14.7
"BRB",2013,0,0,NA,NA,13.5,32,9.7,14.6
"BRB",2014,0,0,NA,NA,13.3,31,9.5,14.3
"BRB",2015,0,0,NA,NA,13,31,9.3,14
"BRB",2016,0,0,NA,NA,12.7,30,9.1,13.7
"BRB",2017,0,0,NA,NA,12.4,27,8.9,13.4
"BRB",2018,0,0,NA,NA,12.1,NA,8.6,13
"BRN",1999,0,0,NA,NA,NA,NA,NA,NA
"BRN",2000,0,0,NA,NA,8.2,28,5,10.3
"BRN",2001,0,0,NA,NA,8,28,5,10.1
"BRN",2002,0,0,NA,NA,7.9,29,5,9.8
"BRN",2003,0,0,NA,NA,7.8,30,5,9.7
"BRN",2004,0,0,NA,NA,7.7,30,5,9.6
"BRN",2005,0,0,NA,NA,7.7,29,5,9.5
"BRN",2006,0,0,NA,NA,7.7,28,4.9,9.5
"BRN",2007,0,0,NA,NA,7.7,27,4.9,9.5
"BRN",2008,0,0,NA,NA,7.7,27,4.8,9.5
"BRN",2009,0,0,NA,NA,7.8,27,4.8,9.6
"BRN",2010,0,0,NA,NA,7.9,28,4.8,9.7
"BRN",2011,0,0,NA,NA,8.1,28,4.8,9.8
"BRN",2012,0,0,NA,NA,8.2,29,4.8,10
"BRN",2013,0,0,NA,NA,8.4,28,4.9,10.2
"BRN",2014,0,0,NA,NA,8.6,29,5,10.4
"BRN",2015,0,0,NA,NA,8.8,30,5.2,10.6
"BRN",2016,0,0,NA,NA,9,31,5.4,10.8
"BRN",2017,0,0,NA,NA,9.2,31,5.6,11
"BRN",2018,0,0,NA,NA,9.4,NA,5.8,11.2
"BTN",1999,0,0,NA,NA,NA,NA,NA,NA
"BTN",2000,0,0,NA,NA,57.5,423,31.8,77.2
"BTN",2001,0,0,NA,NA,54.8,384,30.9,72.9
"BTN",2002,0,0,NA,NA,52.2,365,30,68.9
"BTN",2003,0,0,NA,NA,49.7,348,29,65
"BTN",2004,0,0,NA,NA,47.2,332,28,61.2
"BTN",2005,0,0,NA,NA,44.7,310,27.1,57.5
"BTN",2006,0,0,NA,NA,42.3,291,26.2,54.1
"BTN",2007,0,0,NA,NA,40.1,275,25.3,50.8
"BTN",2008,0,0,NA,NA,38,264,24.4,47.8
"BTN",2009,0,0,1,0,36,255,23.4,44.9
"BTN",2010,0,0,NA,NA,34.1,247,22.5,42.4
"BTN",2011,0,0,1,0,32.4,239,21.6,40
"BTN",2012,0,0,NA,NA,31,231,20.8,38
"BTN",2013,0,0,NA,NA,29.6,223,20.1,36.2
"BTN",2014,0,0,NA,NA,28.5,214,19.3,34.6
"BTN",2015,0,0,NA,NA,27.4,203,18.4,33.1
"BTN",2016,0,0,NA,NA,26.5,193,17.6,31.9
"BTN",2017,0,0,NA,NA,25.6,183,17,30.7
"BTN",2018,0,0,NA,NA,24.7,NA,16.3,29.6
"BWA",1999,0,0,NA,NA,NA,NA,NA,NA
"BWA",2000,0,0,NA,NA,45.2,262,16.6,80.5
"BWA",2001,0,0,NA,NA,44.6,271,17,80
"BWA",2002,0,0,NA,NA,43.9,278,17.8,78.3
"BWA",2003,0,0,NA,NA,43.1,278,18.7,76.1
"BWA",2004,0,0,NA,NA,42.1,264,19.6,72.7
"BWA",2005,0,0,NA,NA,38.9,239,20.4,67
"BWA",2006,0,0,NA,NA,38.1,221,21,61.5
"BWA",2007,0,0,NA,NA,39.5,209,21.6,58.6
"BWA",2008,0,0,NA,NA,40.3,203,22,57.6
"BWA",2009,0,0,NA,NA,40.1,189,22.4,55.3
"BWA",2010,0,0,NA,NA,39.5,179,22.7,51.4
"BWA",2011,0,0,NA,NA,41.1,176,22.9,51.9
"BWA",2012,0,0,NA,NA,40.2,170,23.1,50.8
"BWA",2013,0,0,NA,NA,39.4,164,23.2,49.6
"BWA",2014,0,0,NA,NA,40.1,160,23.3,50.2
"BWA",2015,0,0,0,1,39.6,156,23.3,49.7
"BWA",2016,0,0,NA,NA,39.3,151,23.2,49.2
"BWA",2017,0,0,NA,NA,38.2,144,23,47.8
"BWA",2018,0,0,NA,NA,37.6,NA,22.7,47
"CAF",1999,5,0,NA,NA,NA,NA,NA,NA
"CAF",2000,6,0,NA,NA,109.9,1280,49,168.9
"CAF",2001,216,1,NA,NA,109.2,1290,48.9,167.4
"CAF",2002,152,1,NA,NA,108.5,1280,48.7,165.8
"CAF",2003,19,0,NA,NA,107.7,1250,48.6,164.2
"CAF",2004,23,0,NA,NA,106.9,1230,48.4,162.5
"CAF",2005,8,0,NA,NA,106.1,1200,48.2,160.8
"CAF",2006,190,1,NA,NA,104.8,1170,48,158.3
"CAF",2007,143,1,NA,NA,103.7,1130,47.7,155.6
"CAF",2008,8,0,NA,NA,102.5,1090,47.2,152.8
"CAF",2009,244,1,NA,NA,100.6,1050,46.7,148.9
"CAF",2010,148,1,NA,NA,99,1000,46.1,145
"CAF",2011,195,1,NA,NA,96.7,981,45.5,140.5
"CAF",2012,132,1,NA,NA,94.5,963,44.7,136.2
"CAF",2013,3396,1,NA,NA,93,1030,43.9,132.5
"CAF",2014,3494,1,NA,NA,90.5,961,43.2,128.2
"CAF",2015,743,1,NA,NA,87.9,912,42.5,123.3
"CAF",2016,688,1,NA,NA,85.6,890,41.7,118.2
"CAF",2017,1849,1,NA,NA,83.8,829,41,114.5
"CAF",2018,640,1,NA,NA,81.6,NA,40.2,111.1
"CAN",1999,11,0,NA,NA,NA,NA,NA,NA
"CAN",2000,23,0,NA,NA,5.3,9,3.8,6.2
"CAN",2001,1,0,NA,NA,5.3,10,3.8,6.2
"CAN",2002,0,0,NA,NA,5.3,10,3.9,6.2
"CAN",2003,0,0,NA,NA,5.3,10,3.9,6.2
"CAN",2004,0,0,NA,NA,5.3,10,3.9,6.1
"CAN",2005,0,0,NA,NA,5.2,11,3.9,6.1
"CAN",2006,0,0,NA,NA,5.2,11,3.9,6
"CAN",2007,0,0,NA,NA,5.1,11,3.8,6
"CAN",2008,0,0,NA,NA,5.1,12,3.8,5.9
"CAN",2009,0,0,NA,NA,5,12,3.8,5.8
"CAN",2010,0,0,NA,NA,5,11,3.8,5.7
"CAN",2011,0,0,NA,NA,4.9,11,3.7,5.7
"CAN",2012,0,0,NA,NA,4.9,11,3.7,5.6
"CAN",2013,0,0,NA,NA,4.8,11,3.6,5.5
"CAN",2014,0,0,NA,NA,4.7,11,3.6,5.4
"CAN",2015,0,0,NA,NA,4.7,11,3.6,5.4
"CAN",2016,0,0,NA,NA,4.6,10,3.5,5.3
"CAN",2017,0,0,NA,NA,4.6,10,3.4,5.2
"CAN",2018,0,0,NA,NA,4.5,NA,3.3,5.1
"CHE",1999,0,0,NA,NA,NA,NA,NA,NA
"CHE",2000,0,0,NA,NA,4.7,7,3.5,5.6
"CHE",2001,0,0,NA,NA,4.6,7,3.5,5.5
"CHE",2002,0,0,NA,NA,4.5,7,3.4,5.4
"CHE",2003,0,0,NA,NA,4.5,7,3.4,5.3
"CHE",2004,0,0,NA,NA,4.4,7,3.3,5.2
"CHE",2005,0,0,NA,NA,4.3,7,3.3,5.1
"CHE",2006,0,0,NA,NA,4.2,7,3.3,4.9
"CHE",2007,0,0,NA,NA,4.1,6,3.2,4.8
"CHE",2008,0,0,NA,NA,4,6,3.2,4.7
"CHE",2009,0,0,NA,NA,4,6,3.2,4.6
"CHE",2010,0,0,NA,NA,3.9,6,3.2,4.6
"CHE",2011,0,0,NA,NA,3.9,6,3.1,4.5
"CHE",2012,0,0,NA,NA,3.8,6,3.1,4.4
"CHE",2013,0,0,NA,NA,3.8,6,3,4.4
"CHE",2014,0,0,NA,NA,3.8,5,3,4.3
"CHE",2015,0,0,NA,NA,3.7,5,3,4.3
"CHE",2016,0,0,NA,NA,3.7,5,2.9,4.2
"CHE",2017,0,0,NA,NA,3.6,5,2.9,4.2
"CHE",2018,0,0,NA,NA,3.6,NA,2.9,4.1
"CHL",1999,0,0,NA,NA,NA,NA,NA,NA
"CHL",2000,0,0,NA,NA,9.2,31,5.7,10.9
"CHL",2001,0,0,NA,NA,8.7,32,5.4,10.3
"CHL",2002,0,0,NA,NA,8.3,28,5.3,9.8
"CHL",2003,0,0,NA,NA,8.1,27,5.3,9.5
"CHL",2004,0,0,NA,NA,7.9,27,5.4,9.3
"CHL",2005,0,0,1,0,7.7,25,5.4,9.1
"CHL",2006,0,0,NA,NA,7.6,25,5.5,9
"CHL",2007,0,0,1,0,7.6,23,5.4,8.9
"CHL",2008,0,0,NA,NA,7.6,21,5.3,8.9
"CHL",2009,0,0,NA,NA,7.5,21,5.3,8.8
"CHL",2010,0,0,1,0,7.4,20,5.3,8.7
"CHL",2011,0,0,NA,NA,7.3,18,5.3,8.5
"CHL",2012,0,0,1,0,7.2,17,5.3,8.4
"CHL",2013,0,0,NA,NA,7.1,16,5.3,8.3
"CHL",2014,0,0,1,0,6.9,15,5.2,8.1
"CHL",2015,0,0,1,0,6.7,14,5.1,7.9
"CHL",2016,0,0,NA,NA,6.5,13,5,7.7
"CHL",2017,0,0,NA,NA,6.4,13,4.9,7.4
"CHL",2018,0,0,NA,NA,6.2,NA,4.7,7.2
"CHN",1999,0,0,NA,NA,NA,NA,NA,NA
"CHN",2000,0,0,1,1,29.9,59,21.4,36.7
"CHN",2001,0,0,1,1,27.8,55,19.9,34.1
"CHN",2002,0,0,1,1,25.6,51,18.4,31.5
"CHN",2003,0,0,1,1,23.4,48,16.9,28.8
"CHN",2004,0,0,1,0,21.4,46,15.3,26.3
"CHN",2005,12,0,1,1,19.4,44,13.9,24
"CHN",2006,0,0,1,1,17.7,42,12.5,21.9
"CHN",2007,0,0,1,0,16.2,40,11.3,20.1
"CHN",2008,87,1,1,1,14.8,40,10.2,18.5
"CHN",2009,189,1,1,1,13.6,37,9.2,17
"CHN",2010,0,0,1,1,12.5,36,8.4,15.8
"CHN",2011,0,0,1,0,11.5,34,7.6,14.6
"CHN",2012,0,0,1,0,10.6,33,7,13.5
"CHN",2013,0,0,1,1,9.8,32,6.4,12.5
"CHN",2014,0,0,1,1,9,31,5.8,11.6
"CHN",2015,5,0,1,1,8.3,30,5.3,10.7
"CHN",2016,0,0,1,1,7.6,29,4.9,9.9
"CHN",2017,6,0,1,1,7,29,4.5,9.2
"CHN",2018,0,0,1,0,6.4,NA,4.1,8.5
"CIV",1999,0,0,NA,NA,NA,NA,NA,NA
"CIV",2000,132,1,NA,NA,95.6,704,45.8,143.3
"CIV",2001,2,0,NA,NA,93.7,706,45.2,140.1
"CIV",2002,1028,1,NA,NA,91.6,713,44.6,136.7
"CIV",2003,492,1,NA,NA,89.6,711,44,133.1
"CIV",2004,304,1,NA,NA,87.5,709,43.4,129.5
"CIV",2005,153,1,NA,NA,85.2,704,42.7,125.6
"CIV",2006,11,0,NA,NA,83.4,699,42,122
"CIV",2007,3,0,NA,NA,81.1,698,41.3,118.2
"CIV",2008,4,0,NA,NA,78.7,694,40.6,114.2
"CIV",2009,1,0,NA,NA,76.6,700,40,109.9
"CIV",2010,80,1,NA,NA,74.7,701,39.3,106.3
"CIV",2011,1256,1,NA,NA,72.9,703,38.7,103.1
"CIV",2012,21,0,NA,NA,71,702,38,100.1
"CIV",2013,4,0,NA,NA,69.1,691,37.4,97
"CIV",2014,0,0,NA,NA,67.3,676,36.8,93.6
"CIV",2015,0,0,NA,NA,65.7,658,36.2,90.8
"CIV",2016,49,1,NA,NA,64.4,636,35.6,88.4
"CIV",2017,0,0,NA,NA,62.9,617,35,86
"CIV",2018,0,0,NA,NA,61.3,NA,34.5,83.2
"CMR",1999,0,0,NA,NA,NA,NA,NA,NA
"CMR",2000,2,0,NA,NA,87.6,886,35.6,143.9
"CMR",2001,0,0,0,1,85.8,844,34.8,140.9
"CMR",2002,0,0,NA,NA,83.7,803,34.1,137.5
"CMR",2003,0,0,NA,NA,81.7,771,33.7,134
"CMR",2004,0,0,NA,NA,79.7,732,33.5,130.6
"CMR",2005,0,0,0,1,78.1,692,33.2,127.5
"CMR",2006,0,0,NA,NA,76.2,658,33,124.2
"CMR",2007,0,0,NA,NA,74.6,635,32.7,121
"CMR",2008,0,0,NA,NA,72.7,618,32.4,117.6
"CMR",2009,0,0,NA,NA,71.1,606,32,114.3
"CMR",2010,0,0,NA,NA,68.6,597,31.7,110.1
"CMR",2011,0,0,NA,NA,66.6,589,31.3,105.8
"CMR",2012,0,0,0,1,64.2,580,30.9,101.3
"CMR",2013,1,0,NA,NA,61.6,567,30.4,96.7
"CMR",2014,1047,1,NA,NA,59.5,564,29.9,92.4
"CMR",2015,1263,1,NA,NA,57,554,29.3,88
"CMR",2016,491,1,NA,NA,55.2,538,28.7,84.2
"CMR",2017,410,1,NA,NA,53.2,529,28,80.6
"CMR",2018,1007,1,NA,NA,51.3,NA,27.4,77.3
"COD",1999,7541,1,NA,NA,NA,NA,NA,NA
"COD",2000,3052,1,NA,NA,106.5,760,38.4,159.3
"COD",2001,1391,1,NA,NA,104.4,740,38,154.9
"COD",2002,7931,1,NA,NA,102.2,734,37.6,150.4
"COD",2003,4328,1,NA,NA,99.9,699,37.2,145.7
"COD",2004,795,1,NA,NA,97.5,661,36.6,140.9
"COD",2005,314,1,1,0,95.2,627,36,136.1
"COD",2006,390,1,NA,NA,92.8,598,35.3,131.4
"COD",2007,879,1,NA,NA,90.4,578,34.5,126.7
"COD",2008,1740,1,1,0,88.1,565,33.8,122.3
"COD",2009,5069,1,NA,NA,85.8,555,33,118
"COD",2010,799,1,NA,NA,83.5,542,32.3,113.8
"COD",2011,511,1,NA,NA,81.3,532,31.7,109.9
"COD",2012,1842,1,NA,NA,79.1,524,31.1,106.1
"COD",2013,2196,1,NA,NA,77,514,30.6,102.5
"COD",2014,1622,1,NA,NA,75,500,30,99.2
"COD",2015,737,1,1,0,73,490,29.5,95.9
"COD",2016,2194,1,NA,NA,71.1,481,29,92.8
"COD",2017,6031,1,NA,NA,69.1,473,28.5,89.6
"COD",2018,3130,1,NA,NA,67.3,NA,27.9,86.6
"COG",1999,948,1,NA,NA,NA,NA,NA,NA
"COG",2000,0,0,NA,NA,72.4,739,30.7,114.1
"COG",2001,3,0,NA,NA,70.7,752,30.2,111.1
"COG",2002,234,1,NA,NA,68,769,29.5,106.2
"COG",2003,33,1,NA,NA,64.6,757,28.6,100.2
"COG",2004,0,0,NA,NA,60.7,724,27.5,93.3
"COG",2005,15,0,NA,NA,56.8,677,26.5,86.4
"COG",2006,0,0,NA,NA,53.1,623,25.4,79.8
"COG",2007,2,0,NA,NA,49.8,580,24.5,74
"COG",2008,1,0,NA,NA,46.9,552,23.7,69
"COG",2009,0,0,NA,NA,44.7,526,23,65
"COG",2010,0,0,NA,NA,43,506,22.5,62
"COG",2011,1,0,NA,NA,41.7,488,22.1,59.7
"COG",2012,2,0,NA,NA,40.7,468,21.8,57.9
"COG",2013,0,0,NA,NA,39.7,449,21.4,56.2
"COG",2014,0,0,NA,NA,38.7,433,21.1,54.4
"COG",2015,0,0,NA,NA,37.6,416,20.7,52.6
"COG",2016,73,1,NA,NA,36.6,397,20.2,50.8
"COG",2017,20,0,NA,NA,35.6,378,19.9,49.1
"COG",2018,0,0,NA,NA,34.7,NA,19.4,47.6
"COL",1999,2093,1,NA,NA,NA,NA,NA,NA
"COL",2000,4293,1,1,0,21.2,94,13.5,25.1
"COL",2001,4592,1,NA,NA,20.6,93,13.1,24.3
"COL",2002,4346,1,NA,NA,19.9,92,12.7,23.5
"COL",2003,1183,1,NA,NA,19.4,88,12.4,22.8
"COL",2004,1781,1,1,0,18.9,85,12,22.1
"COL",2005,1725,1,NA,NA,18.3,83,11.7,21.5
"COL",2006,588,1,NA,NA,17.8,82,11.3,20.8
"COL",2007,362,1,1,0,17.2,83,11,20.2
"COL",2008,252,1,1,0,16.7,84,10.6,19.5
"COL",2009,419,1,NA,NA,16.2,87,10.3,18.9
"COL",2010,442,1,NA,NA,15.7,85,10,18.3
"COL",2011,227,1,NA,NA,15.2,84,9.6,17.7
"COL",2012,227,1,NA,NA,14.7,85,9.3,17.1
"COL",2013,140,1,1,0,14.3,85,9,16.6
"COL",2014,156,1,NA,NA,13.8,85,8.7,16
"COL",2015,143,1,1,1,13.4,85,8.4,15.5
"COL",2016,38,1,NA,NA,12.9,84,8.2,15
"COL",2017,87,1,NA,NA,12.5,83,7.9,14.6
"COL",2018,245,1,NA,NA,12.1,NA,7.7,14.1
"COM",1999,0,0,NA,NA,NA,NA,NA,NA
"COM",2000,0,0,NA,NA,72.4,444,40.8,100.6
"COM",2001,0,0,NA,NA,72.1,437,40.7,100.2
"COM",2002,0,0,NA,NA,72,429,40.5,100.1
"COM",2003,0,0,NA,NA,71.7,423,40.3,99.6
"COM",2004,0,0,NA,NA,71,414,40.1,98.5
"COM",2005,0,0,NA,NA,69.8,404,39.7,96.7
"COM",2006,0,0,NA,NA,68.4,393,39.2,94.4
"COM",2007,0,0,NA,NA,66.8,382,38.6,91.9
"COM",2008,0,0,NA,NA,65.3,370,38,89.5
"COM",2009,0,0,NA,NA,63.7,356,37.3,86.9
"COM",2010,0,0,NA,NA,62.2,341,36.6,84.6
"COM",2011,0,0,NA,NA,60.5,326,35.8,82
"COM",2012,0,0,NA,NA,58.9,313,35.1,79.4
"COM",2013,0,0,NA,NA,57.2,302,34.5,76.9
"COM",2014,0,0,1,0,55.8,293,33.6,74.7
"COM",2015,0,0,NA,NA,54.4,285,32.9,72.3
"COM",2016,0,0,NA,NA,53,279,32.1,70.1
"COM",2017,0,0,NA,NA,51.5,273,31.3,67.9
"COM",2018,0,0,NA,NA,50.1,NA,30.5,65.7
"CPV",1999,0,0,NA,NA,NA,NA,NA,NA
"CPV",2000,0,0,NA,NA,31.1,118,18.1,38.1
"CPV",2001,0,0,NA,NA,28.4,109,17,34.4
"CPV",2002,0,0,0,1,26.3,101,16,31.6
"CPV",2003,0,0,NA,NA,24.8,96,15.4,29.8
"CPV",2004,0,0,NA,NA,24,91,15.1,28.6
"CPV",2005,0,0,NA,NA,23.5,86,15.1,28.1
"CPV",2006,0,0,NA,NA,23.4,82,15.3,27.9
"CPV",2007,0,0,NA,NA,23.3,78,15.4,27.8
"CPV",2008,0,0,NA,NA,23.1,75,15.6,27.5
"CPV",2009,0,0,NA,NA,22.7,72,15.5,27
"CPV",2010,0,0,NA,NA,22.1,70,15.3,26.3
"CPV",2011,0,0,NA,NA,21.3,67,14.9,25.2
"CPV",2012,0,0,NA,NA,20.3,65,14.3,24
"CPV",2013,0,0,NA,NA,19.2,63,13.5,22.5
"CPV",2014,0,0,NA,NA,17.9,62,12.6,21
"CPV",2015,0,0,NA,NA,16.7,61,11.8,19.5
"CPV",2016,0,0,NA,NA,15.5,59,10.9,18.1
"CPV",2017,0,0,0,1,14.5,58,10.2,16.8
"CPV",2018,0,0,NA,NA,13.6,NA,9.6,15.8
"CRI",1999,0,0,NA,NA,NA,NA,NA,NA
"CRI",2000,0,0,NA,NA,11.1,40,7.7,13.1
"CRI",2001,0,0,NA,NA,10.5,37,7.5,12.6
"CRI",2002,0,0,NA,NA,10.1,38,7.3,12.1
"CRI",2003,0,0,1,0,10,37,7.2,11.8
"CRI",2004,0,0,1,0,9.9,36,7.1,11.5
"CRI",2005,0,0,NA,NA,9.9,33,7.1,11.3
"CRI",2006,0,0,NA,NA,9.8,35,7,11.2
"CRI",2007,0,0,NA,NA,9.7,29,6.9,11.1
"CRI",2008,0,0,NA,NA,9.5,29,6.8,10.9
"CRI",2009,0,0,1,0,9.3,29,6.7,10.7
"CRI",2010,0,0,NA,NA,9.2,32,6.6,10.5
"CRI",2011,0,0,NA,NA,8.9,30,6.5,10.2
"CRI",2012,0,0,1,0,8.6,29,6.5,9.9
"CRI",2013,0,0,NA,NA,8.2,29,6.4,9.6
"CRI",2014,0,0,0,1,7.9,29,6.3,9.3
"CRI",2015,0,0,NA,NA,7.7,28,6.3,9.1
"CRI",2016,0,0,NA,NA,7.6,28,6.2,8.9
"CRI",2017,0,0,NA,NA,7.5,27,6.1,8.7
"CRI",2018,0,0,0,1,7.4,NA,5.9,8.4
"CUB",1999,0,0,NA,NA,NA,NA,NA,NA
"CUB",2000,0,0,0,1,7,46,4.3,8.8
"CUB",2001,0,0,NA,NA,6.8,44,4.2,8.5
"CUB",2002,0,0,NA,NA,6.5,41,4,8.2
"CUB",2003,0,0,NA,NA,6.3,41,3.8,7.9
"CUB",2004,0,0,0,1,6.1,40,3.6,7.6
"CUB",2005,0,0,NA,NA,5.9,41,3.4,7.4
"CUB",2006,0,0,NA,NA,5.7,38,3.3,7.2
"CUB",2007,0,0,NA,NA,5.5,38,3.2,6.9
"CUB",2008,0,0,NA,NA,5.4,40,3.1,6.7
"CUB",2009,0,0,NA,NA,5.2,40,3,6.5
"CUB",2010,0,0,NA,NA,5.1,41,2.9,6.4
"CUB",2011,0,0,NA,NA,5,38,2.8,6.2
"CUB",2012,0,0,NA,NA,4.8,39,2.7,6.1
"CUB",2013,0,0,NA,NA,4.7,40,2.6,5.9
"CUB",2014,0,0,NA,NA,4.6,39,2.5,5.8
"CUB",2015,0,0,0,1,4.5,38,2.4,5.7
"CUB",2016,0,0,NA,NA,4.4,37,2.3,5.5
"CUB",2017,0,0,NA,NA,4.3,36,2.3,5.4
"CUB",2018,0,0,NA,NA,4.3,NA,2.3,5.3
"CYP",1999,0,0,NA,NA,NA,NA,NA,NA
"CYP",2000,0,0,0,1,5.6,14,3.7,6.5
"CYP",2001,0,0,NA,NA,5.2,9,3.4,6
"CYP",2002,0,0,NA,NA,4.8,10,3.2,5.6
"CYP",2003,0,0,NA,NA,4.5,9,3,5.2
"CYP",2004,0,0,NA,NA,4.1,9,2.8,4.8
"CYP",2005,0,0,NA,NA,3.8,12,2.6,4.5
"CYP",2006,0,0,NA,NA,3.6,9,2.4,4.2
"CYP",2007,0,0,NA,NA,3.3,8,2.3,3.9
"CYP",2008,0,0,NA,NA,3.1,9,2.1,3.7
"CYP",2009,0,0,NA,NA,3,8,2,3.5
"CYP",2010,0,0,NA,NA,2.8,8,1.9,3.4
"CYP",2011,0,0,NA,NA,2.7,8,1.9,3.2
"CYP",2012,0,0,NA,NA,2.6,7,1.8,3.1
"CYP",2013,0,0,NA,NA,2.5,6,1.8,3
"CYP",2014,0,0,NA,NA,2.4,8,1.7,2.9
"CYP",2015,0,0,NA,NA,2.4,7,1.7,2.9
"CYP",2016,0,0,NA,NA,2.4,6,1.7,2.9
"CYP",2017,0,0,NA,NA,2.3,6,1.7,2.8
"CYP",2018,0,0,NA,NA,2.3,NA,1.7,2.8
"CZE",1999,0,0,NA,NA,NA,NA,NA,NA
"CZE",2000,0,0,NA,NA,4.5,7,2.7,5.5
"CZE",2001,0,0,NA,NA,4.3,7,2.5,5.2
"CZE",2002,0,0,NA,NA,4.1,6,2.4,5
"CZE",2003,0,0,NA,NA,3.9,6,2.4,4.8
"CZE",2004,0,0,NA,NA,3.7,5,2.3,4.6
"CZE",2005,0,0,NA,NA,3.6,5,2.2,4.4
"CZE",2006,0,0,NA,NA,3.4,5,2.1,4.1
"CZE",2007,0,0,NA,NA,3.2,5,2,3.9
"CZE",2008,0,0,NA,NA,3,5,1.9,3.7
"CZE",2009,0,0,NA,NA,2.9,4,1.8,3.5
"CZE",2010,0,0,NA,NA,2.7,4,1.7,3.4
"CZE",2011,0,0,NA,NA,2.6,4,1.6,3.3
"CZE",2012,0,0,NA,NA,2.6,4,1.6,3.2
"CZE",2013,0,0,NA,NA,2.5,4,1.6,3.1
"CZE",2014,0,0,NA,NA,2.5,4,1.6,3.1
"CZE",2015,0,0,NA,NA,2.5,4,1.6,3.2
"CZE",2016,0,0,NA,NA,2.6,4,1.6,3.2
"CZE",2017,0,0,NA,NA,2.6,3,1.6,3.2
"CZE",2018,0,0,NA,NA,2.5,NA,1.6,3.1
"DEU",1999,0,0,NA,NA,NA,NA,NA,NA
"DEU",2000,0,0,NA,NA,4.4,7,2.8,5.4
"DEU",2001,0,0,NA,NA,4.3,7,2.7,5.2
"DEU",2002,0,0,NA,NA,4.2,7,2.7,5.1
"DEU",2003,0,0,NA,NA,4.1,6,2.7,5
"DEU",2004,0,0,1,0,4,6,2.6,4.9
"DEU",2005,0,0,NA,NA,3.9,6,2.6,4.7
"DEU",2006,0,0,NA,NA,3.8,6,2.6,4.6
"DEU",2007,0,0,NA,NA,3.7,6,2.5,4.5
"DEU",2008,0,0,NA,NA,3.6,6,2.4,4.4
"DEU",2009,0,0,NA,NA,3.5,6,2.4,4.3
"DEU",2010,0,0,NA,NA,3.5,6,2.3,4.2
"DEU",2011,0,0,NA,NA,3.4,6,2.3,4.1
"DEU",2012,0,0,NA,NA,3.4,5,2.3,4
"DEU",2013,0,0,NA,NA,3.3,5,2.3,4
"DEU",2014,0,0,NA,NA,3.3,5,2.3,4
"DEU",2015,0,0,NA,NA,3.3,5,2.3,3.9
"DEU",2016,12,0,NA,NA,3.3,5,2.3,3.9
"DEU",2017,0,0,NA,NA,3.3,7,2.3,3.9
"DEU",2018,0,0,NA,NA,3.2,NA,2.3,3.8
"DJI",1999,25,1,NA,NA,NA,NA,NA,NA
"DJI",2000,0,0,NA,NA,79.9,507,43.9,101
"DJI",2001,0,0,NA,NA,78.2,490,43.4,98.6
"DJI",2002,0,0,NA,NA,76.5,470,42.7,96.1
"DJI",2003,0,0,NA,NA,74.7,449,42.1,93.6
"DJI",2004,0,0,NA,NA,72.9,426,41.6,91.1
"DJI",2005,0,0,0,1,71.2,393,40.9,88.7
"DJI",2006,0,0,NA,NA,69.4,361,40.3,86.1
"DJI",2007,0,0,0,1,67.6,335,39.7,83.6
"DJI",2008,35,1,0,1,65.9,320,39,81.2
"DJI",2009,0,0,NA,NA,64.2,299,38.4,78.8
"DJI",2010,0,0,0,1,62.5,283,37.6,76.6
"DJI",2011,0,0,NA,NA,60.9,272,37,74.4
"DJI",2012,0,0,NA,NA,59.3,262,36.3,72.2
"DJI",2013,0,0,NA,NA,57.8,256,35.4,70.1
"DJI",2014,1,0,NA,NA,56.2,256,34.7,68
"DJI",2015,0,0,NA,NA,54.6,247,34,65.8
"DJI",2016,0,0,NA,NA,53.1,246,33.2,63.8
"DJI",2017,0,0,NA,NA,51.6,248,32.5,61.8
"DJI",2018,6,0,NA,NA,50.1,NA,31.8,59.7
"DMA",1999,0,0,NA,NA,NA,NA,NA,NA
"DMA",2000,0,0,NA,NA,14.1,NA,12.9,16.9
"DMA",2001,0,0,NA,NA,14.5,NA,13.3,17.3
"DMA",2002,0,0,NA,NA,14.9,NA,13.8,17.8
"DMA",2003,0,0,NA,NA,15.5,NA,14.4,18.4
"DMA",2004,0,0,1,0,16.1,NA,14.9,19
"DMA",2005,0,0,NA,NA,16.8,NA,15.6,19.7
"DMA",2006,0,0,NA,NA,17.5,NA,16.2,20.5
"DMA",2007,0,0,NA,NA,18.3,NA,17,21.4
"DMA",2008,0,0,NA,NA,19.2,NA,17.8,22.3
"DMA",2009,0,0,NA,NA,20.2,NA,18.7,23.4
"DMA",2010,0,0,NA,NA,21.3,NA,19.6,24.6
"DMA",2011,0,0,NA,NA,22.5,NA,20.7,25.8
"DMA",2012,0,0,NA,NA,23.7,NA,21.7,27.1
"DMA",2013,0,0,NA,NA,25,NA,22.8,28.4
"DMA",2014,0,0,NA,NA,26.2,NA,23.9,29.8
"DMA",2015,0,0,NA,NA,27.5,NA,25,31.1
"DMA",2016,0,0,NA,NA,28.7,NA,26.1,32.4
"DMA",2017,0,0,NA,NA,29.7,NA,27.2,33.5
"DMA",2018,0,0,NA,NA,30.6,NA,28.3,34.4
"DNK",1999,0,0,NA,NA,NA,NA,NA,NA
"DNK",2000,0,0,NA,NA,4.7,8,3.5,5.7
"DNK",2001,0,0,NA,NA,4.7,8,3.4,5.6
"DNK",2002,0,0,NA,NA,4.6,8,3.2,5.5
"DNK",2003,0,0,NA,NA,4.5,7,3.2,5.4
"DNK",2004,0,0,NA,NA,4.3,7,3.1,5.2
"DNK",2005,0,0,NA,NA,4.2,6,3.1,5
"DNK",2006,0,0,NA,NA,4,6,3,4.8
"DNK",2007,0,0,NA,NA,3.8,6,2.9,4.5
"DNK",2008,0,0,NA,NA,3.7,6,2.8,4.4
"DNK",2009,0,0,NA,NA,3.6,6,2.8,4.2
"DNK",2010,0,0,NA,NA,3.5,5,2.8,4.1
"DNK",2011,0,0,NA,NA,3.4,5,2.9,4.1
"DNK",2012,0,0,NA,NA,3.5,5,3,4.1
"DNK",2013,0,0,NA,NA,3.5,4,3,4.1
"DNK",2014,0,0,NA,NA,3.5,4,3,4.1
"DNK",2015,0,0,NA,NA,3.5,4,3,4.1
"DNK",2016,0,0,NA,NA,3.5,4,2.9,4.1
"DNK",2017,0,0,NA,NA,3.4,4,2.8,4
"DNK",2018,0,0,NA,NA,3.3,NA,2.7,3.9
"DOM",1999,0,0,NA,NA,NA,NA,NA,NA
"DOM",2000,0,0,NA,NA,32.4,80,23.3,40
"DOM",2001,0,0,NA,NA,31.7,75,23.2,39
"DOM",2002,0,0,NA,NA,31.1,75,23.1,38.1
"DOM",2003,0,0,1,0,30.6,76,23.1,37.4
"DOM",2004,0,0,NA,NA,30.1,81,23.2,36.9
"DOM",2005,0,0,NA,NA,29.8,83,23.4,36.4
"DOM",2006,0,0,NA,NA,29.5,86,23.6,36
"DOM",2007,0,0,NA,NA,29.3,90,23.8,35.7
"DOM",2008,0,0,NA,NA,29.1,92,24,35.5
"DOM",2009,0,0,NA,NA,29,95,24.1,35.3
"DOM",2010,0,0,NA,NA,28.9,96,24.2,35.1
"DOM",2011,0,0,NA,NA,28.8,95,24.3,35
"DOM",2012,0,0,NA,NA,28.8,94,24.3,35
"DOM",2013,0,0,NA,NA,28.8,94,24.3,35
"DOM",2014,0,0,NA,NA,28.8,94,24.4,35
"DOM",2015,0,0,NA,NA,28.8,94,24.4,35
"DOM",2016,0,0,NA,NA,28.8,94,24.5,35
"DOM",2017,0,0,NA,NA,28.7,95,24.4,34.9
"DOM",2018,0,0,NA,NA,28.6,NA,24.2,34.8
"DZA",1999,1168,1,NA,NA,NA,NA,NA,NA
"DZA",2000,1193,1,NA,NA,33.9,161,21.1,39.7
"DZA",2001,674,1,NA,NA,33.3,155,21.1,38.9
"DZA",2002,1058,1,NA,NA,32.4,148,20.9,37.8
"DZA",2003,714,1,1,0,31.3,145,20.8,36.5
"DZA",2004,500,1,1,0,30.1,134,20.4,35.1
"DZA",2005,232,1,NA,NA,28.8,127,20.1,33.6
"DZA",2006,292,1,1,0,27.6,122,19.8,32.1
"DZA",2007,495,1,NA,NA,26.4,119,19.4,30.7
"DZA",2008,345,1,NA,NA,25.3,117,18.9,29.5
"DZA",2009,541,1,NA,NA,24.4,117,18.2,28.4
"DZA",2010,252,1,NA,NA,23.6,115,17.5,27.4
"DZA",2011,276,1,NA,NA,22.9,116,17.1,26.7
"DZA",2012,264,1,NA,NA,22.5,116,16.9,26.2
"DZA",2013,222,1,NA,NA,22.1,115,16.4,25.8
"DZA",2014,111,1,1,0,21.9,114,15.7,25.5
"DZA",2015,110,1,NA,NA,21.6,114,15.1,25.2
"DZA",2016,89,1,NA,NA,21.3,113,15.1,24.8
"DZA",2017,77,1,NA,NA,20.9,112,15.6,24.3
"DZA",2018,35,1,NA,NA,20.4,NA,16,23.8
"ECU",1999,0,0,NA,NA,NA,NA,NA,NA
"ECU",2000,0,0,NA,NA,24.7,122,14.1,29.5
"ECU",2001,2,0,NA,NA,23.4,117,13.4,28
"ECU",2002,0,0,NA,NA,22.4,110,12.7,26.6
"ECU",2003,26,1,NA,NA,21.5,100,12.1,25.4
"ECU",2004,0,0,NA,NA,20.7,94,11.6,24.4
"ECU",2005,0,0,NA,NA,19.9,94,11.1,23.5
"ECU",2006,0,0,NA,NA,19.2,90,10.6,22.6
"ECU",2007,0,0,NA,NA,18.5,85,10.2,21.7
"ECU",2008,25,1,NA,NA,17.7,82,9.7,20.8
"ECU",2009,0,0,0,1,17,80,9.3,19.9
"ECU",2010,0,0,NA,NA,16.3,78,8.9,19
"ECU",2011,0,0,NA,NA,15.6,76,8.5,18.1
"ECU",2012,0,0,NA,NA,14.9,71,8.1,17.3
"ECU",2013,0,0,0,1,14.3,67,7.8,16.6
"ECU",2014,0,0,1,0,13.7,65,7.5,15.9
"ECU",2015,0,0,NA,NA,13.2,63,7.3,15.4
"ECU",2016,0,0,1,0,12.8,61,7.1,14.8
"ECU",2017,0,0,NA,NA,12.4,59,6.9,14.4
"ECU",2018,0,0,NA,NA,12,NA,6.9,13.9
"EGY",1999,4,0,NA,NA,NA,NA,NA,NA
"EGY",2000,5,0,NA,NA,37.1,64,22.4,46.6
"EGY",2001,0,0,NA,NA,35.2,63,21.7,43.9
"EGY",2002,0,0,1,0,33.5,60,21,41.5
"EGY",2003,0,0,NA,NA,32,57,20.3,39.4
"EGY",2004,35,1,NA,NA,30.6,54,19.7,37.5
"EGY",2005,124,1,NA,NA,29.3,52,19,35.7
"EGY",2006,2,0,NA,NA,28.2,50,18.2,34.2
"EGY",2007,0,0,NA,NA,27.1,47,17.5,32.7
"EGY",2008,2,0,NA,NA,26,45,16.7,31.3
"EGY",2009,1,0,NA,NA,25,45,16,29.9
"EGY",2010,1,0,NA,NA,24,45,15.2,28.7
"EGY",2011,31,1,NA,NA,23.1,42,14.6,27.5
"EGY",2012,75,1,NA,NA,22.2,42,13.9,26.3
"EGY",2013,135,1,NA,NA,21.3,40,13.4,25.3
"EGY",2014,249,1,NA,NA,20.5,39,12.8,24.3
"EGY",2015,991,1,NA,NA,19.8,39,12.3,23.3
"EGY",2016,404,1,NA,NA,19.1,38,11.9,22.5
"EGY",2017,902,1,NA,NA,18.5,37,11.5,21.7
"EGY",2018,692,1,NA,NA,17.8,NA,11.1,20.9
"ERI",1999,17203,1,NA,NA,NA,NA,NA,NA
"ERI",2000,1793,1,NA,NA,56.1,1280,27,85.2
"ERI",2001,0,0,NA,NA,53.8,1180,26.5,81.1
"ERI",2002,0,0,NA,NA,51.6,1130,26.1,77.3
"ERI",2003,57,1,NA,NA,49.6,1060,25.6,73.8
"ERI",2004,0,0,NA,NA,47.8,938,25.2,70.5
"ERI",2005,0,0,NA,NA,46.1,804,24.7,67.5
"ERI",2006,0,0,NA,NA,44.5,705,24.2,64.6
"ERI",2007,0,0,NA,NA,43,635,23.7,61.9
"ERI",2008,0,0,0,1,41.5,605,23.2,59.4
"ERI",2009,0,0,NA,NA,40.2,583,22.6,57.1
"ERI",2010,0,0,NA,NA,39,567,22.1,55.1
"ERI",2011,0,0,NA,NA,37.9,558,21.5,53.1
"ERI",2012,0,0,NA,NA,36.8,549,21.1,51.2
"ERI",2013,0,0,NA,NA,35.8,540,20.6,49.5
"ERI",2014,0,0,NA,NA,34.9,530,20.2,47.9
"ERI",2015,0,0,NA,NA,34,518,19.7,46.3
"ERI",2016,25,1,NA,NA,33.1,498,19.3,44.8
"ERI",2017,0,0,NA,NA,32.2,480,18.9,43.3
"ERI",2018,0,0,NA,NA,31.3,NA,18.5,41.9
"ESP",1999,0,0,NA,NA,NA,NA,NA,NA
"ESP",2000,20,0,NA,NA,4.4,5,2.8,5.4
"ESP",2001,13,0,NA,NA,4.3,5,2.7,5.3
"ESP",2002,5,0,NA,NA,4.2,5,2.7,5.1
"ESP",2003,3,0,NA,NA,4.1,5,2.6,5
"ESP",2004,191,1,NA,NA,3.9,5,2.5,4.9
"ESP",2005,0,0,NA,NA,3.8,5,2.4,4.7
"ESP",2006,0,0,NA,NA,3.7,4,2.3,4.5
"ESP",2007,0,0,NA,NA,3.6,4,2.2,4.4
"ESP",2008,2,0,NA,NA,3.4,4,2.2,4.2
"ESP",2009,3,0,NA,NA,3.3,4,2.1,4
"ESP",2010,0,0,NA,NA,3.1,4,2.1,3.8
"ESP",2011,1,0,1,0,3,4,2.1,3.7
"ESP",2012,0,0,NA,NA,2.9,4,2.1,3.6
"ESP",2013,0,0,NA,NA,2.8,4,2,3.5
"ESP",2014,0,0,NA,NA,2.8,4,2,3.4
"ESP",2015,0,0,NA,NA,2.7,4,1.9,3.3
"ESP",2016,0,0,NA,NA,2.7,4,1.9,3.3
"ESP",2017,16,0,NA,NA,2.7,4,1.9,3.3
"ESP",2018,0,0,NA,NA,2.7,NA,1.8,3.3
"EST",1999,0,0,NA,NA,NA,NA,NA,NA
"EST",2000,0,0,NA,NA,8.7,29,5.3,10.9
"EST",2001,0,0,NA,NA,8,27,4.8,10.1
"EST",2002,0,0,NA,NA,7.3,25,4.4,9.3
"EST",2003,0,0,NA,NA,6.7,20,4,8.5
"EST",2004,0,0,NA,NA,6.2,18,3.7,7.8
"EST",2005,0,0,NA,NA,5.7,18,3.4,7.2
"EST",2006,0,0,NA,NA,5.2,16,3.1,6.6
"EST",2007,0,0,NA,NA,4.7,17,2.8,6
"EST",2008,0,0,NA,NA,4.3,14,2.5,5.5
"EST",2009,0,0,NA,NA,4,14,2.3,5
"EST",2010,0,0,NA,NA,3.6,11,2.1,4.6
"EST",2011,0,0,NA,NA,3.3,13,1.9,4.2
"EST",2012,0,0,NA,NA,3,12,1.7,3.9
"EST",2013,0,0,NA,NA,2.8,10,1.6,3.6
"EST",2014,0,0,NA,NA,2.6,11,1.5,3.3
"EST",2015,0,0,NA,NA,2.4,10,1.4,3.1
"EST",2016,0,0,NA,NA,2.2,11,1.3,2.8
"EST",2017,0,0,NA,NA,2.1,9,1.2,2.6
"EST",2018,0,0,NA,NA,1.9,NA,1.1,2.4
"ETH",1999,30786,1,NA,NA,NA,NA,NA,NA
"ETH",2000,48666,1,NA,NA,87.2,1030,48.6,140.7
"ETH",2001,388,1,NA,NA,83.8,988,47.8,134.6
"ETH",2002,809,1,NA,NA,80.3,985,46.8,128.3
"ETH",2003,1093,1,0,1,76.7,972,45.8,121.8
"ETH",2004,475,1,NA,NA,73.1,929,44.8,115.3
"ETH",2005,290,1,0,1,69.5,865,43.7,108.9
"ETH",2006,430,1,NA,NA,66.1,795,42.6,102.8
"ETH",2007,500,1,NA,NA,62.8,731,41.4,97
"ETH",2008,311,1,0,1,59.8,681,40.2,91.6
"ETH",2009,590,1,0,1,57,638,39.1,86.7
"ETH",2010,152,1,0,1,54.3,597,37.9,82
"ETH",2011,66,1,0,1,51.9,558,36.7,77.7
"ETH",2012,385,1,NA,NA,49.5,527,35.5,73.5
"ETH",2013,88,1,NA,NA,47.3,498,34.3,69.6
"ETH",2014,39,1,NA,NA,45.2,472,33.1,65.9
"ETH",2015,307,1,0,1,43.2,446,31.9,62.4
"ETH",2016,529,1,NA,NA,41.3,422,30.7,59
"ETH",2017,475,1,NA,NA,39.5,401,29.7,55.9
"ETH",2018,687,1,NA,NA,38,NA,28.7,53.2
"FIN",1999,0,0,NA,NA,NA,NA,NA,NA
"FIN",2000,0,0,NA,NA,3.5,6,2.5,4.3
"FIN",2001,0,0,NA,NA,3.4,5,2.4,4.2
"FIN",2002,0,0,NA,NA,3.3,5,2.3,4.1
"FIN",2003,0,0,NA,NA,3.3,5,2.2,4
"FIN",2004,0,0,NA,NA,3.2,5,2.1,3.9
"FIN",2005,0,0,NA,NA,3.1,5,2.1,3.7
"FIN",2006,0,0,NA,NA,3,4,2,3.6
"FIN",2007,0,0,NA,NA,2.8,4,1.9,3.5
"FIN",2008,0,0,NA,NA,2.7,4,1.8,3.3
"FIN",2009,0,0,NA,NA,2.6,4,1.8,3.2
"FIN",2010,0,0,NA,NA,2.5,4,1.7,3
"FIN",2011,0,0,NA,NA,2.4,4,1.6,2.9
"FIN",2012,0,0,NA,NA,2.3,4,1.5,2.8
"FIN",2013,0,0,NA,NA,2.2,4,1.4,2.7
"FIN",2014,0,0,NA,NA,2.1,3,1.4,2.6
"FIN",2015,0,0,NA,NA,2,3,1.4,2.5
"FIN",2016,0,0,NA,NA,2,3,1.4,2.4
"FIN",2017,0,0,NA,NA,2,3,1.4,2.4
"FIN",2018,0,0,NA,NA,1.9,NA,1.4,2.4
"FJI",1999,0,0,NA,NA,NA,NA,NA,NA
"FJI",2000,0,0,NA,NA,19.1,51,10.1,22.4
"FJI",2001,0,0,NA,NA,19,49,10.2,22.3
"FJI",2002,0,0,NA,NA,19,48,10.5,22.4
"FJI",2003,0,0,NA,NA,19.2,48,11,22.5
"FJI",2004,0,0,NA,NA,19.4,47,11.4,22.8
"FJI",2005,0,0,NA,NA,19.7,46,11.6,23.1
"FJI",2006,0,0,NA,NA,19.9,44,11.5,23.4
"FJI",2007,0,0,NA,NA,20.1,43,11,23.7
"FJI",2008,0,0,NA,NA,20.2,42,10.3,23.8
"FJI",2009,0,0,NA,NA,20.1,40,9.7,23.7
"FJI",2010,0,0,NA,NA,20,39,9.3,23.6
"FJI",2011,0,0,NA,NA,20,38,9,23.6
"FJI",2012,0,0,NA,NA,20,38,9,23.5
"FJI",2013,0,0,NA,NA,20.1,37,9.1,23.7
"FJI",2014,0,0,NA,NA,20.3,36,9.4,23.9
"FJI",2015,0,0,0,1,20.6,35,9.8,24.4
"FJI",2016,0,0,NA,NA,21.1,34,10.2,24.9
"FJI",2017,0,0,NA,NA,21.5,34,10.6,25.5
"FJI",2018,0,0,NA,NA,22.1,NA,11,26.2
"FRA",1999,0,0,NA,NA,NA,NA,NA,NA
"FRA",2000,0,0,NA,NA,4.1,10,2.8,5.4
"FRA",2001,0,0,NA,NA,3.9,10,2.7,5.3
"FRA",2002,0,0,NA,NA,3.7,10,2.7,5.1
"FRA",2003,0,0,NA,NA,3.6,9,2.6,4.9
"FRA",2004,0,0,NA,NA,3.4,9,2.5,4.8
"FRA",2005,0,0,NA,NA,3.3,9,2.4,4.6
"FRA",2006,0,0,NA,NA,3.3,9,2.4,4.5
"FRA",2007,2,0,NA,NA,3.2,9,2.4,4.4
"FRA",2008,0,0,NA,NA,3.2,9,2.4,4.4
"FRA",2009,0,0,NA,NA,3.1,9,2.4,4.3
"FRA",2010,0,0,NA,NA,3.1,9,2.3,4.2
"FRA",2011,0,0,NA,NA,3.1,9,2.3,4.2
"FRA",2012,4,0,NA,NA,3.1,9,2.3,4.1
"FRA",2013,0,0,NA,NA,3.1,9,2.3,4.1
"FRA",2014,0,0,NA,NA,3.1,8,2.4,4.1
"FRA",2015,133,1,NA,NA,3.2,8,2.4,4.2
"FRA",2016,87,1,NA,NA,3.2,8,2.5,4.2
"FRA",2017,2,0,NA,NA,3.3,8,2.6,4.3
"FRA",2018,13,0,NA,NA,3.4,NA,2.6,4.3
"FSM",1999,0,0,NA,NA,NA,NA,NA,NA
"FSM",2000,0,0,NA,NA,30.8,154,20,37.8
"FSM",2001,0,0,NA,NA,30,150,19.6,36.7
"FSM",2002,0,0,NA,NA,29.4,163,19.2,35.9
"FSM",2003,0,0,NA,NA,29,141,18.8,35.2
"FSM",2004,0,0,NA,NA,28.7,137,18.6,34.8
"FSM",2005,0,0,NA,NA,28.6,133,18.5,34.7
"FSM",2006,0,0,NA,NA,28.5,128,18.4,34.6
"FSM",2007,0,0,NA,NA,28.4,123,18.3,34.5
"FSM",2008,0,0,NA,NA,28.2,118,18.2,34.2
"FSM",2009,0,0,NA,NA,27.8,114,17.9,33.7
"FSM",2010,0,0,NA,NA,27.4,110,17.5,33.1
"FSM",2011,0,0,NA,NA,26.8,106,17.1,32.3
"FSM",2012,0,0,NA,NA,26.2,103,16.7,31.6
"FSM",2013,0,0,NA,NA,25.6,99,16.2,30.7
"FSM",2014,0,0,NA,NA,24.9,96,15.6,29.9
"FSM",2015,0,0,NA,NA,24.2,95,15.2,28.9
"FSM",2016,0,0,0,1,23.5,90,14.7,28
"FSM",2017,0,0,NA,NA,22.7,88,14.2,27
"FSM",2018,0,0,NA,NA,22.1,NA,13.7,26.2
"GAB",1999,0,0,NA,NA,NA,NA,NA,NA
"GAB",2000,0,0,NA,NA,53.3,380,26.9,82.9
"GAB",2001,0,0,NA,NA,52.3,370,26.6,81.4
"GAB",2002,0,0,NA,NA,51.2,361,26.3,79.6
"GAB",2003,0,0,NA,NA,50.2,356,26,77.8
"GAB",2004,0,0,NA,NA,49,354,25.7,75.8
"GAB",2005,0,0,NA,NA,47.7,348,25.4,73.6
"GAB",2006,0,0,NA,NA,46.6,340,25.1,71.6
"GAB",2007,0,0,NA,NA,45.2,336,24.8,69.2
"GAB",2008,0,0,NA,NA,43.9,332,24.5,66.7
"GAB",2009,0,0,NA,NA,42.9,324,24.2,64.2
"GAB",2010,0,0,NA,NA,41.6,314,23.8,61.7
"GAB",2011,0,0,NA,NA,40.4,304,23.5,59.3
"GAB",2012,0,0,NA,NA,39.1,292,23.1,57.1
"GAB",2013,0,0,NA,NA,37.9,277,22.7,54.9
"GAB",2014,0,0,NA,NA,37.2,267,22.2,52.8
"GAB",2015,0,0,NA,NA,36.1,261,21.8,50.3
"GAB",2016,0,0,NA,NA,34.6,256,21.3,47.4
"GAB",2017,0,0,NA,NA,33.7,252,20.9,45.5
"GAB",2018,0,0,NA,NA,32.5,NA,20.5,44.1
"GBR",1999,0,0,NA,NA,NA,NA,NA,NA
"GBR",2000,1,0,NA,NA,5.6,10,3.8,6.5
"GBR",2001,1,0,NA,NA,5.5,11,3.7,6.4
"GBR",2002,3,0,NA,NA,5.4,11,3.6,6.3
"GBR",2003,1,0,NA,NA,5.3,11,3.6,6.2
"GBR",2004,1,0,NA,NA,5.2,11,3.5,6.1
"GBR",2005,53,1,NA,NA,5.1,11,3.5,6
"GBR",2006,0,0,NA,NA,5,11,3.4,5.9
"GBR",2007,0,0,1,0,4.9,11,3.3,5.8
"GBR",2008,0,0,NA,NA,4.8,11,3.2,5.6
"GBR",2009,2,0,NA,NA,4.6,10,3.1,5.4
"GBR",2010,0,0,NA,NA,4.4,10,3,5.2
"GBR",2011,1,0,NA,NA,4.3,9,3,5
"GBR",2012,0,0,NA,NA,4.1,8,2.9,4.8
"GBR",2013,0,0,NA,NA,4,8,2.8,4.7
"GBR",2014,0,0,NA,NA,3.9,8,2.7,4.5
"GBR",2015,0,0,NA,NA,3.8,8,2.7,4.5
"GBR",2016,0,0,NA,NA,3.8,7,2.7,4.4
"GBR",2017,0,0,NA,NA,3.8,7,2.8,4.4
"GBR",2018,0,0,NA,NA,3.7,NA,2.8,4.3
"GEO",1999,0,0,NA,NA,NA,NA,NA,NA
"GEO",2000,0,0,0,1,31.9,31,22.8,36.6
"GEO",2001,0,0,NA,NA,29.9,33,21.7,34.1
"GEO",2002,0,0,1,0,27.7,42,20.3,31.5
"GEO",2003,0,0,NA,NA,25.5,37,18.9,28.8
"GEO",2004,27,1,NA,NA,23.2,38,17.4,26.2
"GEO",2005,0,0,NA,NA,21,39,15.9,23.6
"GEO",2006,0,0,NA,NA,19,33,14.5,21.3
"GEO",2007,0,0,NA,NA,17.1,36,13.2,19.1
"GEO",2008,621,1,NA,NA,15.4,39,12,17.2
"GEO",2009,0,0,1,0,13.9,43,11,15.6
"GEO",2010,3,0,NA,NA,12.7,32,10.1,14.2
"GEO",2011,0,0,NA,NA,11.6,32,9.3,13
"GEO",2012,0,0,NA,NA,10.8,30,8.6,12.1
"GEO",2013,0,0,NA,NA,10.2,30,8,11.4
"GEO",2014,0,0,NA,NA,9.7,29,7.3,10.9
"GEO",2015,0,0,NA,NA,9.4,27,6.7,10.5
"GEO",2016,0,0,NA,NA,9.1,26,6.2,10.2
"GEO",2017,0,0,NA,NA,8.8,25,5.8,9.9
"GEO",2018,0,0,NA,NA,8.7,NA,5.4,9.7
"GHA",1999,0,0,NA,NA,NA,NA,NA,NA
"GHA",2000,30,1,NA,NA,64.3,484,35.8,99.7
"GHA",2001,50,1,NA,NA,62.1,445,34.9,95.7
"GHA",2002,36,1,NA,NA,59.9,415,34.2,91.9
"GHA",2003,0,0,NA,NA,58,398,33.5,88.5
"GHA",2004,0,0,NA,NA,56.4,384,33,85.6
"GHA",2005,0,0,NA,NA,54.9,371,32.6,83
"GHA",2006,0,0,NA,NA,53.5,359,32.2,80.6
"GHA",2007,0,0,NA,NA,52.1,349,31.7,78
"GHA",2008,55,1,NA,NA,50.5,342,31.2,75.3
"GHA",2009,8,0,NA,NA,48.8,339,30.5,72.3
"GHA",2010,1,0,NA,NA,47,339,29.8,69.1
"GHA",2011,0,0,NA,NA,45.2,339,29,65.9
"GHA",2012,0,0,NA,NA,43.4,336,28.2,62.7
"GHA",2013,0,0,NA,NA,41.8,331,27.5,59.8
"GHA",2014,0,0,NA,NA,40.2,325,26.8,57.1
"GHA",2015,0,0,NA,NA,38.8,320,26,54.6
"GHA",2016,0,0,NA,NA,37.4,314,25.4,52.2
"GHA",2017,0,0,NA,NA,36.2,308,24.7,50.1
"GHA",2018,0,0,NA,NA,35,NA,24.1,48.1
"GIN",1999,13,0,NA,NA,NA,NA,NA,NA
"GIN",2000,256,1,NA,NA,99.9,1020,45.5,164.2
"GIN",2001,430,1,NA,NA,96.2,1070,43.4,157.4
"GIN",2002,0,0,NA,NA,92.7,1090,41.9,150.9
"GIN",2003,0,0,NA,NA,89.5,1080,40.7,144.9
"GIN",2004,0,0,NA,NA,86.5,1020,39.6,139.5
"GIN",2005,3,0,NA,NA,83.9,920,38.5,134.7
"GIN",2006,15,0,NA,NA,81.5,831,37.4,130.4
"GIN",2007,45,1,NA,NA,79.4,772,36.5,126.6
"GIN",2008,0,0,NA,NA,77.6,754,35.8,123.3
"GIN",2009,160,1,NA,NA,75.9,750,35.3,120.3
"GIN",2010,1,0,NA,NA,74.4,747,34.7,117.7
"GIN",2011,25,1,NA,NA,73.1,748,34.2,115.3
"GIN",2012,9,0,NA,NA,71.8,744,33.6,113
"GIN",2013,98,1,NA,NA,70.5,731,33,110.7
"GIN",2014,0,0,NA,NA,69.5,767,32.4,109.2
"GIN",2015,3,0,NA,NA,68.4,699,31.9,107.3
"GIN",2016,0,0,NA,NA,67.1,621,31.4,104.6
"GIN",2017,0,0,NA,NA,66,576,31.1,102.6
"GIN",2018,0,0,NA,NA,64.7,NA,30.7,100.4
"GMB",1999,0,0,NA,NA,NA,NA,NA,NA
"GMB",2000,0,0,NA,NA,61.6,932,40.6,113.4
"GMB",2001,0,0,NA,NA,59.8,905,39.8,108.7
"GMB",2002,0,0,0,1,58.1,876,39.1,104.2
"GMB",2003,0,0,NA,NA,56.4,843,38.4,99.8
"GMB",2004,1,0,NA,NA,54.7,802,37.7,95.6
"GMB",2005,8,0,NA,NA,53.1,756,37,91.5
"GMB",2006,0,0,NA,NA,51.5,716,36.3,87.6
"GMB",2007,0,0,NA,NA,50,690,35.5,83.8
"GMB",2008,0,0,NA,NA,48.6,675,34.7,80.3
"GMB",2009,0,0,NA,NA,47.1,668,33.9,76.8
"GMB",2010,0,0,NA,NA,45.8,661,33.1,73.6
"GMB",2011,0,0,NA,NA,44.5,656,32.4,70.6
"GMB",2012,1,0,0,1,43.2,650,31.7,67.7
"GMB",2013,0,0,NA,NA,42,644,30.9,65
"GMB",2014,0,0,NA,NA,40.9,637,30.1,62.4
"GMB",2015,0,0,0,1,39.7,625,29.4,59.8
"GMB",2016,0,0,NA,NA,38.6,611,28.5,57.4
"GMB",2017,0,0,NA,NA,37.5,597,27.8,55.1
"GMB",2018,0,0,NA,NA,36.5,NA,27.1,53.1
"GNB",1999,199,1,NA,NA,NA,NA,NA,NA
"GNB",2000,0,0,NA,NA,105,1210,55.3,173.8
"GNB",2001,0,0,NA,NA,102.1,1180,54.2,168.4
"GNB",2002,0,0,0,1,99.1,1150,53.3,162.8
"GNB",2003,0,0,NA,NA,95.9,1110,52.5,156.8
"GNB",2004,0,0,NA,NA,92.6,1050,51.7,150.7
"GNB",2005,0,0,NA,NA,89.2,979,50.9,144.5
"GNB",2006,0,0,0,1,85.9,912,49.8,138.3
"GNB",2007,0,0,NA,NA,82.5,860,48.7,132.2
"GNB",2008,0,0,NA,NA,79.1,827,47.5,126.1
"GNB",2009,0,0,NA,NA,75.9,800,46.2,120.2
"GNB",2010,0,0,NA,NA,72.6,779,44.8,114.5
"GNB",2011,0,0,NA,NA,69.6,762,43.6,109.1
"GNB",2012,0,0,NA,NA,66.8,744,42.3,104.2
"GNB",2013,0,0,NA,NA,64.3,726,41.2,99.7
"GNB",2014,0,0,NA,NA,62.1,711,40.2,95.7
"GNB",2015,0,0,NA,NA,60,694,39.2,92.1
"GNB",2016,0,0,NA,NA,58.1,679,38.4,88.7
"GNB",2017,0,0,NA,NA,56.3,667,37.5,85.5
"GNB",2018,0,0,NA,NA,54.6,NA,36.7,82.5
"GNQ",1999,0,0,NA,NA,NA,NA,NA,NA
"GNQ",2000,0,0,NA,NA,107.1,454,44.3,155.7
"GNQ",2001,0,0,NA,NA,104.4,421,43.7,151.4
"GNQ",2002,0,0,NA,NA,101.7,392,42.9,147.1
"GNQ",2003,0,0,NA,NA,99,370,42.1,142.8
"GNQ",2004,0,0,NA,NA,96.1,357,41.2,138.2
"GNQ",2005,0,0,NA,NA,93.2,344,40.2,133.5
"GNQ",2006,0,0,NA,NA,90.3,331,39.1,129
"GNQ",2007,0,0,NA,NA,87.4,322,37.9,124.4
"GNQ",2008,0,0,NA,NA,84.5,314,36.9,119.7
"GNQ",2009,0,0,NA,NA,81.7,310,35.9,115.3
"GNQ",2010,0,0,NA,NA,79.1,308,35.1,111.2
"GNQ",2011,0,0,NA,NA,76.7,308,34.3,107.4
"GNQ",2012,0,0,NA,NA,74.3,305,33.7,103.6
"GNQ",2013,0,0,NA,NA,72.1,300,33,100.2
"GNQ",2014,0,0,NA,NA,69.9,295,32.5,96.8
"GNQ",2015,0,0,NA,NA,67.6,296,31.8,93.2
"GNQ",2016,0,0,NA,NA,65.6,301,31.2,90
"GNQ",2017,0,0,NA,NA,63.6,301,30.5,86.9
"GNQ",2018,0,0,NA,NA,61.7,NA,29.9,83.9
"GRC",1999,0,0,NA,NA,NA,NA,NA,NA
"GRC",2000,0,0,1,0,5.6,3,3.9,6.4
"GRC",2001,0,0,1,0,5.2,3,3.6,6
"GRC",2002,0,0,1,0,4.9,3,3.3,5.6
"GRC",2003,0,0,1,0,4.6,3,3,5.2
"GRC",2004,0,0,NA,NA,4.3,3,2.7,4.9
"GRC",2005,0,0,NA,NA,4,3,2.5,4.6
"GRC",2006,0,0,NA,NA,3.8,3,2.4,4.3
"GRC",2007,0,0,NA,NA,3.6,3,2.2,4.1
"GRC",2008,0,0,1,0,3.5,3,2.1,4
"GRC",2009,0,0,NA,NA,3.4,3,2.1,3.9
"GRC",2010,0,0,NA,NA,3.4,3,2.1,3.9
"GRC",2011,0,0,NA,NA,3.5,3,2.2,4
"GRC",2012,0,0,NA,NA,3.5,3,2.3,4
"GRC",2013,0,0,NA,NA,3.6,3,2.4,4.1
"GRC",2014,0,0,1,0,3.7,3,2.6,4.3
"GRC",2015,0,0,NA,NA,3.8,3,2.6,4.4
"GRC",2016,0,0,NA,NA,3.9,3,2.6,4.4
"GRC",2017,0,0,1,0,3.8,3,2.6,4.3
"GRC",2018,0,0,NA,NA,3.7,NA,2.5,4.2
"GRD",1999,0,0,NA,NA,NA,NA,NA,NA
"GRD",2000,0,0,NA,NA,12.9,38,8,15.5
"GRD",2001,0,0,NA,NA,12.8,36,8,15.2
"GRD",2002,0,0,NA,NA,12.6,34,8,15
"GRD",2003,0,0,NA,NA,12.5,34,8,14.8
"GRD",2004,0,0,NA,NA,12.5,38,8,14.7
"GRD",2005,0,0,NA,NA,12.4,33,8,14.6
"GRD",2006,0,0,NA,NA,12.5,31,8,14.6
"GRD",2007,0,0,NA,NA,12.5,31,8.1,14.6
"GRD",2008,0,0,NA,NA,12.7,30,8.3,14.7
"GRD",2009,0,0,NA,NA,12.8,30,8.6,14.9
"GRD",2010,0,0,0,1,13,29,8.9,15.1
"GRD",2011,0,0,NA,NA,13.3,28,9.3,15.3
"GRD",2012,0,0,NA,NA,13.5,28,9.7,15.5
"GRD",2013,0,0,NA,NA,13.8,27,10.1,15.8
"GRD",2014,0,0,NA,NA,14,26,10.5,16
"GRD",2015,0,0,NA,NA,14.3,25,10.7,16.2
"GRD",2016,0,0,NA,NA,14.5,25,10.9,16.4
"GRD",2017,0,0,NA,NA,14.6,25,11.1,16.6
"GRD",2018,0,0,NA,NA,14.7,NA,11.1,16.6
"GTM",1999,0,0,NA,NA,NA,NA,NA,NA
"GTM",2000,0,0,NA,NA,41,161,21.3,52.1
"GTM",2001,5,0,1,1,39.5,147,20.7,50.1
"GTM",2002,2,0,NA,NA,38.1,145,20.2,48.1
"GTM",2003,0,0,NA,NA,36.8,137,19.7,46.2
"GTM",2004,1,0,NA,NA,35.6,137,19.1,44.4
"GTM",2005,58,1,NA,NA,34.3,142,18.6,42.7
"GTM",2006,0,0,NA,NA,33.1,137,18.2,41
"GTM",2007,5,0,NA,NA,32,132,17.7,39.4
"GTM",2008,41,1,NA,NA,30.8,125,17.3,37.8
"GTM",2009,1,0,0,1,29.7,131,16.8,36.3
"GTM",2010,0,0,NA,NA,28.6,129,16.2,34.8
"GTM",2011,27,1,1,0,27.6,122,15.6,33.4
"GTM",2012,0,0,1,1,26.5,118,15,32
"GTM",2013,0,0,1,0,25.6,113,14.4,30.7
"GTM",2014,0,0,1,1,24.6,107,13.9,29.5
"GTM",2015,20,0,NA,NA,23.7,103,13.4,28.3
"GTM",2016,0,0,NA,NA,22.9,98,12.9,27.3
"GTM",2017,0,0,1,0,22.2,95,12.4,26.4
"GTM",2018,0,0,0,1,21.4,NA,12,25.4
"GUY",1999,0,0,NA,NA,NA,NA,NA,NA
"GUY",2000,0,0,NA,NA,37,231,27,46.4
"GUY",2001,0,0,NA,NA,36.2,216,26.4,45.2
"GUY",2002,0,0,NA,NA,35.4,227,26,44.2
"GUY",2003,0,0,NA,NA,34.7,226,25.5,43.2
"GUY",2004,0,0,NA,NA,34,220,25.2,42.2
"GUY",2005,0,0,NA,NA,33.4,223,24.8,41.4
"GUY",2006,0,0,NA,NA,32.8,221,24.3,40.5
"GUY",2007,0,0,NA,NA,32.2,208,23.9,39.7
"GUY",2008,29,1,NA,NA,31.7,192,23.6,39
"GUY",2009,0,0,NA,NA,31.1,185,23.2,38.2
"GUY",2010,0,0,0,1,30.6,179,22.8,37.4
"GUY",2011,0,0,NA,NA,30,180,22.4,36.7
"GUY",2012,0,0,NA,NA,29.4,185,21.9,35.9
"GUY",2013,0,0,NA,NA,28.8,175,21.4,35
"GUY",2014,0,0,NA,NA,28.1,174,20.8,34.1
"GUY",2015,0,0,NA,NA,27.4,172,20.2,33.1
"GUY",2016,0,0,NA,NA,26.6,170,19.6,32.1
"GUY",2017,0,0,NA,NA,25.9,169,19.1,31.2
"GUY",2018,0,0,NA,NA,25.2,NA,18.4,30.2
"HND",1999,9,0,NA,NA,NA,NA,NA,NA
"HND",2000,6,0,0,1,30.3,85,17.7,37
"HND",2001,0,0,0,1,29,83,17.1,35.3
"HND",2002,1,0,0,1,27.8,80,16.6,33.7
"HND",2003,47,1,NA,NA,26.6,78,16.1,32.1
"HND",2004,30,1,0,1,25.5,77,15.6,30.6
"HND",2005,0,0,NA,NA,24.4,77,15.2,29.2
"HND",2006,0,0,NA,NA,23.4,77,14.7,27.9
"HND",2007,0,0,1,0,22.4,77,14.2,26.7
"HND",2008,18,0,NA,NA,21.5,76,13.7,25.5
"HND",2009,0,0,1,1,20.6,75,13.2,24.4
"HND",2010,58,1,NA,NA,19.8,74,12.7,23.3
"HND",2011,18,0,NA,NA,19.1,72,12.2,22.4
"HND",2012,18,0,0,1,18.4,70,11.7,21.5
"HND",2013,0,0,NA,NA,17.7,69,11.3,20.7
"HND",2014,21,0,0,1,17.1,68,10.9,20
"HND",2015,0,0,NA,NA,16.5,67,10.5,19.2
"HND",2016,10,0,NA,NA,16,65,10.1,18.6
"HND",2017,0,0,NA,NA,15.4,65,9.8,18
"HND",2018,0,0,0,1,14.9,NA,9.4,17.4
"HRV",1999,0,0,NA,NA,NA,NA,NA,NA
"HRV",2000,0,0,NA,NA,7.2,11,5.5,8.3
"HRV",2001,0,0,NA,NA,6.9,10,5.3,8
"HRV",2002,0,0,NA,NA,6.6,10,5,7.7
"HRV",2003,0,0,0,1,6.3,10,4.7,7.3
"HRV",2004,0,0,NA,NA,6.1,10,4.4,7
"HRV",2005,0,0,NA,NA,5.8,10,4.2,6.7
"HRV",2006,0,0,NA,NA,5.5,9,4,6.4
"HRV",2007,0,0,NA,NA,5.3,9,3.9,6.2
"HRV",2008,0,0,NA,NA,5.1,9,3.8,5.9
"HRV",2009,0,0,NA,NA,4.9,9,3.7,5.7
"HRV",2010,0,0,NA,NA,4.7,9,3.6,5.5
"HRV",2011,0,0,NA,NA,4.5,9,3.4,5.3
"HRV",2012,0,0,NA,NA,4.4,8,3.3,5.2
"HRV",2013,0,0,NA,NA,4.3,9,3.2,5.1
"HRV",2014,0,0,NA,NA,4.3,8,3.1,5
"HRV",2015,0,0,NA,NA,4.2,8,3.1,4.9
"HRV",2016,0,0,NA,NA,4.1,7,3,4.8
"HRV",2017,0,0,NA,NA,4.1,8,3,4.8
"HRV",2018,0,0,NA,NA,4,NA,3,4.7
"HTI",1999,11,0,NA,NA,NA,NA,NA,NA
"HTI",2000,0,0,NA,NA,74.5,437,29.8,103.9
"HTI",2001,0,0,NA,NA,72.3,437,29.5,100.5
"HTI",2002,0,0,NA,NA,70.3,441,29.3,97.3
"HTI",2003,0,0,0,1,68.4,446,29.3,94.4
"HTI",2004,231,1,NA,NA,66.7,513,29.4,91.8
"HTI",2005,40,1,NA,NA,65.3,459,29.4,89.4
"HTI",2006,0,0,NA,NA,63.8,467,29.3,87.2
"HTI",2007,0,0,NA,NA,62.5,473,29.2,85.2
"HTI",2008,0,0,NA,NA,61.3,484,29,83.2
"HTI",2009,0,0,NA,NA,60,484,28.7,81.2
"HTI",2010,0,0,1,0,102.6,506,30.6,203.6
"HTI",2011,0,0,NA,NA,57.6,496,28.3,77.4
"HTI",2012,0,0,NA,NA,56.4,500,28.1,75.6
"HTI",2013,0,0,NA,NA,55.3,496,27.8,73.7
"HTI",2014,0,0,0,1,54.1,492,27.5,71.9
"HTI",2015,0,0,NA,NA,52.8,488,27.1,69.9
"HTI",2016,0,0,0,1,51.5,489,26.6,67.9
"HTI",2017,8,0,NA,NA,50.3,480,26.2,66
"HTI",2018,71,1,1,0,49,NA,25.7,64.1
"HUN",1999,0,0,NA,NA,NA,NA,NA,NA
"HUN",2000,0,0,NA,NA,8.7,16,5.8,10.1
"HUN",2001,0,0,NA,NA,8.2,15,5.5,9.6
"HUN",2002,0,0,NA,NA,7.6,16,5.1,9
"HUN",2003,0,0,0,1,7.1,15,4.8,8.4
"HUN",2004,0,0,NA,NA,6.7,15,4.4,7.9
"HUN",2005,0,0,NA,NA,6.4,15,4.1,7.5
"HUN",2006,0,0,NA,NA,6.1,14,3.9,7.2
"HUN",2007,0,0,NA,NA,5.8,15,3.8,6.8
"HUN",2008,0,0,NA,NA,5.5,14,3.6,6.5
"HUN",2009,0,0,NA,NA,5.2,13,3.5,6.2
"HUN",2010,0,0,NA,NA,5.1,13,3.4,6
"HUN",2011,0,0,NA,NA,4.9,13,3.3,5.9
"HUN",2012,0,0,NA,NA,4.8,12,3.2,5.7
"HUN",2013,0,0,1,0,4.7,12,3,5.6
"HUN",2014,0,0,NA,NA,4.5,12,2.9,5.4
"HUN",2015,0,0,NA,NA,4.2,12,2.7,5.1
"HUN",2016,0,0,NA,NA,4,12,2.5,4.7
"HUN",2017,0,0,NA,NA,3.7,12,2.4,4.4
"HUN",2018,0,0,NA,NA,3.5,NA,2.3,4.2
"IDN",1999,1805,1,NA,NA,NA,NA,NA,NA
"IDN",2000,917,1,1,0,41,272,22.8,52.2
"IDN",2001,834,1,1,0,39.4,269,22.1,49.8
"IDN",2002,762,1,1,0,37.8,265,21.4,47.6
"IDN",2003,1068,1,1,1,36.4,261,20.9,45.5
"IDN",2004,1082,1,1,0,37.1,264,20.5,49.6
"IDN",2005,242,1,1,0,33.6,252,19.9,41.7
"IDN",2006,13,0,1,0,32.4,249,19.5,39.9
"IDN",2007,2,0,1,0,31.2,243,19.1,38.3
"IDN",2008,6,0,1,0,30,239,18.7,36.7
"IDN",2009,0,0,1,0,29,234,18.1,35.2
"IDN",2010,0,0,1,0,27.9,228,17.5,33.8
"IDN",2011,9,0,1,0,26.9,221,16.8,32.5
"IDN",2012,1,0,1,0,25.9,214,16.1,31.2
"IDN",2013,20,0,1,0,25,207,15.4,30
"IDN",2014,12,0,NA,NA,24.1,199,14.8,28.8
"IDN",2015,4,0,1,1,23.2,192,14.2,27.7
"IDN",2016,0,0,1,0,22.4,184,13.6,26.6
"IDN",2017,2,0,1,0,21.6,177,13.1,25.6
"IDN",2018,32,1,1,0,20.8,NA,12.6,24.6
"IND",1999,2563,1,NA,NA,NA,NA,NA,NA
"IND",2000,4093,1,0,1,66.7,370,44.7,91.7
"IND",2001,1730,1,1,0,64.4,354,43.3,88.1
"IND",2002,3035,1,1,1,62.1,336,41.9,84.5
"IND",2003,2426,1,NA,NA,60,319,40.5,81.1
"IND",2004,1642,1,1,0,57.8,303,39.1,77.8
"IND",2005,2015,1,1,0,55.7,286,37.9,74.4
"IND",2006,2155,1,NA,NA,53.6,270,36.6,71.1
"IND",2007,1720,1,NA,NA,51.5,255,35.4,67.9
"IND",2008,1856,1,NA,NA,49.4,240,34.3,64.6
"IND",2009,1621,1,0,1,47.2,225,33.1,61.4
"IND",2010,1633,1,NA,NA,45.1,210,31.8,58.2
"IND",2011,798,1,1,0,43,197,30.6,55
"IND",2012,801,1,NA,NA,40.9,185,29.4,52
"IND",2013,702,1,1,0,38.8,175,28.2,49
"IND",2014,734,1,NA,NA,36.9,166,27,46.2
"IND",2015,622,1,1,1,34.9,158,25.9,43.5
"IND",2016,761,1,1,0,33.1,150,24.8,41
"IND",2017,847,1,NA,NA,31.4,145,23.7,38.6
"IND",2018,950,1,0,1,29.8,NA,22.7,36.3
"IRL",1999,0,0,NA,NA,NA,NA,NA,NA
"IRL",2000,0,0,NA,NA,6,7,4,7.1
"IRL",2001,0,0,NA,NA,5.8,7,3.9,6.9
"IRL",2002,0,0,NA,NA,5.5,6,3.7,6.5
"IRL",2003,0,0,NA,NA,5.1,6,3.5,6
"IRL",2004,0,0,NA,NA,4.7,6,3.3,5.6
"IRL",2005,0,0,NA,NA,4.4,7,3,5.2
"IRL",2006,0,0,NA,NA,4.1,6,2.8,4.9
"IRL",2007,0,0,NA,NA,3.9,6,2.6,4.6
"IRL",2008,0,0,NA,NA,3.8,7,2.5,4.4
"IRL",2009,0,0,NA,NA,3.6,7,2.5,4.3
"IRL",2010,0,0,NA,NA,3.5,6,2.5,4.2
"IRL",2011,0,0,NA,NA,3.5,7,2.5,4.1
"IRL",2012,0,0,NA,NA,3.4,6,2.5,4
"IRL",2013,0,0,NA,NA,3.3,6,2.5,3.9
"IRL",2014,0,0,NA,NA,3.3,6,2.5,3.8
"IRL",2015,0,0,NA,NA,3.2,6,2.4,3.7
"IRL",2016,0,0,NA,NA,3.1,6,2.3,3.6
"IRL",2017,0,0,NA,NA,3,5,2.2,3.4
"IRL",2018,0,0,NA,NA,2.8,NA,2.2,3.3
"IRN",1999,19,0,NA,NA,NA,NA,NA,NA
"IRN",2000,41,1,1,0,29.7,48,19.5,36.2
"IRN",2001,112,1,1,0,28.2,44,18.8,34.2
"IRN",2002,0,0,1,0,26.7,41,18.1,32.2
"IRN",2003,2,0,1,0,25.1,39,17.4,30.2
"IRN",2004,0,0,1,0,23.6,36,16.7,28.2
"IRN",2005,53,1,1,0,22.2,34,16,26.4
"IRN",2006,61,1,1,0,20.9,32,15.4,24.7
"IRN",2007,86,1,NA,NA,19.7,30,14.7,23.1
"IRN",2008,117,1,1,0,18.5,28,14,21.7
"IRN",2009,167,1,1,0,17.4,25,13.3,20.4
"IRN",2010,101,1,1,0,16.5,22,12.6,19.3
"IRN",2011,220,1,NA,NA,15.7,19,11.9,18.3
"IRN",2012,17,0,1,0,15,18,11.3,17.5
"IRN",2013,11,0,1,0,14.4,17,10.8,16.8
"IRN",2014,5,0,1,0,13.8,17,10.4,16.1
"IRN",2015,25,1,NA,NA,13.3,17,10,15.5
"IRN",2016,69,1,NA,NA,12.8,16,9.6,14.9
"IRN",2017,58,1,1,0,12.4,16,9.2,14.4
"IRN",2018,92,1,1,0,11.9,NA,8.9,13.9
"IRQ",1999,308,1,NA,NA,NA,NA,NA,NA
"IRQ",2000,193,1,NA,NA,35.6,79,23.9,44.5
"IRQ",2001,56,1,NA,NA,34.9,76,23.6,43.5
"IRQ",2002,111,1,NA,NA,34.3,74,23.3,42.6
"IRQ",2003,8021,1,NA,NA,33.7,136,23,41.8
"IRQ",2004,4366,1,NA,NA,33.1,122,22.6,40.9
"IRQ",2005,3521,1,NA,NA,32.4,127,22.2,40
"IRQ",2006,4598,1,NA,NA,31.8,158,21.8,39.1
"IRQ",2007,4489,1,NA,NA,31.1,138,21.4,38.1
"IRQ",2008,2765,1,NA,NA,30.3,90,21,37.1
"IRQ",2009,1720,1,NA,NA,29.5,75,20.5,36
"IRQ",2010,1857,1,NA,NA,28.7,70,19.9,34.9
"IRQ",2011,1399,1,NA,NA,27.9,67,19.3,33.8
"IRQ",2012,1407,1,NA,NA,27.1,66,18.7,32.8
"IRQ",2013,4010,1,NA,NA,26.3,75,18.1,31.7
"IRQ",2014,16437,1,NA,NA,25.5,92,17.5,30.7
"IRQ",2015,11303,1,NA,NA,24.8,83,17,29.7
"IRQ",2016,12025,1,NA,NA,24.1,78,16.4,28.8
"IRQ",2017,11400,1,1,0,23.4,79,15.9,27.9
"IRQ",2018,1443,1,NA,NA,22.7,NA,15.4,27
"ISL",1999,0,0,NA,NA,NA,NA,NA,NA
"ISL",2000,0,0,1,0,3.2,6,2.1,4.1
"ISL",2001,0,0,NA,NA,3.1,6,2,3.9
"ISL",2002,0,0,NA,NA,2.9,6,1.9,3.7
"ISL",2003,0,0,NA,NA,2.8,6,1.8,3.5
"ISL",2004,0,0,NA,NA,2.7,6,1.7,3.4
"ISL",2005,0,0,NA,NA,2.6,5,1.6,3.2
"ISL",2006,0,0,NA,NA,2.5,5,1.6,3.1
"ISL",2007,0,0,NA,NA,2.4,5,1.5,3
"ISL",2008,0,0,NA,NA,2.3,5,1.4,2.9
"ISL",2009,0,0,NA,NA,2.2,5,1.4,2.8
"ISL",2010,0,0,NA,NA,2.2,5,1.3,2.7
"ISL",2011,0,0,NA,NA,2.1,5,1.3,2.6
"ISL",2012,0,0,NA,NA,2,4,1.3,2.5
"ISL",2013,0,0,NA,NA,1.9,4,1.2,2.4
"ISL",2014,0,0,NA,NA,1.9,5,1.2,2.4
"ISL",2015,0,0,NA,NA,1.8,4,1.2,2.3
"ISL",2016,0,0,NA,NA,1.8,4,1.1,2.2
"ISL",2017,0,0,NA,NA,1.7,4,1.1,2.1
"ISL",2018,0,0,NA,NA,1.6,NA,1.1,2.1
"ITA",1999,0,0,NA,NA,NA,NA,NA,NA
"ITA",2000,0,0,NA,NA,4.7,4,3.5,5.6
"ITA",2001,0,0,NA,NA,4.5,3,3.2,5.3
"ITA",2002,0,0,1,1,4.3,3,3.1,5
"ITA",2003,0,0,1,0,4.1,3,2.9,4.8
"ITA",2004,0,0,NA,NA,3.9,3,2.8,4.6
"ITA",2005,0,0,NA,NA,3.8,3,2.7,4.5
"ITA",2006,0,0,NA,NA,3.7,2,2.6,4.3
"ITA",2007,0,0,NA,NA,3.6,2,2.5,4.2
"ITA",2008,0,0,NA,NA,3.5,2,2.5,4.1
"ITA",2009,0,0,1,0,3.4,2,2.5,4.1
"ITA",2010,0,0,NA,NA,3.4,2,2.4,4
"ITA",2011,0,0,NA,NA,3.3,2,2.4,3.9
"ITA",2012,0,0,1,1,3.2,2,2.3,3.8
"ITA",2013,0,0,NA,NA,3.1,2,2.2,3.7
"ITA",2014,0,0,NA,NA,3,2,2.2,3.6
"ITA",2015,0,0,NA,NA,3,2,2.1,3.5
"ITA",2016,0,0,1,0,2.9,2,2.1,3.4
"ITA",2017,0,0,1,1,2.8,2,2,3.3
"ITA",2018,0,0,NA,NA,2.7,NA,1.9,3.2
"JAM",1999,0,0,NA,NA,NA,NA,NA,NA
"JAM",2000,0,0,0,1,18.9,77,17,22.2
"JAM",2001,116,1,NA,NA,18.4,79,16.5,21.6
"JAM",2002,15,0,NA,NA,18,78,16.1,21.1
"JAM",2003,7,0,NA,NA,17.6,79,15.6,20.7
"JAM",2004,0,0,NA,NA,17.3,80,15.1,20.3
"JAM",2005,0,0,NA,NA,17,80,14.7,19.9
"JAM",2006,0,0,NA,NA,16.7,79,14.2,19.6
"JAM",2007,0,0,NA,NA,16.5,79,13.9,19.2
"JAM",2008,0,0,NA,NA,16.2,79,13.6,18.9
"JAM",2009,0,0,NA,NA,15.8,79,13.2,18.5
"JAM",2010,0,0,NA,NA,15.4,79,12.9,18
"JAM",2011,0,0,NA,NA,15.1,79,12.5,17.5
"JAM",2012,0,0,NA,NA,14.6,79,12.2,17
"JAM",2013,0,0,NA,NA,14.2,79,11.8,16.5
"JAM",2014,0,0,0,1,13.8,78,11.4,16
"JAM",2015,0,0,NA,NA,13.4,78,11,15.5
"JAM",2016,0,0,NA,NA,13,80,10.7,15.1
"JAM",2017,0,0,NA,NA,12.6,80,10.3,14.6
"JAM",2018,0,0,NA,NA,12.2,NA,10,14.2
"JOR",1999,0,0,NA,NA,NA,NA,NA,NA
"JOR",2000,0,0,0,1,22.5,70,16,26.8
"JOR",2001,0,0,NA,NA,22,68,15.6,26.1
"JOR",2002,0,0,NA,NA,21.4,65,15.2,25.3
"JOR",2003,0,0,NA,NA,20.8,63,14.7,24.6
"JOR",2004,0,0,NA,NA,20.2,62,14.2,23.9
"JOR",2005,59,1,NA,NA,19.7,62,13.8,23.2
"JOR",2006,0,0,NA,NA,19.2,58,13.3,22.5
"JOR",2007,0,0,NA,NA,18.7,56,12.9,21.9
"JOR",2008,0,0,NA,NA,18.1,55,12.5,21.3
"JOR",2009,0,0,NA,NA,17.6,54,12.2,20.7
"JOR",2010,0,0,NA,NA,17.2,53,11.8,20.1
"JOR",2011,0,0,NA,NA,16.7,52,11.5,19.5
"JOR",2012,0,0,NA,NA,16.2,52,11.2,19
"JOR",2013,0,0,NA,NA,15.8,51,10.9,18.4
"JOR",2014,0,0,NA,NA,15.4,49,10.6,17.9
"JOR",2015,1,0,NA,NA,15,48,10.2,17.5
"JOR",2016,37,1,NA,NA,14.6,47,10,17
"JOR",2017,0,0,NA,NA,14.1,46,9.7,16.4
"JOR",2018,0,0,NA,NA,13.7,NA,9.4,16
"JPN",1999,0,0,NA,NA,NA,NA,NA,NA
"JPN",2000,0,0,1,0,3.3,9,1.8,4.5
"JPN",2001,0,0,1,0,3.1,8,1.7,4.3
"JPN",2002,0,0,NA,NA,3,8,1.7,4.1
"JPN",2003,0,0,1,0,2.9,7,1.6,4
"JPN",2004,0,0,1,0,2.8,7,1.5,3.9
"JPN",2005,0,0,1,0,2.8,7,1.4,3.7
"JPN",2006,0,0,NA,NA,2.7,7,1.3,3.6
"JPN",2007,0,0,1,0,2.6,6,1.3,3.5
"JPN",2008,0,0,1,0,2.5,6,1.2,3.4
"JPN",2009,0,0,1,0,2.4,6,1.2,3.3
"JPN",2010,0,0,NA,NA,2.4,6,1.1,3.2
"JPN",2011,0,0,1,0,2.3,6,1,3.2
"JPN",2012,0,0,NA,NA,2.2,5,1,3
"JPN",2013,0,0,1,0,2.1,5,1,2.9
"JPN",2014,0,0,1,0,2.1,5,0.9,2.8
"JPN",2015,0,0,NA,NA,2,5,0.9,2.7
"JPN",2016,0,0,1,0,2,5,0.9,2.7
"JPN",2017,0,0,NA,NA,1.9,5,0.9,2.6
"JPN",2018,0,0,1,0,1.9,NA,0.9,2.6
"KAZ",1999,0,0,NA,NA,NA,NA,NA,NA
"KAZ",2000,0,0,NA,NA,36.7,61,23.9,42.5
"KAZ",2001,0,0,NA,NA,34.6,57,23.3,39.9
"KAZ",2002,0,0,NA,NA,32.6,52,22.7,37.5
"KAZ",2003,0,0,1,0,30.8,49,21.8,35.2
"KAZ",2004,0,0,NA,NA,29,46,20.8,33.1
"KAZ",2005,0,0,NA,NA,27.3,43,19.7,31
"KAZ",2006,0,0,NA,NA,25.6,40,18.5,29
"KAZ",2007,0,0,NA,NA,23.8,36,17,26.8
"KAZ",2008,0,0,NA,NA,21.9,30,15.3,24.7
"KAZ",2009,0,0,NA,NA,20,24,13.5,22.5
"KAZ",2010,0,0,NA,NA,18.2,22,11.8,20.4
"KAZ",2011,0,0,NA,NA,16.4,19,10.2,18.3
"KAZ",2012,0,0,NA,NA,14.6,17,8.6,16.3
"KAZ",2013,0,0,NA,NA,13,14,7.3,14.6
"KAZ",2014,0,0,NA,NA,11.6,13,6.2,13
"KAZ",2015,0,0,NA,NA,10.6,12,5.6,11.9
"KAZ",2016,0,0,NA,NA,9.8,10,5.1,11
"KAZ",2017,0,0,NA,NA,9.4,10,4.9,10.5
"KAZ",2018,0,0,NA,NA,9.2,NA,4.7,10.3
"KEN",1999,229,1,NA,NA,NA,NA,NA,NA
"KEN",2000,254,1,NA,NA,59.9,708,28.2,98.5
"KEN",2001,192,1,NA,NA,57.8,702,28,94.2
"KEN",2002,45,1,NA,NA,55.5,692,27.8,89.8
"KEN",2003,7,0,NA,NA,53.2,678,27.5,85.4
"KEN",2004,20,0,1,1,50.8,653,27.1,81
"KEN",2005,215,1,0,1,48,618,26.6,76.3
"KEN",2006,219,1,NA,NA,45.7,583,26.1,72
"KEN",2007,200,1,NA,NA,43.7,545,25.6,68
"KEN",2008,783,1,0,1,41.4,513,25.1,63.5
"KEN",2009,170,1,NA,NA,40.4,472,24.6,59.9
"KEN",2010,87,1,0,1,39.3,432,24.2,57.4
"KEN",2011,144,1,0,1,38.5,398,23.9,55.5
"KEN",2012,309,1,NA,NA,38.2,373,23.5,54.1
"KEN",2013,267,1,NA,NA,37.4,364,23.2,52.3
"KEN",2014,344,1,0,1,36.4,358,22.9,50.6
"KEN",2015,389,1,NA,NA,35.2,353,22.6,48.9
"KEN",2016,130,1,0,1,34.4,346,22.2,47.2
"KEN",2017,228,1,NA,NA,33.7,342,21.8,45.9
"KEN",2018,164,1,NA,NA,32.7,NA,21.4,44.3
"KGZ",1999,14,0,NA,NA,NA,NA,NA,NA
"KGZ",2000,174,1,NA,NA,42.5,79,20.6,49.8
"KGZ",2001,0,0,NA,NA,40.6,76,20.2,47.4
"KGZ",2002,0,0,NA,NA,38.8,83,20,45.2
"KGZ",2003,0,0,NA,NA,37.1,82,19.9,43.1
"KGZ",2004,0,0,NA,NA,35.6,79,19.7,41.1
"KGZ",2005,0,0,NA,NA,34.1,82,19.6,39.2
"KGZ",2006,6,0,1,0,32.7,85,19.5,37.5
"KGZ",2007,0,0,NA,NA,31.2,84,19.1,35.7
"KGZ",2008,0,0,1,0,29.6,81,18.5,33.7
"KGZ",2009,0,0,0,1,27.8,80,17.7,31.6
"KGZ",2010,44,1,NA,NA,26.1,79,16.9,29.5
"KGZ",2011,0,0,1,0,24.5,79,16.3,27.7
"KGZ",2012,0,0,NA,NA,23.2,74,15.9,26.1
"KGZ",2013,0,0,NA,NA,22,70,15.5,24.7
"KGZ",2014,0,0,NA,NA,20.9,69,15.1,23.5
"KGZ",2015,1,0,1,0,19.9,66,14.6,22.3
"KGZ",2016,0,0,NA,NA,18.9,63,14,21.2
"KGZ",2017,0,0,1,0,18,60,13.4,20.1
"KGZ",2018,0,0,NA,NA,17.1,NA,12.8,19.2
"KHM",1999,0,0,NA,NA,NA,NA,NA,NA
"KHM",2000,4,0,NA,NA,79.2,488,35.2,106.3
"KHM",2001,0,0,0,1,73.4,456,33.4,96.6
"KHM",2002,0,0,0,1,67.3,430,31.5,86.7
"KHM",2003,1,0,NA,NA,61.8,404,29.7,78
"KHM",2004,0,0,NA,NA,56.9,378,28.2,70.7
"KHM",2005,0,0,0,1,52.8,351,26.8,64.7
"KHM",2006,0,0,NA,NA,49.3,326,25.6,59.7
"KHM",2007,2,0,NA,NA,46.2,303,24.5,55.4
"KHM",2008,2,0,NA,NA,43.2,284,23.5,51.3
"KHM",2009,2,0,NA,NA,40.2,265,22.4,47.5
"KHM",2010,0,0,NA,NA,37.3,248,21.3,43.8
"KHM",2011,10,0,NA,NA,34.6,232,20.3,40.5
"KHM",2012,1,0,NA,NA,32.3,215,19.3,37.7
"KHM",2013,0,0,NA,NA,30.3,202,18.3,35.3
"KHM",2014,0,0,NA,NA,28.7,189,17.2,33.4
"KHM",2015,0,0,NA,NA,27.3,178,16.4,31.8
"KHM",2016,0,0,0,1,26,168,15.6,30.3
"KHM",2017,0,0,NA,NA,24.9,160,14.9,29
"KHM",2018,0,0,NA,NA,23.8,NA,14.3,27.7
"KIR",1999,0,0,NA,NA,NA,NA,NA,NA
"KIR",2000,0,0,NA,NA,51.7,136,28,68.1
"KIR",2001,0,0,NA,NA,50.7,131,27.4,66.6
"KIR",2002,0,0,NA,NA,50,127,26.9,65.5
"KIR",2003,0,0,NA,NA,49.5,124,26.5,64.8
"KIR",2004,0,0,NA,NA,49.4,121,26.2,64.6
"KIR",2005,0,0,NA,NA,49.4,119,26,64.7
"KIR",2006,0,0,NA,NA,49.7,117,25.8,65.1
"KIR",2007,0,0,NA,NA,50,115,25.8,65.5
"KIR",2008,0,0,NA,NA,50,115,25.7,65.6
"KIR",2009,0,0,NA,NA,49.8,113,25.6,65.2
"KIR",2010,0,0,NA,NA,49.3,112,25.4,64.4
"KIR",2011,0,0,NA,NA,48.6,110,25.2,63.3
"KIR",2012,0,0,NA,NA,47.8,107,24.8,62.1
"KIR",2013,0,0,NA,NA,46.8,104,24.4,60.8
"KIR",2014,0,0,NA,NA,45.8,100,24,59.2
"KIR",2015,0,0,NA,NA,44.7,97,23.6,57.6
"KIR",2016,0,0,NA,NA,43.6,94,23.2,56
"KIR",2017,0,0,NA,NA,42.6,92,22.8,54.5
"KIR",2018,0,0,NA,NA,41.4,NA,22.3,52.8
"KOR",1999,0,0,NA,NA,NA,NA,NA,NA
"KOR",2000,0,0,NA,NA,6.5,17,3.4,7.5
"KOR",2001,0,0,0,1,6.1,15,3.2,7.1
"KOR",2002,0,0,NA,NA,5.8,15,3,6.8
"KOR",2003,0,0,NA,NA,5.5,16,2.8,6.4
"KOR",2004,0,0,NA,NA,5.1,15,2.6,6
"KOR",2005,0,0,NA,NA,4.8,15,2.4,5.6
"KOR",2006,0,0,NA,NA,4.4,14,2.2,5.2
"KOR",2007,0,0,NA,NA,4.1,15,2,4.8
"KOR",2008,0,0,NA,NA,3.9,15,1.9,4.5
"KOR",2009,0,0,NA,NA,3.7,16,1.8,4.3
"KOR",2010,0,0,NA,NA,3.5,15,1.8,4.1
"KOR",2011,0,0,NA,NA,3.4,14,1.7,4
"KOR",2012,0,0,NA,NA,3.3,13,1.7,3.8
"KOR",2013,0,0,NA,NA,3.2,13,1.7,3.7
"KOR",2014,0,0,NA,NA,3.1,12,1.7,3.6
"KOR",2015,0,0,NA,NA,3,12,1.6,3.5
"KOR",2016,0,0,1,0,2.9,11,1.6,3.4
"KOR",2017,0,0,1,0,2.8,11,1.6,3.3
"KOR",2018,0,0,NA,NA,2.8,NA,1.5,3.2
"KWT",1999,0,0,NA,NA,NA,NA,NA,NA
"KWT",2000,0,0,NA,NA,10.7,10,6.6,12.4
"KWT",2001,0,0,NA,NA,10.5,10,6.4,12.2
"KWT",2002,0,0,NA,NA,10.3,10,6.2,12
"KWT",2003,0,0,NA,NA,10.1,10,6.1,11.8
"KWT",2004,0,0,NA,NA,10,10,5.9,11.6
"KWT",2005,0,0,NA,NA,9.8,10,5.8,11.4
"KWT",2006,0,0,NA,NA,9.7,10,5.8,11.2
"KWT",2007,0,0,NA,NA,9.5,10,5.7,11.1
"KWT",2008,0,0,NA,NA,9.4,10,5.7,10.9
"KWT",2009,0,0,NA,NA,9.2,10,5.6,10.7
"KWT",2010,0,0,NA,NA,8.9,10,5.5,10.4
"KWT",2011,0,0,NA,NA,8.5,10,5.3,10
"KWT",2012,0,0,NA,NA,8.2,11,5.2,9.6
"KWT",2013,0,0,NA,NA,7.9,11,5.1,9.2
"KWT",2014,0,0,NA,NA,7.7,11,5,8.9
"KWT",2015,26,1,NA,NA,7.5,11,4.9,8.8
"KWT",2016,0,0,NA,NA,7.4,12,4.9,8.7
"KWT",2017,0,0,NA,NA,7.4,12,4.9,8.7
"KWT",2018,0,0,NA,NA,7.5,NA,4.9,8.7
"LAO",1999,2,0,NA,NA,NA,NA,NA,NA
"LAO",2000,7,0,NA,NA,76.5,544,38.2,107.2
"LAO",2001,0,0,NA,NA,73.9,517,37.3,103.1
"LAO",2002,4,0,NA,NA,71.3,491,36.4,98.9
"LAO",2003,5,0,NA,NA,68.7,465,35.5,94.8
"LAO",2004,4,0,NA,NA,66.1,437,34.6,90.8
"LAO",2005,0,0,NA,NA,63.6,410,33.6,86.8
"LAO",2006,73,1,NA,NA,61.1,385,32.7,82.9
"LAO",2007,0,0,NA,NA,58.7,360,31.7,79.1
"LAO",2008,0,0,NA,NA,56.3,336,30.7,75.4
"LAO",2009,0,0,NA,NA,54,314,29.8,71.7
"LAO",2010,0,0,NA,NA,51.8,292,28.9,68.3
"LAO",2011,0,0,NA,NA,49.7,272,28,65.1
"LAO",2012,0,0,NA,NA,47.6,254,27.2,61.9
"LAO",2013,0,0,NA,NA,45.7,238,26.3,59
"LAO",2014,0,0,NA,NA,43.8,223,25.5,56.3
"LAO",2015,0,0,NA,NA,42.1,209,24.8,53.8
"LAO",2016,0,0,NA,NA,40.5,196,24.1,51.5
"LAO",2017,0,0,NA,NA,39.1,185,23.5,49.4
"LAO",2018,0,0,NA,NA,37.8,NA,22.8,47.5
"LBN",1999,74,1,NA,NA,NA,NA,NA,NA
"LBN",2000,56,1,NA,NA,17,28,11.7,19.9
"LBN",2001,4,0,NA,NA,16,27,10.9,18.7
"LBN",2002,0,0,NA,NA,15.1,26,10.2,17.5
"LBN",2003,1,0,NA,NA,14.1,25,9.6,16.4
"LBN",2004,0,0,NA,NA,13.1,24,8.9,15.2
"LBN",2005,3,0,NA,NA,12.1,24,8.2,14.1
"LBN",2006,747,1,NA,NA,11.2,24,7.6,13
"LBN",2007,0,0,NA,NA,10.4,23,7,12.1
"LBN",2008,38,1,NA,NA,9.8,23,6.6,11.4
"LBN",2009,0,0,NA,NA,9.2,23,6.2,10.7
"LBN",2010,0,0,NA,NA,8.7,23,5.9,10.2
"LBN",2011,4,0,NA,NA,8.3,25,5.6,9.7
"LBN",2012,53,1,NA,NA,8,25,5.4,9.3
"LBN",2013,179,1,NA,NA,7.7,27,5.2,9
"LBN",2014,228,1,NA,NA,7.4,28,5,8.6
"LBN",2015,200,1,NA,NA,7.1,29,4.8,8.3
"LBN",2016,56,1,NA,NA,6.8,29,4.6,8
"LBN",2017,297,1,NA,NA,6.6,29,4.4,7.7
"LBN",2018,2,0,NA,NA,6.4,NA,4.3,7.4
"LBR",1999,70,1,NA,NA,NA,NA,NA,NA
"LBR",2000,101,1,NA,NA,127.9,894,48.1,189.7
"LBR",2001,481,1,NA,NA,119.7,913,46,176.6
"LBR",2002,2259,1,NA,NA,111.9,1010,43.9,163.7
"LBR",2003,3281,1,NA,NA,104.3,878,41.9,151.3
"LBR",2004,0,0,NA,NA,97.2,837,40,139.8
"LBR",2005,0,0,NA,NA,90.7,816,38.4,129.6
"LBR",2006,0,0,NA,NA,85.3,782,36.9,121
"LBR",2007,0,0,NA,NA,80.8,754,35.6,114
"LBR",2008,0,0,NA,NA,77.2,738,34.5,108.2
"LBR",2009,0,0,NA,NA,74.2,724,33.5,103.6
"LBR",2010,0,0,NA,NA,71.8,708,32.9,99.8
"LBR",2011,0,0,NA,NA,69.9,694,32.5,96.7
"LBR",2012,0,0,NA,NA,68.3,683,32.3,94.2
"LBR",2013,0,0,NA,NA,66.9,674,32.3,92
"LBR",2014,0,0,NA,NA,66,688,32.3,92.1
"LBR",2015,0,0,NA,NA,64.4,691,32.2,88.3
"LBR",2016,0,0,NA,NA,63.1,661,32,86.1
"LBR",2017,0,0,NA,NA,62,661,31.8,84.3
"LBR",2018,0,0,NA,NA,60.8,NA,31.4,82.5
"LBY",1999,0,0,NA,NA,NA,NA,NA,NA
"LBY",2000,0,0,NA,NA,24.1,70,15.1,28.1
"LBY",2001,0,0,NA,NA,23.4,68,14.7,27.3
"LBY",2002,0,0,NA,NA,22.7,66,14.3,26.5
"LBY",2003,0,0,NA,NA,21.9,64,13.8,25.5
"LBY",2004,0,0,NA,NA,21,61,13.2,24.4
"LBY",2005,0,0,NA,NA,19.8,57,12.5,23.1
"LBY",2006,0,0,NA,NA,18.6,55,11.7,21.7
"LBY",2007,0,0,NA,NA,17.3,53,10.9,20.2
"LBY",2008,6,0,NA,NA,16.1,52,10.1,18.8
"LBY",2009,0,0,NA,NA,15.1,53,9.5,17.6
"LBY",2010,0,0,NA,NA,14.2,53,9,16.6
"LBY",2011,3914,1,NA,NA,14.9,56,8.6,19.4
"LBY",2012,378,1,NA,NA,12.9,55,8.1,15
"LBY",2013,36,1,NA,NA,12.3,58,7.7,14.4
"LBY",2014,1455,1,NA,NA,11.8,63,7.4,13.8
"LBY",2015,1594,1,NA,NA,11.4,70,7.1,13.3
"LBY",2016,2349,1,NA,NA,11,73,6.9,12.8
"LBY",2017,1096,1,NA,NA,10.6,72,6.6,12.3
"LBY",2018,670,1,NA,NA,10.2,NA,6.4,11.9
"LCA",1999,0,0,NA,NA,NA,NA,NA,NA
"LCA",2000,0,0,NA,NA,15.6,86,11.4,18.4
"LCA",2001,0,0,NA,NA,15.6,86,11.6,18.3
"LCA",2002,0,0,NA,NA,15.6,90,11.8,18.2
"LCA",2003,0,0,NA,NA,15.7,92,12,18.3
"LCA",2004,0,0,NA,NA,15.8,89,12.2,18.3
"LCA",2005,0,0,NA,NA,16,83,12.3,18.4
"LCA",2006,0,0,NA,NA,16.1,82,12.3,18.6
"LCA",2007,0,0,1,0,16.4,87,12.4,18.8
"LCA",2008,0,0,NA,NA,16.6,93,12.5,19
"LCA",2009,0,0,NA,NA,16.9,100,12.6,19.3
"LCA",2010,0,0,0,1,17.3,109,12.7,19.7
"LCA",2011,0,0,NA,NA,17.7,116,12.8,20
"LCA",2012,0,0,NA,NA,18.1,116,12.8,20.4
"LCA",2013,0,0,NA,NA,18.5,108,12.7,20.9
"LCA",2014,0,0,NA,NA,19,104,12.6,21.4
"LCA",2015,0,0,NA,NA,19.5,115,12.4,21.9
"LCA",2016,0,0,NA,NA,20,117,12.4,22.4
"LCA",2017,0,0,NA,NA,20.6,117,12.4,23
"LCA",2018,0,0,NA,NA,21.1,NA,12.5,23.5
"LKA",1999,1948,1,NA,NA,NA,NA,NA,NA
"LKA",2000,2569,1,NA,NA,14.2,56,9.7,16.5
"LKA",2001,1162,1,0,1,13.7,53,9.1,16
"LKA",2002,17,0,NA,NA,13.4,50,8.5,15.5
"LKA",2003,33,1,NA,NA,13,50,7.9,15.1
"LKA",2004,84,1,1,0,17.7,48,7.6,28.9
"LKA",2005,130,1,NA,NA,12.2,45,7,14.2
"LKA",2006,2173,1,NA,NA,11.6,47,6.9,13.5
"LKA",2007,2564,1,NA,NA,11,43,6.9,12.8
"LKA",2008,8453,1,NA,NA,10.5,42,6.8,12.2
"LKA",2009,10418,1,NA,NA,13.9,41,6.8,21.3
"LKA",2010,0,0,NA,NA,9.8,38,6.4,11.4
"LKA",2011,2,0,NA,NA,9.4,38,6.3,10.9
"LKA",2012,0,0,0,1,8.9,37,6.1,10.4
"LKA",2013,5,0,NA,NA,8.4,37,5.9,9.8
"LKA",2014,0,0,0,1,7.9,36,5.5,9.3
"LKA",2015,0,0,NA,NA,7.5,36,5.1,8.7
"LKA",2016,0,0,0,1,7.1,36,4.8,8.2
"LKA",2017,1,0,NA,NA,6.7,36,4.6,7.8
"LKA",2018,0,0,NA,NA,6.4,NA,4.4,7.5
"LSO",1999,0,0,NA,NA,NA,NA,NA,NA
"LSO",2000,0,0,NA,NA,70,614,39.6,106.9
"LSO",2001,0,0,NA,NA,70.5,633,39.9,108.8
"LSO",2002,0,0,0,1,71.2,653,40.1,110.7
"LSO",2003,0,0,NA,NA,72.2,671,40.2,112.7
"LSO",2004,0,0,NA,NA,73,680,40.3,114.5
"LSO",2005,0,0,NA,NA,74,679,40.5,116.1
"LSO",2006,0,0,NA,NA,74.5,668,40.8,116.5
"LSO",2007,0,0,0,1,73.8,652,41.1,114.3
"LSO",2008,0,0,NA,NA,77.1,623,41.4,113
"LSO",2009,0,0,NA,NA,73.6,607,41.7,104.2
"LSO",2010,0,0,NA,NA,70.9,594,42,96.4
"LSO",2011,0,0,0,1,69,585,42.4,93.9
"LSO",2012,0,0,NA,NA,70.2,586,42.8,92.7
"LSO",2013,0,0,NA,NA,71,583,43.5,92.6
"LSO",2014,0,0,NA,NA,71.9,579,44.1,94.2
"LSO",2015,0,0,NA,NA,72.6,574,44.7,94.6
"LSO",2016,0,0,0,1,72.9,559,45.1,91.5
"LSO",2017,0,0,NA,NA,73.1,544,45.2,91
"LSO",2018,0,0,NA,NA,72.1,NA,45.1,90.6
"LTU",1999,0,0,NA,NA,NA,NA,NA,NA
"LTU",2000,0,0,NA,NA,8.6,17,4.5,10.7
"LTU",2001,0,0,NA,NA,8.2,16,4.4,10.3
"LTU",2002,0,0,NA,NA,7.9,14,4.4,9.9
"LTU",2003,0,0,NA,NA,7.6,14,4.5,9.5
"LTU",2004,0,0,NA,NA,7.4,13,4.5,9.3
"LTU",2005,0,0,NA,NA,7.3,14,4.4,9
"LTU",2006,0,0,0,1,6.9,14,4.1,8.6
"LTU",2007,0,0,NA,NA,6.5,14,3.8,8
"LTU",2008,0,0,NA,NA,5.9,13,3.4,7.3
"LTU",2009,0,0,NA,NA,5.4,11,3.2,6.7
"LTU",2010,0,0,NA,NA,4.9,10,2.9,6
"LTU",2011,0,0,NA,NA,4.5,10,2.8,5.5
"LTU",2012,0,0,NA,NA,4.2,10,2.6,5.2
"LTU",2013,0,0,NA,NA,4.1,10,2.5,5
"LTU",2014,0,0,NA,NA,4,9,2.4,4.9
"LTU",2015,0,0,NA,NA,4,9,2.4,4.9
"LTU",2016,0,0,NA,NA,3.9,8,2.4,4.8
"LTU",2017,0,0,NA,NA,3.6,8,2.3,4.4
"LTU",2018,0,0,0,1,3.3,NA,2.2,4
"LUX",1999,0,0,NA,NA,NA,NA,NA,NA
"LUX",2000,0,0,NA,NA,3.7,10,2.3,4.5
"LUX",2001,0,0,NA,NA,3.5,10,2.2,4.2
"LUX",2002,0,0,NA,NA,3.3,9,2,4
"LUX",2003,0,0,NA,NA,3.1,8,1.9,3.8
"LUX",2004,0,0,NA,NA,2.9,8,1.8,3.5
"LUX",2005,0,0,NA,NA,2.8,9,1.7,3.4
"LUX",2006,0,0,NA,NA,2.6,9,1.7,3.2
"LUX",2007,0,0,NA,NA,2.5,8,1.6,3.1
"LUX",2008,0,0,NA,NA,2.4,6,1.6,3
"LUX",2009,0,0,NA,NA,2.4,7,1.6,2.9
"LUX",2010,0,0,NA,NA,2.3,8,1.5,2.8
"LUX",2011,0,0,NA,NA,2.3,8,1.5,2.8
"LUX",2012,0,0,NA,NA,2.3,7,1.5,2.8
"LUX",2013,0,0,NA,NA,2.3,6,1.6,2.8
"LUX",2014,0,0,NA,NA,2.3,6,1.6,2.8
"LUX",2015,0,0,NA,NA,2.3,5,1.6,2.8
"LUX",2016,0,0,NA,NA,2.3,5,1.6,2.8
"LUX",2017,0,0,NA,NA,2.3,5,1.7,2.8
"LUX",2018,0,0,NA,NA,2.3,NA,1.7,2.8
"LVA",1999,0,0,NA,NA,NA,NA,NA,NA
"LVA",2000,0,0,NA,NA,11.5,34,7.1,14.2
"LVA",2001,0,0,NA,NA,10.8,35,6.6,13.3
"LVA",2002,0,0,NA,NA,10.2,33,6.2,12.6
"LVA",2003,0,0,NA,NA,9.7,34,5.9,11.9
"LVA",2004,0,0,NA,NA,9.2,32,5.6,11.2
"LVA",2005,0,0,NA,NA,8.6,30,5.4,10.5
"LVA",2006,0,0,NA,NA,8.1,32,5.2,9.8
"LVA",2007,0,0,NA,NA,7.7,32,5,9.3
"LVA",2008,0,0,NA,NA,7.3,29,4.8,8.8
"LVA",2009,0,0,NA,NA,6.9,28,4.5,8.3
"LVA",2010,0,0,NA,NA,6.5,26,4.2,7.8
"LVA",2011,0,0,NA,NA,6.1,26,3.9,7.2
"LVA",2012,0,0,NA,NA,5.6,23,3.5,6.6
"LVA",2013,0,0,NA,NA,5.1,27,3.2,6
"LVA",2014,0,0,NA,NA,4.6,24,2.9,5.5
"LVA",2015,0,0,NA,NA,4.3,23,2.7,5
"LVA",2016,0,0,NA,NA,4,26,2.6,4.7
"LVA",2017,0,0,NA,NA,3.8,19,2.4,4.4
"LVA",2018,0,0,NA,NA,3.6,NA,2.4,4.2
"MAR",1999,0,0,NA,NA,NA,NA,NA,NA
"MAR",2000,0,0,NA,NA,43.9,188,28.4,52.3
"MAR",2001,0,0,NA,NA,42.3,174,27.7,50.1
"MAR",2002,0,0,NA,NA,40.6,162,27,48
"MAR",2003,34,1,NA,NA,39,152,26.2,45.9
"MAR",2004,0,0,1,0,37.2,142,25.5,43.7
"MAR",2005,0,0,NA,NA,35.5,131,24.6,41.5
"MAR",2006,0,0,NA,NA,33.6,121,23.7,39.3
"MAR",2007,0,0,NA,NA,31.8,113,22.8,37.1
"MAR",2008,0,0,NA,NA,30.1,106,21.7,35
"MAR",2009,0,0,NA,NA,28.4,99,20.5,33
"MAR",2010,0,0,NA,NA,26.8,92,19.3,31.2
"MAR",2011,0,0,NA,NA,25.3,86,18.2,29.5
"MAR",2012,0,0,NA,NA,23.9,81,17.2,27.8
"MAR",2013,0,0,NA,NA,22.6,78,16.2,26.3
"MAR",2014,0,0,NA,NA,21.3,76,15.3,24.9
"MAR",2015,0,0,NA,NA,20.2,74,14.5,23.5
"MAR",2016,0,0,NA,NA,19.1,72,13.8,22.3
"MAR",2017,0,0,NA,NA,18.2,70,13.1,21.2
"MAR",2018,0,0,NA,NA,17.4,NA,12.5,20.3
"MDA",1999,0,0,NA,NA,NA,NA,NA,NA
"MDA",2000,0,0,0,1,26.2,44,20.4,31.5
"MDA",2001,0,0,NA,NA,23.9,39,18.7,28.6
"MDA",2002,0,0,NA,NA,21.7,38,17.1,25.8
"MDA",2003,0,0,NA,NA,19.8,36,15.6,23.3
"MDA",2004,0,0,NA,NA,18.3,32,14.5,21.5
"MDA",2005,0,0,NA,NA,17.1,34,13.8,20.1
"MDA",2006,0,0,NA,NA,16.3,31,13.3,19
"MDA",2007,0,0,0,1,15.7,31,13,18.3
"MDA",2008,0,0,NA,NA,15.3,29,12.8,17.8
"MDA",2009,0,0,NA,NA,15,28,12.7,17.4
"MDA",2010,0,0,NA,NA,14.7,29,12.6,17.1
"MDA",2011,0,0,NA,NA,14.5,21,12.4,16.8
"MDA",2012,0,0,0,1,14.2,22,12.2,16.5
"MDA",2013,0,0,NA,NA,14,21,12,16.3
"MDA",2014,0,0,NA,NA,13.7,23,11.7,16
"MDA",2015,0,0,NA,NA,13.6,22,11.5,15.8
"MDA",2016,0,0,NA,NA,13.3,20,11.3,15.5
"MDA",2017,0,0,NA,NA,13.1,19,11.2,15.3
"MDA",2018,0,0,NA,NA,12.9,NA,11,15
"MDG",1999,0,0,NA,NA,NA,NA,NA,NA
"MDG",2000,0,0,0,1,67.5,559,30.7,105.4
"MDG",2001,0,0,NA,NA,64.9,552,29.9,100.8
"MDG",2002,79,1,0,1,62.5,547,29.2,96.5
"MDG",2003,0,0,NA,NA,60.2,543,28.5,92.4
"MDG",2004,0,0,NA,NA,58,539,27.9,88.5
"MDG",2005,0,0,0,1,55.9,526,27.3,84.8
"MDG",2006,0,0,NA,NA,53.9,513,26.7,81.3
"MDG",2007,0,0,NA,NA,52,503,26,77.9
"MDG",2008,0,0,0,1,50.3,491,25.5,74.8
"MDG",2009,113,1,NA,NA,48.6,474,24.9,72
"MDG",2010,0,0,NA,NA,47.1,453,24.4,69.3
"MDG",2011,0,0,NA,NA,45.8,432,24,67
"MDG",2012,15,0,NA,NA,44.6,413,23.6,64.8
"MDG",2013,0,0,NA,NA,43.4,394,23.1,62.7
"MDG",2014,0,0,0,1,42.3,378,22.7,60.8
"MDG",2015,0,0,NA,NA,41.3,363,22.3,59
"MDG",2016,0,0,0,1,40.3,348,21.9,57.2
"MDG",2017,1,0,0,1,39.3,335,21.5,55.5
"MDG",2018,0,0,NA,NA,38.2,NA,21.1,53.7
"MDV",1999,0,0,NA,NA,NA,NA,NA,NA
"MDV",2000,0,0,NA,NA,31.7,125,22.4,39
"MDV",2001,0,0,NA,NA,28.5,111,20,34.6
"MDV",2002,0,0,NA,NA,25.5,105,17.5,30.7
"MDV",2003,0,0,NA,NA,22.8,97,15.3,27.1
"MDV",2004,0,0,1,0,21.4,89,13.6,26.9
"MDV",2005,0,0,NA,NA,18.3,75,12.1,21.5
"MDV",2006,0,0,NA,NA,16.5,71,10.9,19.3
"MDV",2007,0,0,NA,NA,15.1,71,9.9,17.6
"MDV",2008,0,0,NA,NA,13.8,72,9,16.1
"MDV",2009,0,0,NA,NA,12.8,71,8.3,14.9
"MDV",2010,0,0,NA,NA,11.9,67,7.7,13.9
"MDV",2011,0,0,NA,NA,11.1,62,7,12.9
"MDV",2012,0,0,NA,NA,10.4,60,6.5,12.1
"MDV",2013,0,0,NA,NA,9.7,58,6.2,11.3
"MDV",2014,0,0,NA,NA,9.1,56,5.9,10.5
"MDV",2015,0,0,NA,NA,8.4,54,5.7,9.8
"MDV",2016,0,0,NA,NA,7.7,54,5.5,9
"MDV",2017,0,0,NA,NA,7.1,53,5.2,8.3
"MDV",2018,0,0,NA,NA,6.5,NA,4.9,7.6
"MEX",1999,0,0,NA,NA,NA,NA,NA,NA
"MEX",2000,0,0,1,0,23.8,55,14.4,28.4
"MEX",2001,0,0,NA,NA,22.8,55,13.4,27.1
"MEX",2002,26,1,0,1,21.9,56,12.4,26
"MEX",2003,0,0,1,0,21,55,11.4,24.9
"MEX",2004,220,1,NA,NA,20.2,54,10.5,23.9
"MEX",2005,204,1,NA,NA,19.5,54,9.9,22.9
"MEX",2006,669,1,NA,NA,18.8,51,9.4,22.1
"MEX",2007,1943,1,NA,NA,18.2,49,9.3,21.3
"MEX",2008,2188,1,NA,NA,17.6,49,9.2,20.6
"MEX",2009,3598,1,NA,NA,17,51,9.1,19.9
"MEX",2010,3582,1,1,0,16.4,46,9,19.2
"MEX",2011,2893,1,1,1,15.9,43,8.9,18.5
"MEX",2012,1699,1,1,0,15.4,41,8.7,17.9
"MEX",2013,776,1,NA,NA,14.9,39,8.5,17.3
"MEX",2014,1646,1,1,0,14.4,38,8.3,16.8
"MEX",2015,1654,1,NA,NA,13.9,36,8.3,16.2
"MEX",2016,1320,1,NA,NA,13.5,34,8.4,15.7
"MEX",2017,1465,1,1,0,13,33,8.6,15.2
"MEX",2018,8803,1,1,0,12.6,NA,8.7,14.6
"MHL",1999,0,0,NA,NA,NA,NA,NA,NA
"MHL",2000,0,0,NA,NA,33.9,NA,18.8,42
"MHL",2001,0,0,NA,NA,33.9,NA,18.9,42.1
"MHL",2002,0,0,NA,NA,33.8,NA,18.8,41.9
"MHL",2003,0,0,NA,NA,33.6,NA,18.7,41.7
"MHL",2004,0,0,NA,NA,33.4,NA,18.6,41.3
"MHL",2005,0,0,NA,NA,33.2,NA,18.5,41
"MHL",2006,0,0,NA,NA,32.9,NA,18.3,40.6
"MHL",2007,0,0,NA,NA,32.6,NA,18.2,40.2
"MHL",2008,0,0,NA,NA,32.3,NA,18.1,39.8
"MHL",2009,0,0,NA,NA,32,NA,18,39.4
"MHL",2010,0,0,NA,NA,31.7,NA,17.8,39
"MHL",2011,0,0,NA,NA,31.4,NA,17.6,38.6
"MHL",2012,0,0,NA,NA,30.9,NA,17.4,37.9
"MHL",2013,0,0,0,1,30.4,NA,17.2,37.2
"MHL",2014,0,0,NA,NA,29.7,NA,16.9,36.3
"MHL",2015,0,0,0,1,29.1,NA,16.5,35.4
"MHL",2016,0,0,NA,NA,28.4,NA,16,34.4
"MHL",2017,0,0,NA,NA,27.7,NA,15.6,33.5
"MHL",2018,0,0,NA,NA,26.9,NA,15.1,32.5
"MKD",1999,6,0,NA,NA,NA,NA,NA,NA
"MKD",2000,3,0,NA,NA,14.3,13,9.6,16
"MKD",2001,72,1,NA,NA,13.2,12,9,14.8
"MKD",2002,0,0,NA,NA,12.8,12,8.9,14.3
"MKD",2003,0,0,NA,NA,12.8,10,9,14.4
"MKD",2004,0,0,NA,NA,12.7,11,9,14.3
"MKD",2005,0,0,NA,NA,12.2,10,8.7,13.7
"MKD",2006,0,0,NA,NA,11.5,10,8.4,13
"MKD",2007,0,0,NA,NA,10.9,10,8.1,12.3
"MKD",2008,0,0,NA,NA,10.3,8,7.8,11.7
"MKD",2009,0,0,NA,NA,9.7,8,7.4,11
"MKD",2010,0,0,NA,NA,9.2,8,7,10.4
"MKD",2011,0,0,NA,NA,8.8,8,6.7,10
"MKD",2012,0,0,NA,NA,9,8,6.9,10.1
"MKD",2013,0,0,NA,NA,9.4,8,7.4,10.6
"MKD",2014,0,0,NA,NA,9.9,8,7.9,11.2
"MKD",2015,0,0,NA,NA,10,8,8.1,11.4
"MKD",2016,0,0,1,0,9.6,8,7.8,10.9
"MKD",2017,0,0,NA,NA,8.5,7,6.8,9.6
"MKD",2018,0,0,NA,NA,7.1,NA,5.5,8.1
"MLI",1999,59,1,NA,NA,NA,NA,NA,NA
"MLI",2000,0,0,NA,NA,101.5,836,51,187.4
"MLI",2001,0,0,0,1,98.8,797,49.3,181.1
"MLI",2002,5,0,NA,NA,96.1,764,47.6,174.7
"MLI",2003,0,0,NA,NA,93.3,739,46.1,168.3
"MLI",2004,20,0,NA,NA,90.7,715,44.7,162.2
"MLI",2005,12,0,0,1,88.1,691,43.6,156.4
"MLI",2006,0,0,0,1,85.7,675,42.6,150.8
"MLI",2007,39,1,NA,NA,83.3,663,41.7,145.4
"MLI",2008,113,1,NA,NA,81.1,661,40.8,140.2
"MLI",2009,127,1,NA,NA,78.8,661,39.8,135.1
"MLI",2010,28,1,0,1,76.7,660,38.9,130.3
"MLI",2011,23,0,0,1,74.6,663,38,125.6
"MLI",2012,359,1,NA,NA,72.6,663,37.1,121
"MLI",2013,881,1,NA,NA,70.6,663,36.4,116.6
"MLI",2014,291,1,NA,NA,68.7,642,35.6,112.4
"MLI",2015,256,1,NA,NA,66.8,620,34.9,108.3
"MLI",2016,182,1,NA,NA,65.1,590,34.2,104.5
"MLI",2017,605,1,NA,NA,63.4,562,33.6,100.9
"MLI",2018,1281,1,NA,NA,61.8,NA,32.9,97.4
"MLT",1999,0,0,NA,NA,NA,NA,NA,NA
"MLT",2000,0,0,NA,NA,6.9,9,5.2,7.8
"MLT",2001,0,0,NA,NA,6.6,10,5,7.5
"MLT",2002,0,0,NA,NA,6.5,9,4.9,7.3
"MLT",2003,0,0,NA,NA,6.3,10,4.8,7.2
"MLT",2004,0,0,NA,NA,6.2,9,4.7,7.1
"MLT",2005,0,0,NA,NA,6.1,8,4.6,7
"MLT",2006,0,0,NA,NA,6,8,4.5,6.9
"MLT",2007,0,0,NA,NA,6,8,4.5,6.8
"MLT",2008,0,0,NA,NA,5.9,8,4.5,6.8
"MLT",2009,0,0,NA,NA,5.9,7,4.5,6.7
"MLT",2010,0,0,NA,NA,5.8,8,4.4,6.7
"MLT",2011,0,0,NA,NA,5.8,7,4.4,6.6
"MLT",2012,0,0,NA,NA,5.8,7,4.4,6.6
"MLT",2013,0,0,NA,NA,5.8,7,4.4,6.6
"MLT",2014,0,0,NA,NA,5.8,6,4.4,6.6
"MLT",2015,0,0,NA,NA,5.7,7,4.4,6.6
"MLT",2016,0,0,NA,NA,5.7,6,4.4,6.6
"MLT",2017,0,0,NA,NA,5.7,6,4.4,6.6
"MLT",2018,0,0,NA,NA,5.7,NA,4.4,6.5
"MMR",1999,369,1,NA,NA,NA,NA,NA,NA
"MMR",2000,748,1,NA,NA,65.4,340,37.6,89.6
"MMR",2001,385,1,NA,NA,63.8,331,36.6,87.1
"MMR",2002,543,1,NA,NA,62.3,323,35.6,84.7
"MMR",2003,272,1,NA,NA,60.7,314,34.5,82.3
"MMR",2004,177,1,1,0,59.1,307,33.6,79.7
"MMR",2005,447,1,NA,NA,57.4,299,32.6,77.2
"MMR",2006,452,1,NA,NA,55.8,293,31.7,74.5
"MMR",2007,700,1,NA,NA,54.1,287,30.9,71.8
"MMR",2008,102,1,NA,NA,63.4,289,30.5,98.4
"MMR",2009,225,1,NA,NA,50.5,274,29.2,66.3
"MMR",2010,185,1,NA,NA,48.8,265,28.5,63.7
"MMR",2011,810,1,1,0,47,259,27.8,61
"MMR",2012,971,1,1,0,45.4,254,27.1,58.6
"MMR",2013,358,1,NA,NA,43.8,251,26.5,56.2
"MMR",2014,256,1,NA,NA,42.3,247,25.9,54.1
"MMR",2015,705,1,NA,NA,41,246,25.2,52.2
"MMR",2016,183,1,1,0,39.7,245,24.6,50.3
"MMR",2017,2395,1,NA,NA,38.5,250,24,48.5
"MMR",2018,122,1,NA,NA,37.2,NA,23.4,46.8
"MNE",1999,0,0,NA,NA,NA,NA,NA,NA
"MNE",2000,0,0,NA,NA,12.5,12,8.6,14.2
"MNE",2001,0,0,NA,NA,12,12,8.4,13.6
"MNE",2002,0,0,NA,NA,11.4,11,8.2,12.9
"MNE",2003,0,0,NA,NA,10.6,11,7.9,12.2
"MNE",2004,0,0,NA,NA,9.9,10,7.4,11.4
"MNE",2005,0,0,NA,NA,9.2,9,6.9,10.5
"MNE",2006,0,0,NA,NA,8.4,9,6.4,9.7
"MNE",2007,0,0,NA,NA,7.7,8,5.9,8.9
"MNE",2008,0,0,NA,NA,7,8,5.4,8.1
"MNE",2009,0,0,NA,NA,6.3,8,4.9,7.4
"MNE",2010,0,0,NA,NA,5.7,7,4.4,6.7
"MNE",2011,0,0,NA,NA,5.1,7,3.9,6.1
"MNE",2012,0,0,NA,NA,4.6,7,3.5,5.5
"MNE",2013,0,0,NA,NA,4.1,6,3,4.9
"MNE",2014,0,0,NA,NA,3.7,6,2.6,4.4
"MNE",2015,0,0,NA,NA,3.3,6,2.3,4
"MNE",2016,0,0,NA,NA,3,6,1.9,3.6
"MNE",2017,0,0,NA,NA,2.6,6,1.7,3.2
"MNE",2018,0,0,NA,NA,2.4,NA,1.4,2.9
"MNG",1999,0,0,NA,NA,NA,NA,NA,NA
"MNG",2000,0,0,0,1,48.6,155,23.7,63.5
"MNG",2001,0,0,NA,NA,45.3,138,22.4,58.5
"MNG",2002,0,0,NA,NA,42,124,21.2,53.7
"MNG",2003,0,0,NA,NA,38.9,114,19.9,49.1
"MNG",2004,0,0,NA,NA,35.9,106,18.7,44.9
"MNG",2005,0,0,NA,NA,33.1,98,17.6,40.9
"MNG",2006,0,0,NA,NA,30.5,91,16.5,37.4
"MNG",2007,0,0,NA,NA,28.1,85,15,34.1
"MNG",2008,0,0,NA,NA,25.9,80,13.6,31.2
"MNG",2009,0,0,NA,NA,23.9,73,12.4,28.6
"MNG",2010,0,0,NA,NA,22.1,66,11.4,26.3
"MNG",2011,0,0,NA,NA,20.6,59,10.8,24.4
"MNG",2012,0,0,NA,NA,19.4,54,10.3,22.8
"MNG",2013,0,0,NA,NA,18.3,51,10,21.5
"MNG",2014,0,0,NA,NA,17.4,49,9.8,20.4
"MNG",2015,0,0,NA,NA,16.6,47,9.6,19.4
"MNG",2016,0,0,NA,NA,15.9,46,9.3,18.5
"MNG",2017,0,0,NA,NA,15.1,45,9,17.6
"MNG",2018,0,0,NA,NA,14.4,NA,8.7,16.8
"MOZ",1999,0,0,NA,NA,NA,NA,NA,NA
"MOZ",2000,0,0,NA,NA,112.4,798,46.6,170.4
"MOZ",2001,0,0,0,1,106.1,745,44.5,161
"MOZ",2002,0,0,NA,NA,100.3,700,42.6,152.6
"MOZ",2003,0,0,0,1,95.3,657,40.9,145
"MOZ",2004,1,0,NA,NA,90.8,615,39.4,138.2
"MOZ",2005,13,0,0,1,86.9,577,38.2,132
"MOZ",2006,0,0,1,0,83.2,539,37.1,126.2
"MOZ",2007,0,0,0,1,78,505,36.1,118.8
"MOZ",2008,0,0,0,1,75.6,471,35.3,112.9
"MOZ",2009,0,0,NA,NA,72.7,439,34.6,107.3
"MOZ",2010,7,0,0,1,72.5,412,34,104.9
"MOZ",2011,0,0,NA,NA,68.8,389,33.4,100.5
"MOZ",2012,2,0,NA,NA,66.4,371,32.8,96.3
"MOZ",2013,45,1,NA,NA,64.7,356,32.3,92.3
"MOZ",2014,30,1,NA,NA,63,339,31.8,88.4
"MOZ",2015,3,0,NA,NA,61.3,318,31.3,84
"MOZ",2016,68,1,0,1,59.4,301,30.7,80.4
"MOZ",2017,3,0,NA,NA,57.5,289,30.1,78
"MOZ",2018,173,1,NA,NA,56,NA,29.5,75.6
"MRT",1999,0,0,NA,NA,NA,NA,NA,NA
"MRT",2000,0,0,NA,NA,69.1,834,42.5,112.5
"MRT",2001,0,0,0,1,68.9,835,42.1,112.1
"MRT",2002,0,0,NA,NA,68.6,836,41.8,111.5
"MRT",2003,0,0,NA,NA,68.3,836,41.5,110.8
"MRT",2004,0,0,NA,NA,67.8,830,41.3,109.7
"MRT",2005,0,0,NA,NA,67,826,40.9,108.1
"MRT",2006,0,0,NA,NA,66.1,821,40.4,106.1
"MRT",2007,4,0,NA,NA,65,820,39.9,103.7
"MRT",2008,12,0,NA,NA,63.8,819,39.3,101.1
"MRT",2009,1,0,NA,NA,62.5,822,38.6,98.4
"MRT",2010,1,0,0,1,61.2,824,37.9,95.6
"MRT",2011,13,0,0,1,60,822,37.2,93
"MRT",2012,1,0,NA,NA,58.8,812,36.5,90.5
"MRT",2013,0,0,NA,NA,57.5,805,35.8,87.7
"MRT",2014,0,0,NA,NA,56.2,796,35.2,85.1
"MRT",2015,0,0,NA,NA,55,785,34.6,82.7
"MRT",2016,0,0,NA,NA,53.8,777,33.8,80.1
"MRT",2017,0,0,0,1,52.6,766,33.1,77.7
"MRT",2018,0,0,0,1,51.5,NA,32.4,75.5
"MUS",1999,0,0,NA,NA,NA,NA,NA,NA
"MUS",2000,0,0,NA,NA,16.6,59,12.4,18.8
"MUS",2001,0,0,NA,NA,15.3,54,11.3,17.5
"MUS",2002,0,0,NA,NA,14.4,54,10.6,16.6
"MUS",2003,0,0,NA,NA,13.8,57,10.2,16
"MUS",2004,0,0,NA,NA,13.5,54,10.1,15.8
"MUS",2005,0,0,NA,NA,13.4,53,10.2,15.6
"MUS",2006,0,0,NA,NA,13.2,55,10.2,15.5
"MUS",2007,0,0,NA,NA,13,56,10,15.2
"MUS",2008,0,0,NA,NA,12.7,53,9.7,14.9
"MUS",2009,0,0,NA,NA,12.5,59,9.4,14.6
"MUS",2010,0,0,NA,NA,12.5,66,9.3,14.5
"MUS",2011,0,0,NA,NA,12.6,54,9.3,14.6
"MUS",2012,0,0,NA,NA,13,63,9.5,14.9
"MUS",2013,0,0,NA,NA,13.1,60,9.5,15
"MUS",2014,0,0,NA,NA,12.9,70,9.3,14.8
"MUS",2015,0,0,NA,NA,12.8,73,9.1,14.5
"MUS",2016,0,0,NA,NA,12.8,67,9.1,14.5
"MUS",2017,0,0,NA,NA,13.2,61,9.3,14.9
"MUS",2018,0,0,NA,NA,13.7,NA,9.7,15.4
"MWI",1999,0,0,NA,NA,NA,NA,NA,NA
"MWI",2000,0,0,NA,NA,100.5,749,39.1,174.6
"MWI",2001,0,0,NA,NA,92.9,735,37,160.5
"MWI",2002,0,0,0,1,84.6,714,34.8,145.5
"MWI",2003,0,0,NA,NA,76.8,687,32.7,131.6
"MWI",2004,0,0,NA,NA,70.1,654,31,119.7
"MWI",2005,0,0,0,1,65,610,29.8,110.5
"MWI",2006,0,0,NA,NA,61.6,566,29.2,104.2
"MWI",2007,0,0,0,1,59.6,526,28.9,99.9
"MWI",2008,0,0,NA,NA,56.5,493,28.8,94.5
"MWI",2009,0,0,1,0,54.5,466,28.5,89.4
"MWI",2010,0,0,NA,NA,52.4,444,27.9,84.2
"MWI",2011,0,0,NA,NA,48.8,428,27.1,77.6
"MWI",2012,0,0,0,1,45.6,413,26,70.7
"MWI",2013,0,0,NA,NA,42.2,396,24.8,63.4
"MWI",2014,0,0,NA,NA,39.2,381,23.7,57.6
"MWI",2015,0,0,0,1,36.7,370,22.7,53.3
"MWI",2016,0,0,NA,NA,34.6,358,21.8,49.5
"MWI",2017,0,0,NA,NA,32.8,349,21,46.2
"MWI",2018,0,0,NA,NA,31.4,NA,20.3,43.1
"MYS",1999,0,0,NA,NA,NA,NA,NA,NA
"MYS",2000,0,0,NA,NA,8.7,38,4.8,10.2
"MYS",2001,0,0,NA,NA,8.1,36,4.5,9.4
"MYS",2002,0,0,NA,NA,7.6,34,4.3,8.9
"MYS",2003,0,0,NA,NA,7.3,33,4.1,8.5
"MYS",2004,0,0,1,0,7.1,32,4,8.3
"MYS",2005,0,0,NA,NA,7,31,4,8.2
"MYS",2006,0,0,NA,NA,7,30,4,8.1
"MYS",2007,0,0,NA,NA,6.9,30,4,8.1
"MYS",2008,0,0,NA,NA,6.9,29,4.1,8.1
"MYS",2009,0,0,NA,NA,6.9,29,4.1,8.1
"MYS",2010,0,0,NA,NA,6.9,30,4.2,8.1
"MYS",2011,0,0,NA,NA,6.8,30,4.1,8
"MYS",2012,0,0,NA,NA,6.8,30,4.1,8
"MYS",2013,70,1,NA,NA,6.8,30,4.1,8
"MYS",2014,0,0,0,1,6.8,30,4.1,8
"MYS",2015,0,0,1,0,6.9,30,4.2,8.1
"MYS",2016,0,0,NA,NA,7,29,4.3,8.1
"MYS",2017,1,0,NA,NA,7.1,29,4.4,8.3
"MYS",2018,0,0,NA,NA,7.2,NA,4.5,8.4
"NAM",1999,1,0,NA,NA,NA,NA,NA,NA
"NAM",2000,66,1,NA,NA,45,348,23.4,75.8
"NAM",2001,0,0,0,1,44.2,352,22.6,75.3
"NAM",2002,5,0,0,1,43.6,356,21.8,74.7
"NAM",2003,0,0,NA,NA,43.3,359,21,74.4
"NAM",2004,0,0,NA,NA,42.7,358,20.5,74.4
"NAM",2005,0,0,NA,NA,39.4,346,20,70.6
"NAM",2006,0,0,NA,NA,37.3,328,19.8,65.4
"NAM",2007,0,0,NA,NA,37.6,306,19.9,60.8
"NAM",2008,0,0,NA,NA,37.5,284,20.2,55.1
"NAM",2009,0,0,NA,NA,38.5,276,20.7,51.6
"NAM",2010,0,0,NA,NA,36.8,266,21,49.1
"NAM",2011,0,0,NA,NA,36.9,256,21.3,48.9
"NAM",2012,0,0,NA,NA,37.9,240,21.6,50.5
"NAM",2013,0,0,0,1,35.8,231,21.7,49.1
"NAM",2014,0,0,NA,NA,34,223,21.8,47.9
"NAM",2015,0,0,0,1,33.3,217,21.7,47.6
"NAM",2016,0,0,NA,NA,32.8,207,21.5,46.3
"NAM",2017,0,0,NA,NA,32.2,195,21.2,44.9
"NAM",2018,0,0,0,1,31.7,NA,20.8,43.9
"NER",1999,0,0,NA,NA,NA,NA,NA,NA
"NER",2000,0,0,NA,NA,97,813,43,224.9
"NER",2001,0,0,0,1,93.7,803,41.6,215.2
"NER",2002,0,0,NA,NA,90.1,795,40.2,204.5
"NER",2003,0,0,NA,NA,86.2,782,38.9,193.1
"NER",2004,4,0,NA,NA,82.3,770,37.7,181.5
"NER",2005,0,0,0,1,78.5,755,36.5,170.2
"NER",2006,0,0,NA,NA,74.8,739,35.3,159.3
"NER",2007,98,1,NA,NA,71.3,725,34.1,149
"NER",2008,56,1,NA,NA,67.9,709,32.9,139.3
"NER",2009,0,0,0,1,64.8,688,31.8,130.3
"NER",2010,0,0,NA,NA,61.9,663,30.7,121.9
"NER",2011,0,0,0,1,59.3,639,29.7,114.5
"NER",2012,1,0,NA,NA,57,616,28.8,108.2
"NER",2013,31,1,NA,NA,55,594,28,102.7
"NER",2014,5,0,NA,NA,53.4,573,27.4,98
"NER",2015,533,1,0,1,51.8,555,26.8,93.8
"NER",2016,299,1,NA,NA,50.4,530,26.2,90.1
"NER",2017,255,1,0,1,49.1,509,25.7,86.6
"NER",2018,181,1,NA,NA,47.9,NA,25.1,83.5
"NGA",1999,3519,1,NA,NA,NA,NA,NA,NA
"NGA",2000,2104,1,NA,NA,109.8,1200,46.4,182.9
"NGA",2001,2417,1,NA,NA,106.8,1200,45.3,177.3
"NGA",2002,612,1,NA,NA,103.8,1180,44.1,171.5
"NGA",2003,443,1,NA,NA,100.8,1170,43,165.9
"NGA",2004,2118,1,NA,NA,97.8,1130,41.9,160.3
"NGA",2005,216,1,NA,NA,95,1080,40.9,155
"NGA",2006,225,1,NA,NA,92.3,1040,40.1,150.1
"NGA",2007,153,1,NA,NA,89.8,1010,39.5,145.6
"NGA",2008,425,1,NA,NA,87.7,996,39,141.7
"NGA",2009,530,1,NA,NA,85.9,987,38.5,138.3
"NGA",2010,980,1,NA,NA,84.3,978,38.1,135.5
"NGA",2011,1830,1,NA,NA,83,972,37.8,133.1
"NGA",2012,2016,1,NA,NA,81.9,963,37.6,131.1
"NGA",2013,3382,1,NA,NA,81,951,37.5,129.4
"NGA",2014,10338,1,NA,NA,80.1,943,37.3,127.9
"NGA",2015,9107,1,NA,NA,79.3,931,37.2,126.4
"NGA",2016,3902,1,NA,NA,78.3,925,37,124.7
"NGA",2017,3572,1,NA,NA,77.1,917,36.7,122.5
"NGA",2018,3225,1,NA,NA,75.7,NA,36.3,119.9
"NIC",1999,0,0,NA,NA,NA,NA,NA,NA
"NIC",2000,0,0,1,1,31.4,162,16.8,38.5
"NIC",2001,0,0,0,1,29.9,157,16.4,36.5
"NIC",2002,0,0,NA,NA,28.5,151,15.7,34.6
"NIC",2003,0,0,NA,NA,27.2,145,15.2,32.9
"NIC",2004,0,0,NA,NA,26,138,14.7,31.3
"NIC",2005,0,0,NA,NA,24.9,131,14.4,29.9
"NIC",2006,0,0,NA,NA,23.9,124,14.2,28.5
"NIC",2007,0,0,NA,NA,22.9,121,14,27.3
"NIC",2008,0,0,NA,NA,22,116,13.8,26.1
"NIC",2009,0,0,NA,NA,21.1,113,13.6,24.9
"NIC",2010,0,0,NA,NA,20.3,112,13.4,23.9
"NIC",2011,0,0,NA,NA,19.5,110,13.3,22.9
"NIC",2012,0,0,NA,NA,18.7,108,13.1,22
"NIC",2013,0,0,NA,NA,18,105,12.8,21.1
"NIC",2014,0,0,1,1,17.3,103,12.4,20.2
"NIC",2015,0,0,NA,NA,16.6,101,11.9,19.4
"NIC",2016,0,0,NA,NA,16,100,11.4,18.6
"NIC",2017,0,0,NA,NA,15.4,98,10.8,17.9
"NIC",2018,0,0,0,1,14.8,NA,10.3,17.3
"NLD",1999,0,0,NA,NA,NA,NA,NA,NA
"NLD",2000,0,0,NA,NA,5.1,13,3.8,6.2
"NLD",2001,0,0,NA,NA,5,13,3.8,6.1
"NLD",2002,0,0,NA,NA,4.9,13,3.7,5.9
"NLD",2003,0,0,NA,NA,4.8,12,3.6,5.7
"NLD",2004,0,0,NA,NA,4.6,11,3.6,5.5
"NLD",2005,0,0,NA,NA,4.4,11,3.4,5.3
"NLD",2006,0,0,NA,NA,4.3,9,3.3,5.1
"NLD",2007,0,0,NA,NA,4.1,9,3.2,4.9
"NLD",2008,0,0,NA,NA,4,8,3,4.7
"NLD",2009,0,0,NA,NA,3.8,8,2.9,4.6
"NLD",2010,0,0,NA,NA,3.7,7,2.8,4.4
"NLD",2011,0,0,NA,NA,3.6,7,2.7,4.3
"NLD",2012,0,0,NA,NA,3.6,7,2.7,4.2
"NLD",2013,0,0,NA,NA,3.5,6,2.7,4.1
"NLD",2014,0,0,NA,NA,3.5,6,2.6,4.1
"NLD",2015,0,0,NA,NA,3.4,6,2.6,4
"NLD",2016,0,0,NA,NA,3.4,6,2.6,4
"NLD",2017,0,0,NA,NA,3.5,5,2.6,4
"NLD",2018,0,0,NA,NA,3.5,NA,2.6,4.1
"NOR",1999,0,0,NA,NA,NA,NA,NA,NA
"NOR",2000,0,0,NA,NA,3.9,6,2.7,4.9
"NOR",2001,0,0,NA,NA,3.8,5,2.6,4.7
"NOR",2002,0,0,NA,NA,3.7,5,2.5,4.6
"NOR",2003,0,0,NA,NA,3.6,5,2.4,4.4
"NOR",2004,0,0,NA,NA,3.4,5,2.3,4.2
"NOR",2005,0,0,NA,NA,3.3,5,2.3,4.1
"NOR",2006,0,0,NA,NA,3.2,4,2.2,3.9
"NOR",2007,0,0,NA,NA,3,4,2.1,3.7
"NOR",2008,0,0,NA,NA,2.9,4,2,3.6
"NOR",2009,0,0,NA,NA,2.8,4,1.9,3.4
"NOR",2010,0,0,NA,NA,2.7,4,1.9,3.3
"NOR",2011,0,0,NA,NA,2.5,4,1.8,3.1
"NOR",2012,0,0,NA,NA,2.5,3,1.8,3
"NOR",2013,0,0,NA,NA,2.4,3,1.7,2.9
"NOR",2014,0,0,NA,NA,2.3,3,1.7,2.8
"NOR",2015,0,0,NA,NA,2.2,3,1.6,2.7
"NOR",2016,0,0,NA,NA,2.1,3,1.6,2.6
"NOR",2017,0,0,NA,NA,2.1,2,1.5,2.5
"NOR",2018,0,0,NA,NA,2,NA,1.4,2.4
"NPL",1999,295,1,NA,NA,NA,NA,NA,NA
"NPL",2000,365,1,NA,NA,58.7,553,39.3,79.1
"NPL",2001,569,1,NA,NA,55.8,521,37.8,74.6
"NPL",2002,4432,1,NA,NA,53.1,520,36.3,70.4
"NPL",2003,1732,1,NA,NA,50.6,470,34.9,66.4
"NPL",2004,2456,1,NA,NA,48.2,447,33.5,62.7
"NPL",2005,1399,1,NA,NA,45.9,415,32.2,59.4
"NPL",2006,566,1,0,1,43.8,386,31,56.3
"NPL",2007,31,1,NA,NA,41.9,361,29.8,53.4
"NPL",2008,0,0,NA,NA,40.1,342,28.7,50.8
"NPL",2009,9,0,0,1,38.3,323,27.6,48.3
"NPL",2010,0,0,NA,NA,36.6,305,26.5,45.9
"NPL",2011,0,0,1,0,35,285,25.4,43.6
"NPL",2012,0,0,NA,NA,33.5,266,24.3,41.5
"NPL",2013,0,0,NA,NA,32,248,23.3,39.4
"NPL",2014,0,0,NA,NA,30.5,231,22.4,37.4
"NPL",2015,0,0,1,0,29.2,236,21.3,35.5
"NPL",2016,0,0,NA,NA,27.8,200,20.2,33.7
"NPL",2017,0,0,NA,NA,26.6,186,19.2,32.1
"NPL",2018,0,0,NA,NA,25.5,NA,18.3,30.6
"NZL",1999,0,0,NA,NA,NA,NA,NA,NA
"NZL",2000,0,0,NA,NA,6.1,12,3.5,7.4
"NZL",2001,0,0,NA,NA,5.9,11,3.5,7.2
"NZL",2002,0,0,NA,NA,5.8,12,3.5,7
"NZL",2003,0,0,NA,NA,5.7,12,3.4,6.9
"NZL",2004,0,0,NA,NA,5.6,11,3.3,6.7
"NZL",2005,0,0,NA,NA,5.5,11,3.1,6.6
"NZL",2006,0,0,NA,NA,5.4,11,3,6.5
"NZL",2007,0,0,NA,NA,5.3,11,2.9,6.4
"NZL",2008,0,0,NA,NA,5.2,10,3,6.3
"NZL",2009,0,0,NA,NA,5.2,11,3.1,6.2
"NZL",2010,0,0,1,0,5.1,11,3.2,6.1
"NZL",2011,0,0,1,0,5,10,3.3,6
"NZL",2012,0,0,NA,NA,4.9,10,3.4,5.9
"NZL",2013,0,0,1,1,4.8,9,3.3,5.8
"NZL",2014,0,0,NA,NA,4.7,10,3.3,5.7
"NZL",2015,0,0,NA,NA,4.6,10,3.2,5.5
"NZL",2016,0,0,1,0,4.4,10,3.1,5.4
"NZL",2017,0,0,NA,NA,4.3,9,2.9,5.2
"NZL",2018,0,0,NA,NA,4.2,NA,2.8,5
"OMN",1999,0,0,NA,NA,NA,NA,NA,NA
"OMN",2000,0,0,NA,NA,14.2,20,7.3,16.5
"OMN",2001,0,0,NA,NA,13.3,20,6.9,15.4
"OMN",2002,0,0,NA,NA,12.5,20,6.5,14.5
"OMN",2003,0,0,NA,NA,11.9,20,6.2,13.8
"OMN",2004,0,0,NA,NA,11.4,19,5.9,13.2
"OMN",2005,0,0,NA,NA,11,19,5.7,12.8
"OMN",2006,0,0,NA,NA,10.7,18,5.6,12.5
"OMN",2007,0,0,NA,NA,10.5,18,5.4,12.2
"OMN",2008,0,0,NA,NA,10.3,18,5.3,12
"OMN",2009,0,0,NA,NA,10.2,18,5.3,11.8
"OMN",2010,0,0,NA,NA,10.1,18,5.2,11.7
"OMN",2011,0,0,NA,NA,10,18,5.2,11.6
"OMN",2012,0,0,NA,NA,9.8,18,5.1,11.4
"OMN",2013,0,0,NA,NA,9.7,18,5,11.3
"OMN",2014,0,0,NA,NA,9.7,18,5,11.2
"OMN",2015,0,0,NA,NA,9.6,19,5,11.2
"OMN",2016,0,0,NA,NA,9.6,19,5,11.2
"OMN",2017,0,0,NA,NA,9.6,19,5,11.2
"OMN",2018,0,0,NA,NA,9.6,NA,5,11.1
"PAK",1999,57,1,NA,NA,NA,NA,NA,NA
"PAK",2000,59,1,NA,NA,84.6,286,56.8,107.8
"PAK",2001,42,1,1,0,82.6,275,55.8,105
"PAK",2002,170,1,1,0,80.9,264,54.9,102.4
"PAK",2003,242,1,NA,NA,79.3,254,54,100.2
"PAK",2004,430,1,1,0,77.9,243,53.3,98.1
"PAK",2005,153,1,1,0,76.6,237,52.6,96.3
"PAK",2006,427,1,NA,NA,75.4,222,52,94.5
"PAK",2007,1366,1,NA,NA,74.1,214,51.4,92.7
"PAK",2008,4620,1,1,0,72.8,205,50.9,90.9
"PAK",2009,7460,1,NA,NA,71.5,199,50.4,89.1
"PAK",2010,7226,1,NA,NA,70.1,191,49.8,87.1
"PAK",2011,3475,1,1,0,68.6,180,49,85
"PAK",2012,3541,1,NA,NA,67,173,48.1,82.8
"PAK",2013,2914,1,1,0,65.4,166,47.1,80.6
"PAK",2014,3620,1,NA,NA,63.8,161,46.2,78.3
"PAK",2015,2450,1,1,0,62.1,154,45.2,76
"PAK",2016,1100,1,1,0,60.5,143,44.3,73.8
"PAK",2017,954,1,NA,NA,58.9,140,43.3,71.6
"PAK",2018,483,1,NA,NA,57.3,NA,42.3,69.5
"PAN",1999,0,0,NA,NA,NA,NA,NA,NA
"PAN",2000,0,0,NA,NA,21.9,91,14.7,26
"PAN",2001,0,0,NA,NA,21.4,86,14.3,25.4
"PAN",2002,0,0,NA,NA,20.9,91,14,24.8
"PAN",2003,0,0,1,0,20.5,93,13.6,24.1
"PAN",2004,0,0,NA,NA,20,88,13.2,23.5
"PAN",2005,0,0,NA,NA,19.5,88,12.9,22.9
"PAN",2006,0,0,NA,NA,19,88,12.5,22.3
"PAN",2007,0,0,NA,NA,18.5,86,12.2,21.7
"PAN",2008,0,0,NA,NA,18,84,11.9,21.1
"PAN",2009,0,0,NA,NA,17.5,82,11.5,20.5
"PAN",2010,0,0,NA,NA,17,79,11.1,19.9
"PAN",2011,0,0,NA,NA,16.5,76,10.8,19.3
"PAN",2012,0,0,NA,NA,16,74,10.4,18.7
"PAN",2013,0,0,0,1,15.5,66,10.1,18.1
"PAN",2014,0,0,NA,NA,15.1,60,9.8,17.6
"PAN",2015,0,0,0,1,14.6,58,9.5,17
"PAN",2016,0,0,NA,NA,14.1,55,9.2,16.4
"PAN",2017,0,0,NA,NA,13.7,52,8.9,15.9
"PAN",2018,0,0,0,1,13.2,NA,8.6,15.4
"PER",1999,89,1,NA,NA,NA,NA,NA,NA
"PER",2000,5,0,NA,NA,29.3,144,16.1,38.2
"PER",2001,21,0,1,0,27.2,138,15.2,35.3
"PER",2002,13,0,0,1,25.2,132,14.3,32.7
"PER",2003,13,0,NA,NA,23.5,127,13.5,30.4
"PER",2004,3,0,0,1,22,122,12.8,28.3
"PER",2005,0,0,1,0,20.6,118,12.2,26.5
"PER",2006,11,0,0,1,19.3,114,11.7,24.9
"PER",2007,32,1,1,0,18.2,112,11.1,23.4
"PER",2008,40,1,NA,NA,17.1,108,10.6,22
"PER",2009,54,1,NA,NA,16.2,106,10.1,20.8
"PER",2010,29,1,NA,NA,15.3,104,9.7,19.8
"PER",2011,15,0,1,0,14.6,102,9.4,18.8
"PER",2012,0,0,1,0,13.9,100,9,17.9
"PER",2013,3,0,1,0,13.3,98,8.7,17.1
"PER",2014,14,0,1,0,12.7,96,8.4,16.4
"PER",2015,9,0,NA,NA,12.2,94,8,15.7
"PER",2016,11,0,1,0,11.7,91,7.8,15
"PER",2017,7,0,NA,NA,11.2,88,7.5,14.4
"PER",2018,0,0,1,0,10.7,NA,7.2,13.8
"PHL",1999,219,1,NA,NA,NA,NA,NA,NA
"PHL",2000,1761,1,NA,NA,28.7,160,16.5,37.7
"PHL",2001,792,1,NA,NA,28.2,163,16.5,36.9
"PHL",2002,763,1,1,1,27.8,160,16.3,36.2
"PHL",2003,1132,1,NA,NA,27.3,156,16.2,35.5
"PHL",2004,470,1,NA,NA,26.9,156,16,34.9
"PHL",2005,487,1,NA,NA,26.4,156,15.8,34.2
"PHL",2006,434,1,NA,NA,26,156,15.6,33.6
"PHL",2007,483,1,0,1,25.7,149,15.4,33
"PHL",2008,566,1,NA,NA,25.3,148,15.2,32.5
"PHL",2009,1047,1,1,0,25,149,15,32.1
"PHL",2010,372,1,NA,NA,24.8,144,14.9,31.7
"PHL",2011,414,1,1,0,24.5,141,14.7,31.3
"PHL",2012,311,1,1,0,24.2,139,14.6,30.9
"PHL",2013,537,1,1,0,23.9,136,14.4,30.5
"PHL",2014,484,1,NA,NA,23.7,131,14.3,30.1
"PHL",2015,628,1,0,1,23.4,127,14.1,29.6
"PHL",2016,616,1,1,0,23,124,13.9,29.1
"PHL",2017,1708,1,1,0,22.6,121,13.6,28.5
"PHL",2018,436,1,NA,NA,22.1,NA,13.3,27.9
"PNG",1999,60,1,NA,NA,NA,NA,NA,NA
"PNG",2000,13,0,1,0,53.6,249,30.2,71.1
"PNG",2001,65,1,1,0,52.8,242,29.6,69.9
"PNG",2002,7,0,1,0,52.1,234,29.1,68.8
"PNG",2003,0,0,NA,NA,51.3,225,28.7,67.5
"PNG",2004,0,0,NA,NA,50.4,213,28.2,66.2
"PNG",2005,0,0,1,0,49.6,200,27.9,64.9
"PNG",2006,0,0,NA,NA,48.7,187,27.6,63.5
"PNG",2007,0,0,NA,NA,47.8,179,27.3,62.1
"PNG",2008,0,0,NA,NA,46.8,173,27,60.8
"PNG",2009,0,0,NA,NA,45.9,170,26.6,59.3
"PNG",2010,0,0,NA,NA,44.9,168,26.1,57.9
"PNG",2011,0,0,NA,NA,44,166,25.6,56.5
"PNG",2012,57,1,NA,NA,43,164,25.1,55.2
"PNG",2013,0,0,NA,NA,42.1,160,24.7,53.8
"PNG",2014,0,0,NA,NA,41.2,155,24.3,52.4
"PNG",2015,0,0,0,1,40.2,151,23.8,51
"PNG",2016,0,0,NA,NA,39.3,148,23.4,49.7
"PNG",2017,0,0,NA,NA,38.2,145,22.9,48.2
"PNG",2018,0,0,1,0,37.2,NA,22.5,46.8
"POL",1999,0,0,NA,NA,NA,NA,NA,NA
"POL",2000,0,0,NA,NA,8.1,7,5.8,9.3
"POL",2001,0,0,NA,NA,7.6,6,5.4,8.8
"POL",2002,0,0,NA,NA,7.3,5,5.2,8.4
"POL",2003,0,0,NA,NA,7,5,5,8.1
"POL",2004,0,0,NA,NA,6.8,5,4.8,7.8
"POL",2005,0,0,NA,NA,6.5,4,4.6,7.6
"POL",2006,0,0,NA,NA,6.3,4,4.4,7.3
"POL",2007,0,0,NA,NA,6.1,4,4.2,7
"POL",2008,0,0,NA,NA,5.8,4,4,6.7
"POL",2009,0,0,NA,NA,5.5,3,3.8,6.3
"POL",2010,0,0,NA,NA,5.1,3,3.6,6
"POL",2011,0,0,NA,NA,4.9,3,3.4,5.7
"POL",2012,0,0,NA,NA,4.7,3,3.2,5.4
"POL",2013,0,0,NA,NA,4.5,3,3.1,5.2
"POL",2014,0,0,NA,NA,4.3,2,3,5
"POL",2015,0,0,NA,NA,4.2,2,2.9,4.9
"POL",2016,0,0,NA,NA,4.1,2,2.9,4.7
"POL",2017,0,0,NA,NA,4,2,2.8,4.6
"POL",2018,0,0,0,1,3.9,NA,2.8,4.5
"PRI",1999,0,0,NA,NA,NA,NA,NA,NA
"PRI",2000,0,0,NA,NA,NA,26,NA,NA
"PRI",2001,0,0,NA,NA,NA,26,NA,NA
"PRI",2002,0,0,NA,NA,NA,24,NA,NA
"PRI",2003,0,0,NA,NA,NA,23,NA,NA
"PRI",2004,0,0,NA,NA,NA,25,NA,NA
"PRI",2005,0,0,NA,NA,NA,23,NA,NA
"PRI",2006,0,0,NA,NA,NA,23,NA,NA
"PRI",2007,0,0,NA,NA,NA,23,NA,NA
"PRI",2008,0,0,NA,NA,NA,23,NA,NA
"PRI",2009,0,0,NA,NA,NA,23,NA,NA
"PRI",2010,0,0,NA,NA,NA,21,NA,NA
"PRI",2011,0,0,NA,NA,NA,22,NA,NA
"PRI",2012,0,0,NA,NA,NA,19,NA,NA
"PRI",2013,0,0,NA,NA,NA,20,NA,NA
"PRI",2014,0,0,NA,NA,NA,21,NA,NA
"PRI",2015,0,0,NA,NA,NA,20,NA,NA
"PRI",2016,0,0,NA,NA,NA,20,NA,NA
"PRI",2017,0,0,NA,NA,NA,21,NA,NA
"PRI",2018,0,0,NA,NA,NA,NA,NA,NA
"PRK",1999,0,0,NA,NA,NA,NA,NA,NA
"PRK",2000,0,0,NA,NA,44.5,139,27.3,60
"PRK",2001,0,0,NA,NA,39.1,128,24.9,52.1
"PRK",2002,0,0,NA,NA,34.2,122,22.5,44.7
"PRK",2003,0,0,NA,NA,30.4,121,20.5,38.9
"PRK",2004,0,0,NA,NA,27.8,120,18.8,35
"PRK",2005,0,0,NA,NA,26.4,120,17.7,33
"PRK",2006,0,0,NA,NA,26,120,17.4,32.4
"PRK",2007,0,0,NA,NA,25.7,119,17.4,32.2
"PRK",2008,0,0,NA,NA,25.2,118,17.1,31.8
"PRK",2009,0,0,NA,NA,24.4,113,16.7,31
"PRK",2010,0,0,NA,NA,23.1,106,15.9,29.5
"PRK",2011,0,0,NA,NA,21.5,100,14.9,27.7
"PRK",2012,0,0,0,1,19.8,96,13.9,25.7
"PRK",2013,0,0,NA,NA,18.3,94,12.9,24
"PRK",2014,0,0,NA,NA,17,93,12.1,22.4
"PRK",2015,0,0,0,1,16,91,11.4,21.1
"PRK",2016,0,0,NA,NA,15.1,90,10.8,20
"PRK",2017,0,0,0,1,14.4,89,10.3,19
"PRK",2018,0,0,NA,NA,13.7,NA,9.8,18.2
"PRT",1999,0,0,NA,NA,NA,NA,NA,NA
"PRT",2000,0,0,NA,NA,5.5,10,3.4,7.2
"PRT",2001,0,0,NA,NA,5.1,10,3.2,6.6
"PRT",2002,0,0,NA,NA,4.7,10,3,6.1
"PRT",2003,0,0,NA,NA,4.3,10,2.8,5.5
"PRT",2004,0,0,0,1,3.9,10,2.6,5
"PRT",2005,0,0,NA,NA,3.6,9,2.4,4.6
"PRT",2006,0,0,NA,NA,3.4,9,2.2,4.4
"PRT",2007,0,0,NA,NA,3.3,9,2.1,4.2
"PRT",2008,0,0,NA,NA,3.2,9,2.1,4
"PRT",2009,0,0,NA,NA,3.1,9,2.1,3.9
"PRT",2010,0,0,NA,NA,3.1,9,2.1,3.8
"PRT",2011,0,0,NA,NA,3,9,2.1,3.7
"PRT",2012,0,0,NA,NA,3,9,2.1,3.7
"PRT",2013,0,0,NA,NA,3,8,2.1,3.7
"PRT",2014,0,0,NA,NA,3,8,2.1,3.6
"PRT",2015,0,0,NA,NA,3,9,2.1,3.6
"PRT",2016,0,0,NA,NA,3,9,2.1,3.6
"PRT",2017,0,0,NA,NA,3,8,2,3.6
"PRT",2018,0,0,NA,NA,2.9,NA,2,3.6
"PRY",1999,0,0,NA,NA,NA,NA,NA,NA
"PRY",2000,0,0,NA,NA,27.9,194,18.1,33.9
"PRY",2001,0,0,NA,NA,27.4,191,17.7,33.1
"PRY",2002,0,0,NA,NA,26.8,188,17.3,32.3
"PRY",2003,0,0,NA,NA,26.2,185,16.9,31.6
"PRY",2004,0,0,NA,NA,25.6,180,16.5,30.8
"PRY",2005,0,0,0,1,25,174,16.1,30
"PRY",2006,0,0,NA,NA,24.5,168,15.7,29.3
"PRY",2007,0,0,NA,NA,23.9,163,15.2,28.5
"PRY",2008,0,0,0,1,23.2,158,14.8,27.7
"PRY",2009,0,0,0,1,22.6,153,14.4,26.9
"PRY",2010,0,0,NA,NA,22,148,14,26.2
"PRY",2011,0,0,NA,NA,21.4,145,13.5,25.4
"PRY",2012,0,0,0,1,20.8,141,13.1,24.6
"PRY",2013,0,0,0,1,20.2,138,12.7,23.8
"PRY",2014,0,0,NA,NA,19.6,135,12.3,23
"PRY",2015,0,0,NA,NA,19,132,11.9,22.3
"PRY",2016,0,0,0,1,18.4,130,11.6,21.6
"PRY",2017,0,0,NA,NA,17.8,129,11.2,20.9
"PRY",2018,0,0,NA,NA,17.2,NA,10.8,20.2
"QAT",1999,0,0,NA,NA,NA,NA,NA,NA
"QAT",2000,0,0,NA,NA,10.7,14,6.6,12.5
"QAT",2001,0,0,NA,NA,10.3,14,6.3,12
"QAT",2002,0,0,NA,NA,10,13,6.1,11.6
"QAT",2003,0,0,NA,NA,9.6,13,5.9,11.2
"QAT",2004,0,0,NA,NA,9.3,13,5.8,10.8
"QAT",2005,0,0,NA,NA,8.9,12,5.6,10.4
"QAT",2006,0,0,NA,NA,8.7,11,5.3,10.1
"QAT",2007,0,0,NA,NA,8.4,11,5.1,9.8
"QAT",2008,0,0,NA,NA,8.2,11,4.9,9.6
"QAT",2009,0,0,NA,NA,8,10,4.7,9.4
"QAT",2010,0,0,NA,NA,7.8,10,4.5,9.1
"QAT",2011,0,0,NA,NA,7.6,10,4.4,8.9
"QAT",2012,0,0,NA,NA,7.4,10,4.2,8.7
"QAT",2013,0,0,NA,NA,7.2,10,4.1,8.4
"QAT",2014,0,0,NA,NA,7,10,4,8.1
"QAT",2015,0,0,NA,NA,6.7,9,3.9,7.8
"QAT",2016,0,0,NA,NA,6.3,9,3.9,7.4
"QAT",2017,0,0,NA,NA,6,9,3.8,7
"QAT",2018,0,0,NA,NA,5.6,NA,3.8,6.6
"ROU",1999,0,0,NA,NA,NA,NA,NA,NA
"ROU",2000,0,0,0,1,18.1,54,10.5,21.6
"ROU",2001,0,0,NA,NA,17.3,49,9.9,20.5
"ROU",2002,0,0,NA,NA,17,47,9.6,20.1
"ROU",2003,0,0,NA,NA,17,43,9.4,20
"ROU",2004,0,0,NA,NA,16.5,39,9.1,19.4
"ROU",2005,0,0,NA,NA,15.5,35,8.5,18.1
"ROU",2006,0,0,NA,NA,14.2,32,7.7,16.6
"ROU",2007,0,0,NA,NA,13,30,6.9,15.2
"ROU",2008,0,0,NA,NA,11.9,28,6.3,14
"ROU",2009,0,0,NA,NA,11.1,28,5.8,13.1
"ROU",2010,0,0,NA,NA,10.5,27,5.4,12.4
"ROU",2011,0,0,NA,NA,10,24,5.2,11.8
"ROU",2012,0,0,NA,NA,9.5,23,5.1,11.2
"ROU",2013,0,0,NA,NA,8.9,21,5,10.6
"ROU",2014,0,0,NA,NA,8.3,21,4.7,9.9
"ROU",2015,0,0,NA,NA,7.7,21,4.3,9.2
"ROU",2016,0,0,NA,NA,7,21,3.9,8.5
"ROU",2017,0,0,NA,NA,6.5,19,3.6,7.9
"ROU",2018,0,0,NA,NA,6.1,NA,3.4,7.4
"RUS",1999,6197,1,NA,NA,NA,NA,NA,NA
"RUS",2000,4333,1,1,0,15.5,56,9,19.3
"RUS",2001,992,1,NA,NA,14.7,53,8.6,18.3
"RUS",2002,1509,1,NA,NA,13.8,51,8,17.2
"RUS",2003,539,1,1,1,12.9,49,7.3,16.1
"RUS",2004,1317,1,1,0,12,45,6.8,14.9
"RUS",2005,688,1,NA,NA,11.1,42,6.4,13.8
"RUS",2006,260,1,1,0,10.3,36,6,12.8
"RUS",2007,182,1,1,0,9.6,32,5.4,11.9
"RUS",2008,410,1,1,0,9,30,4.9,11.2
"RUS",2009,697,1,NA,NA,8.6,27,4.6,10.7
"RUS",2010,481,1,0,1,8.3,25,4.6,10.4
"RUS",2011,396,1,NA,NA,8.1,23,4.7,10.1
"RUS",2012,525,1,0,1,7.9,22,4.7,9.8
"RUS",2013,365,1,NA,NA,7.6,20,4.6,9.4
"RUS",2014,176,1,NA,NA,7.2,19,4.4,8.9
"RUS",2015,86,1,NA,NA,6.6,18,4,8.2
"RUS",2016,78,1,NA,NA,6.1,18,3.5,7.5
"RUS",2017,53,1,NA,NA,5.5,17,3.2,6.9
"RUS",2018,38,1,NA,NA,5.1,NA,2.9,6.3
"RWA",1999,29,1,NA,NA,NA,NA,NA,NA
"RWA",2000,0,0,NA,NA,109.5,1160,43.2,185.2
"RWA",2001,2044,1,NA,NA,100,1100,40.2,167.4
"RWA",2002,0,0,1,0,90.3,961,37.3,149.6
"RWA",2003,0,0,0,1,81.4,870,34.6,133.5
"RWA",2004,16,0,NA,NA,72.8,758,32.1,118.6
"RWA",2005,0,0,NA,NA,65.5,643,30,105.4
"RWA",2006,0,0,NA,NA,59.3,541,28.1,93.9
"RWA",2007,0,0,NA,NA,54.4,469,26.5,84.4
"RWA",2008,0,0,1,0,50.2,427,25.1,76.3
"RWA",2009,2,0,NA,NA,47,424,24,69.6
"RWA",2010,0,0,NA,NA,44,373,23,63.8
"RWA",2011,0,0,NA,NA,40.6,349,22.1,58.6
"RWA",2012,13,0,NA,NA,38.8,329,21.3,54.9
"RWA",2013,4,0,NA,NA,37.1,308,20.7,52
"RWA",2014,0,0,NA,NA,35.7,291,20.2,49.7
"RWA",2015,0,0,NA,NA,34.6,275,19.7,47.7
"RWA",2016,27,1,NA,NA,33.7,260,19.3,46
"RWA",2017,10,0,NA,NA,32.9,248,19,44.6
"RWA",2018,6,0,NA,NA,32,NA,18.6,43.4
"SAU",1999,0,0,NA,NA,NA,NA,NA,NA
"SAU",2000,0,0,NA,NA,18.8,24,11.5,22
"SAU",2001,0,0,NA,NA,17.7,24,10.8,20.7
"SAU",2002,0,0,NA,NA,16.7,23,10.2,19.6
"SAU",2003,26,1,NA,NA,15.8,23,9.6,18.5
"SAU",2004,91,1,NA,NA,15,22,9,17.4
"SAU",2005,31,1,NA,NA,14.2,22,8.5,16.5
"SAU",2006,11,0,NA,NA,13.4,21,8.1,15.5
"SAU",2007,2,0,NA,NA,12.6,21,7.6,14.7
"SAU",2008,0,0,NA,NA,11.9,20,7.1,13.8
"SAU",2009,0,0,NA,NA,11.2,20,6.7,13
"SAU",2010,0,0,NA,NA,10.5,19,6.3,12.3
"SAU",2011,0,0,NA,NA,9.9,18,5.9,11.5
"SAU",2012,0,0,NA,NA,9.3,18,5.6,10.8
"SAU",2013,0,0,NA,NA,8.8,17,5.2,10.2
"SAU",2014,0,0,NA,NA,8.3,17,4.9,9.6
"SAU",2015,110,1,NA,NA,7.8,17,4.6,9.1
"SAU",2016,125,1,NA,NA,7.3,17,4.3,8.6
"SAU",2017,45,1,NA,NA,6.9,17,4.1,8.1
"SAU",2018,11,0,NA,NA,6.6,NA,3.8,7.7
"SDN",1999,2067,1,NA,NA,NA,NA,NA,NA
"SDN",2000,3537,1,NA,NA,66.9,667,37.1,104.3
"SDN",2001,3719,1,NA,NA,65,645,36.4,100.9
"SDN",2002,3227,1,NA,NA,63,614,35.8,97.4
"SDN",2003,5010,1,NA,NA,61.2,598,35.2,94.2
"SDN",2004,9714,1,NA,NA,59.4,580,34.5,91
"SDN",2005,1505,1,NA,NA,57.8,529,33.9,88.1
"SDN",2006,2187,1,NA,NA,56.2,508,33.4,85.3
"SDN",2007,1180,1,NA,NA,54.7,479,33,82.7
"SDN",2008,1241,1,NA,NA,53.3,454,32.5,80.2
"SDN",2009,2689,1,NA,NA,52,433,32.2,77.9
"SDN",2010,1790,1,NA,NA,50.7,408,31.8,75.7
"SDN",2011,2567,1,0,1,49.6,390,31.4,73.7
"SDN",2012,1525,1,NA,NA,48.5,368,31,71.7
"SDN",2013,1959,1,NA,NA,47.4,349,30.5,69.8
"SDN",2014,1912,1,NA,NA,46.3,333,30,67.9
"SDN",2015,2552,1,0,1,45.2,320,29.5,65.9
"SDN",2016,1994,1,NA,NA,44.1,308,29,63.9
"SDN",2017,548,1,NA,NA,43,295,28.5,62
"SDN",2018,432,1,NA,NA,42,NA,27.8,60.1
"SEN",1999,31,1,NA,NA,NA,NA,NA,NA
"SEN",2000,56,1,NA,NA,67.7,553,38.2,129.5
"SEN",2001,47,1,NA,NA,65.2,545,37.2,122.9
"SEN",2002,45,1,0,1,62.3,537,36,115.1
"SEN",2003,39,1,NA,NA,59.2,532,34.7,107
"SEN",2004,3,0,NA,NA,56.1,526,33.4,99.1
"SEN",2005,46,1,NA,NA,53.2,519,32.1,91.8
"SEN",2006,126,1,NA,NA,50.6,514,30.8,85.2
"SEN",2007,0,0,NA,NA,48.2,504,29.6,79.4
"SEN",2008,11,0,NA,NA,46.1,492,28.6,74.3
"SEN",2009,19,0,NA,NA,44.1,472,27.6,69.8
"SEN",2010,19,0,NA,NA,42.4,447,26.8,65.7
"SEN",2011,37,1,0,1,40.7,423,26,62.1
"SEN",2012,23,0,NA,NA,39.2,400,25.3,58.7
"SEN",2013,8,0,NA,NA,37.6,381,24.7,55.4
"SEN",2014,0,0,0,1,36.2,364,24.2,52.3
"SEN",2015,0,0,NA,NA,34.7,346,23.7,49.4
"SEN",2016,0,0,NA,NA,33.3,330,23.1,46.5
"SEN",2017,0,0,NA,NA,32,315,22.4,44
"SEN",2018,1,0,0,1,30.8,NA,21.8,41.7
"SGP",1999,0,0,NA,NA,NA,NA,NA,NA
"SGP",2000,0,0,NA,NA,3,13,1.6,3.9
"SGP",2001,0,0,NA,NA,2.8,13,1.5,3.6
"SGP",2002,0,0,NA,NA,2.6,14,1.4,3.4
"SGP",2003,0,0,NA,NA,2.5,13,1.3,3.2
"SGP",2004,0,0,NA,NA,2.4,14,1.3,3
"SGP",2005,0,0,NA,NA,2.3,13,1.2,2.9
"SGP",2006,0,0,NA,NA,2.3,13,1.2,2.9
"SGP",2007,0,0,NA,NA,2.3,12,1.2,2.9
"SGP",2008,0,0,NA,NA,2.3,11,1.2,2.8
"SGP",2009,0,0,NA,NA,2.3,10,1.2,2.8
"SGP",2010,0,0,NA,NA,2.3,10,1.1,2.8
"SGP",2011,0,0,NA,NA,2.2,10,1.1,2.8
"SGP",2012,0,0,NA,NA,2.2,10,1.1,2.8
"SGP",2013,0,0,NA,NA,2.2,9,1,2.8
"SGP",2014,0,0,NA,NA,2.2,8,1,2.7
"SGP",2015,0,0,NA,NA,2.2,9,1,2.7
"SGP",2016,0,0,NA,NA,2.2,8,1,2.7
"SGP",2017,0,0,NA,NA,2.2,8,1,2.6
"SGP",2018,0,0,NA,NA,2.1,NA,0.9,2.5
"SLB",1999,0,0,NA,NA,NA,NA,NA,NA
"SLB",2000,0,0,NA,NA,25.6,245,12.8,30.7
"SLB",2001,0,0,NA,NA,25.3,233,12.7,30.4
"SLB",2002,0,0,NA,NA,25.1,222,12.6,30.1
"SLB",2003,0,0,NA,NA,24.9,210,12.5,29.8
"SLB",2004,0,0,NA,NA,24.7,199,12.3,29.6
"SLB",2005,0,0,NA,NA,24.4,188,12.1,29.3
"SLB",2006,0,0,NA,NA,24.1,177,11.9,28.9
"SLB",2007,0,0,1,0,23.8,172,11.7,28.4
"SLB",2008,0,0,NA,NA,23.3,159,11.4,27.8
"SLB",2009,0,0,NA,NA,22.8,152,11.1,27.1
"SLB",2010,0,0,1,0,22.2,141,10.8,26.4
"SLB",2011,0,0,NA,NA,21.6,134,10.5,25.6
"SLB",2012,0,0,NA,NA,21,127,10.1,24.9
"SLB",2013,0,0,1,0,20.5,122,9.8,24.2
"SLB",2014,0,0,NA,NA,19.9,120,9.5,23.4
"SLB",2015,0,0,0,1,19.3,112,9.2,22.7
"SLB",2016,0,0,1,0,18.8,108,8.9,22
"SLB",2017,0,0,NA,NA,18.2,104,8.6,21.4
"SLB",2018,0,0,NA,NA,17.7,NA,8.4,20.7
"SLE",1999,4493,1,NA,NA,NA,NA,NA,NA
"SLE",2000,856,1,NA,NA,138.1,2480,48.4,224.9
"SLE",2001,73,1,NA,NA,135.6,2250,47.8,219.4
"SLE",2002,1,0,NA,NA,132.9,2080,47.2,213.9
"SLE",2003,0,0,NA,NA,130.2,1960,46.5,208.1
"SLE",2004,0,0,NA,NA,127.2,1850,45.7,202
"SLE",2005,0,0,NA,NA,124.1,1760,44.9,195.5
"SLE",2006,0,0,NA,NA,120.9,1680,44.1,188.9
"SLE",2007,0,0,NA,NA,117.6,1610,43.1,182
"SLE",2008,0,0,NA,NA,114.2,1530,41.9,174.9
"SLE",2009,0,0,NA,NA,110.6,1450,40.7,167.7
"SLE",2010,0,0,NA,NA,107.2,1360,39.5,160.6
"SLE",2011,0,0,NA,NA,103.8,1270,38.4,153.8
"SLE",2012,0,0,NA,NA,100.7,1210,37.4,147.3
"SLE",2013,0,0,NA,NA,97.7,1180,36.5,141.2
"SLE",2014,0,0,NA,NA,95.6,1190,35.7,139.2
"SLE",2015,0,0,NA,NA,95.1,1180,35,140.2
"SLE",2016,0,0,NA,NA,89.7,1120,34.1,125.4
"SLE",2017,0,0,NA,NA,87.3,1120,33.4,120.7
"SLE",2018,0,0,NA,NA,84.8,NA,32.7,116.2
"SLV",1999,0,0,NA,NA,NA,NA,NA,NA
"SLV",2000,0,0,NA,NA,27.4,73,15,33.2
"SLV",2001,0,0,1,1,26,75,14.1,31.3
"SLV",2002,0,0,NA,NA,24.7,68,13.4,29.6
"SLV",2003,0,0,NA,NA,23.5,66,12.8,28.1
"SLV",2004,0,0,NA,NA,22.4,64,12.1,26.6
"SLV",2005,0,0,1,0,21.2,62,11.6,25.1
"SLV",2006,0,0,1,0,20.2,60,11.1,23.8
"SLV",2007,0,0,NA,NA,19.2,58,10.6,22.6
"SLV",2008,0,0,NA,NA,18.3,57,10.1,21.4
"SLV",2009,0,0,0,1,17.4,57,9.7,20.4
"SLV",2010,0,0,NA,NA,16.6,54,9.3,19.4
"SLV",2011,0,0,NA,NA,15.8,53,8.9,18.5
"SLV",2012,0,0,NA,NA,15.1,52,8.5,17.6
"SLV",2013,0,0,NA,NA,14.4,50,8.2,16.8
"SLV",2014,0,0,0,1,13.8,49,7.8,16.1
"SLV",2015,0,0,NA,NA,13.3,48,7.5,15.5
"SLV",2016,0,0,NA,NA,12.8,47,7.2,14.9
"SLV",2017,0,0,NA,NA,12.3,46,7,14.3
"SLV",2018,0,0,1,1,11.9,NA,6.7,13.8
"SOM",1999,542,1,NA,NA,NA,NA,NA,NA
"SOM",2000,185,1,NA,NA,104.4,1210,44.7,172.7
"SOM",2001,483,1,NA,NA,104.4,1170,44.9,172.7
"SOM",2002,638,1,NA,NA,104.4,1140,45.3,172.7
"SOM",2003,405,1,NA,NA,104.4,1100,45.6,172.7
"SOM",2004,670,1,1,1,104.4,1080,45.7,172.7
"SOM",2005,340,1,0,1,104.4,1040,45.9,172.6
"SOM",2006,1204,1,NA,NA,104,1040,45.9,172
"SOM",2007,1620,1,NA,NA,103,1030,45.5,170.1
"SOM",2008,1751,1,0,1,101.1,1010,45,166.5
"SOM",2009,2204,1,NA,NA,98.7,994,44.3,161.9
"SOM",2010,2722,1,0,1,96.2,985,43.6,157.4
"SOM",2011,2118,1,0,1,93.8,955,42.9,152.8
"SOM",2012,2989,1,NA,NA,91,943,42.4,147.8
"SOM",2013,1045,1,NA,NA,88.4,893,41.6,143
"SOM",2014,1247,1,0,1,85.9,878,40.8,138.4
"SOM",2015,1250,1,0,1,83.6,855,40,134.3
"SOM",2016,2065,1,NA,NA,81.4,865,39.3,130.3
"SOM",2017,2071,1,NA,NA,79.1,829,38.7,126.1
"SOM",2018,2500,1,NA,NA,76.8,NA,38.1,122
"SRB",1999,2173,1,NA,NA,NA,NA,NA,NA
"SRB",2000,0,0,NA,NA,10.9,13,7.8,12.6
"SRB",2001,0,0,NA,NA,10.6,13,7.5,12.2
"SRB",2002,0,0,NA,NA,9.9,13,7.1,11.5
"SRB",2003,0,0,NA,NA,9.1,13,6.5,10.5
"SRB",2004,0,0,NA,NA,8.4,13,6,9.7
"SRB",2005,0,0,NA,NA,7.7,12,5.6,8.9
"SRB",2006,0,0,NA,NA,7.3,12,5.2,8.4
"SRB",2007,0,0,NA,NA,7,12,5.1,8.1
"SRB",2008,0,0,NA,NA,6.9,12,5,8
"SRB",2009,0,0,NA,NA,6.7,12,4.9,7.8
"SRB",2010,0,0,1,0,6.6,12,4.8,7.6
"SRB",2011,0,0,NA,NA,6.4,12,4.7,7.4
"SRB",2012,0,0,NA,NA,6.2,12,4.5,7.1
"SRB",2013,0,0,NA,NA,5.9,12,4.4,6.9
"SRB",2014,0,0,NA,NA,5.7,12,4.2,6.6
"SRB",2015,0,0,NA,NA,5.4,13,4,6.3
"SRB",2016,0,0,NA,NA,5.2,12,3.8,6
"SRB",2017,0,0,NA,NA,5.1,12,3.7,5.9
"SRB",2018,0,0,NA,NA,5,NA,3.6,5.8
"SSD",1999,0,0,NA,NA,NA,NA,NA,NA
"SSD",2000,0,0,NA,NA,108.9,1730,56,181.2
"SSD",2001,0,0,NA,NA,104.1,1690,54.9,172.1
"SSD",2002,0,0,NA,NA,99.5,1660,53.5,163.4
"SSD",2003,0,0,NA,NA,95,1610,52.3,155.1
"SSD",2004,0,0,NA,NA,90.7,1550,51,147.3
"SSD",2005,0,0,NA,NA,86.6,1480,49.8,139.7
"SSD",2006,0,0,NA,NA,82.8,1410,48.5,132.7
"SSD",2007,0,0,NA,NA,79.1,1330,47.1,126.1
"SSD",2008,0,0,NA,NA,75.7,1250,45.7,119.9
"SSD",2009,0,0,0,1,72.4,1170,44.3,114
"SSD",2010,0,0,NA,NA,69.2,1100,43,108.4
"SSD",2011,1194,1,NA,NA,66.4,1070,41.7,103.5
"SSD",2012,864,1,NA,NA,64.5,1050,40.9,100
"SSD",2013,1827,1,NA,NA,63.6,1090,40.4,98.3
"SSD",2014,2491,1,NA,NA,63.3,1140,40.3,97.9
"SSD",2015,1137,1,NA,NA,63.3,1110,40.3,97.9
"SSD",2016,1303,1,0,1,63.3,1130,40.4,97.9
"SSD",2017,1271,1,NA,NA,63.3,1150,40.5,97.9
"SSD",2018,1217,1,NA,NA,63.3,NA,40.4,97.9
"STP",1999,0,0,NA,NA,NA,NA,NA,NA
"STP",2000,0,0,NA,NA,54.3,179,22.2,82
"STP",2001,0,0,NA,NA,51.2,173,21.8,76.5
"STP",2002,0,0,NA,NA,48,169,21.3,71
"STP",2003,0,0,NA,NA,45,167,20.6,65.6
"STP",2004,0,0,NA,NA,42.1,166,19.8,60.4
"STP",2005,0,0,NA,NA,39.3,163,19.1,55.5
"STP",2006,0,0,NA,NA,36.6,158,18.5,50.9
"STP",2007,0,0,NA,NA,34.2,154,17.9,46.7
"STP",2008,0,0,NA,NA,31.9,150,17.4,42.9
"STP",2009,0,0,NA,NA,29.7,145,16.8,39.3
"STP",2010,0,0,NA,NA,27.6,140,16.1,36.1
"STP",2011,0,0,NA,NA,25.7,137,15.1,33
"STP",2012,0,0,NA,NA,23.7,134,14,30.2
"STP",2013,0,0,NA,NA,22,132,13,27.7
"STP",2014,0,0,NA,NA,20.1,131,12,25.3
"STP",2015,0,0,NA,NA,18.5,130,11.1,23.1
"STP",2016,0,0,NA,NA,16.9,130,10.2,21.2
"STP",2017,0,0,NA,NA,15.5,130,9.4,19.5
"STP",2018,0,0,NA,NA,14.4,NA,8.8,18.1
"SUR",1999,0,0,NA,NA,NA,NA,NA,NA
"SUR",2000,0,0,NA,NA,27.5,221,17.1,31.2
"SUR",2001,0,0,NA,NA,26.6,218,17,30.1
"SUR",2002,0,0,NA,NA,25.7,207,17,29.1
"SUR",2003,0,0,NA,NA,24.9,189,17,28.2
"SUR",2004,0,0,NA,NA,24.2,176,17,27.3
"SUR",2005,0,0,NA,NA,23.5,164,16.8,26.5
"SUR",2006,0,0,NA,NA,22.9,165,16.5,25.7
"SUR",2007,0,0,NA,NA,22.2,167,16.1,25
"SUR",2008,0,0,NA,NA,21.7,169,15.7,24.4
"SUR",2009,0,0,NA,NA,21.1,159,15.2,23.7
"SUR",2010,0,0,NA,NA,20.6,148,14.8,23.1
"SUR",2011,0,0,NA,NA,20.1,139,14.3,22.5
"SUR",2012,0,0,NA,NA,19.6,134,13.9,22
"SUR",2013,0,0,NA,NA,19.1,129,13.4,21.4
"SUR",2014,0,0,NA,NA,18.6,124,13.1,20.9
"SUR",2015,0,0,NA,NA,18.2,122,12.7,20.3
"SUR",2016,0,0,NA,NA,17.7,121,12.4,19.8
"SUR",2017,0,0,NA,NA,17.2,120,12,19.3
"SUR",2018,0,0,NA,NA,16.7,NA,11.6,18.7
"SVK",1999,0,0,NA,NA,NA,NA,NA,NA
"SVK",2000,0,0,NA,NA,8.2,8,5,9.8
"SVK",2001,0,0,NA,NA,7.9,8,4.8,9.4
"SVK",2002,0,0,NA,NA,7.6,7,4.6,9.1
"SVK",2003,0,0,NA,NA,7.3,7,4.3,8.8
"SVK",2004,0,0,NA,NA,7.1,7,4,8.5
"SVK",2005,0,0,NA,NA,6.8,7,3.8,8.2
"SVK",2006,0,0,NA,NA,6.6,6,3.6,7.9
"SVK",2007,0,0,NA,NA,6.4,7,3.5,7.7
"SVK",2008,0,0,NA,NA,6.1,6,3.4,7.4
"SVK",2009,0,0,NA,NA,5.9,6,3.4,7.2
"SVK",2010,0,0,NA,NA,5.8,6,3.3,7
"SVK",2011,0,0,NA,NA,5.6,6,3.3,6.8
"SVK",2012,0,0,NA,NA,5.5,6,3.3,6.6
"SVK",2013,0,0,NA,NA,5.3,6,3.2,6.5
"SVK",2014,0,0,NA,NA,5.2,5,3.1,6.4
"SVK",2015,0,0,NA,NA,5.1,6,3.1,6.2
"SVK",2016,0,0,NA,NA,5,6,3,6.1
"SVK",2017,0,0,NA,NA,4.9,5,3,6
"SVK",2018,0,0,NA,NA,4.9,NA,3,5.9
"SVN",1999,0,0,NA,NA,NA,NA,NA,NA
"SVN",2000,0,0,NA,NA,4.6,12,3.2,5.5
"SVN",2001,0,0,NA,NA,4.3,10,3.1,5.2
"SVN",2002,0,0,NA,NA,4.1,11,2.9,4.9
"SVN",2003,0,0,NA,NA,3.9,10,2.8,4.7
"SVN",2004,0,0,1,0,3.7,11,2.6,4.4
"SVN",2005,0,0,NA,NA,3.5,10,2.4,4.2
"SVN",2006,0,0,NA,NA,3.3,8,2.3,4
"SVN",2007,0,0,NA,NA,3.1,8,2.1,3.8
"SVN",2008,0,0,NA,NA,2.9,8,2,3.6
"SVN",2009,0,0,NA,NA,2.8,8,1.9,3.4
"SVN",2010,0,0,NA,NA,2.6,8,1.8,3.2
"SVN",2011,0,0,NA,NA,2.5,8,1.7,3.1
"SVN",2012,0,0,NA,NA,2.4,7,1.6,2.9
"SVN",2013,0,0,NA,NA,2.3,7,1.5,2.8
"SVN",2014,0,0,NA,NA,2.2,7,1.5,2.7
"SVN",2015,0,0,NA,NA,2.1,7,1.4,2.6
"SVN",2016,0,0,NA,NA,2,7,1.4,2.5
"SVN",2017,0,0,NA,NA,2,7,1.3,2.4
"SVN",2018,0,0,NA,NA,1.9,NA,1.3,2.3
"SWE",1999,0,0,NA,NA,NA,NA,NA,NA
"SWE",2000,0,0,NA,NA,3.4,5,2.3,4.1
"SWE",2001,0,0,NA,NA,3.4,5,2.3,4.1
"SWE",2002,0,0,NA,NA,3.3,5,2.2,4
"SWE",2003,0,0,NA,NA,3.2,5,2.1,3.9
"SWE",2004,0,0,NA,NA,3.1,5,2,3.7
"SWE",2005,0,0,NA,NA,3,5,1.9,3.6
"SWE",2006,0,0,NA,NA,2.8,5,1.8,3.4
"SWE",2007,0,0,NA,NA,2.7,5,1.8,3.3
"SWE",2008,0,0,NA,NA,2.6,5,1.7,3.2
"SWE",2009,0,0,NA,NA,2.6,5,1.7,3.1
"SWE",2010,0,0,NA,NA,2.5,4,1.6,3.1
"SWE",2011,0,0,NA,NA,2.5,5,1.6,3
"SWE",2012,0,0,NA,NA,2.4,5,1.6,3
"SWE",2013,0,0,NA,NA,2.4,5,1.6,2.9
"SWE",2014,0,0,NA,NA,2.4,5,1.6,2.9
"SWE",2015,0,0,NA,NA,2.3,4,1.6,2.9
"SWE",2016,0,0,NA,NA,2.3,4,1.5,2.8
"SWE",2017,5,0,NA,NA,2.3,4,1.5,2.8
"SWE",2018,0,0,NA,NA,2.2,NA,1.5,2.7
"SWZ",1999,0,0,NA,NA,NA,NA,NA,NA
"SWZ",2000,0,0,NA,NA,67.8,521,25.3,112.2
"SWZ",2001,0,0,0,1,69,528,25.2,115.8
"SWZ",2002,0,0,NA,NA,69.6,534,24.9,117.7
"SWZ",2003,0,0,NA,NA,69.8,538,24.5,119.2
"SWZ",2004,0,0,NA,NA,69.1,539,23.9,119.7
"SWZ",2005,0,0,NA,NA,68.3,532,23.3,119.4
"SWZ",2006,0,0,NA,NA,58.8,518,22.8,109
"SWZ",2007,0,0,0,1,59.3,496,22.4,103.8
"SWZ",2008,0,0,NA,NA,61.1,474,22.3,101.9
"SWZ",2009,0,0,NA,NA,57.9,460,22.3,96
"SWZ",2010,0,0,NA,NA,54.7,450,22.4,85.5
"SWZ",2011,0,0,NA,NA,51.5,441,22.5,73.4
"SWZ",2012,0,0,NA,NA,50.6,435,22.6,66
"SWZ",2013,0,0,NA,NA,49.5,432,22.5,62.5
"SWZ",2014,0,0,NA,NA,50.1,434,22.4,62.4
"SWZ",2015,0,0,NA,NA,45.2,435,22.1,57.2
"SWZ",2016,0,0,0,1,42.6,436,21.8,55.6
"SWZ",2017,0,0,NA,NA,43.5,437,21.5,57.9
"SWZ",2018,0,0,NA,NA,39.4,NA,21.1,52.2
"SYC",1999,0,0,NA,NA,NA,NA,NA,NA
"SYC",2000,0,0,NA,NA,11.8,53,8.7,13.8
"SYC",2001,0,0,NA,NA,11.8,54,8.7,13.7
"SYC",2002,0,0,NA,NA,11.8,54,8.6,13.7
"SYC",2003,0,0,NA,NA,11.8,54,8.6,13.7
"SYC",2004,0,0,1,0,11.8,55,8.6,13.7
"SYC",2005,0,0,NA,NA,11.8,55,8.6,13.7
"SYC",2006,0,0,NA,NA,11.9,55,8.6,13.8
"SYC",2007,0,0,NA,NA,11.9,55,8.6,13.8
"SYC",2008,0,0,NA,NA,12,55,8.6,13.9
"SYC",2009,0,0,NA,NA,12,55,8.6,14
"SYC",2010,0,0,NA,NA,12.1,55,8.7,14.1
"SYC",2011,0,0,NA,NA,12.2,55,8.7,14.2
"SYC",2012,0,0,NA,NA,12.4,55,8.8,14.4
"SYC",2013,0,0,NA,NA,12.5,55,8.9,14.5
"SYC",2014,0,0,NA,NA,12.6,55,8.9,14.7
"SYC",2015,0,0,NA,NA,12.7,54,9,14.8
"SYC",2016,0,0,NA,NA,12.8,54,9,14.8
"SYC",2017,0,0,NA,NA,12.7,53,8.9,14.7
"SYC",2018,0,0,NA,NA,12.5,NA,8.8,14.5
"SYR",1999,0,0,NA,NA,NA,NA,NA,NA
"SYR",2000,0,0,NA,NA,19.6,26,12.1,23
"SYR",2001,0,0,NA,NA,18.9,26,11.8,22.1
"SYR",2002,0,0,NA,NA,18.2,26,11.5,21.4
"SYR",2003,0,0,NA,NA,17.7,25,11.2,20.7
"SYR",2004,8,0,NA,NA,17.2,26,11,20.1
"SYR",2005,0,0,NA,NA,16.8,25,10.7,19.7
"SYR",2006,0,0,NA,NA,16.5,26,10.5,19.3
"SYR",2007,0,0,NA,NA,16.3,26,10.4,19.1
"SYR",2008,1,0,0,1,16.2,26,10.2,18.9
"SYR",2009,0,0,NA,NA,16.1,26,10.1,18.8
"SYR",2010,0,0,NA,NA,16.2,27,10.1,18.9
"SYR",2011,4347,1,NA,NA,16.7,28,10.1,20.1
"SYR",2012,53695,1,NA,NA,23.4,28,10.4,37
"SYR",2013,76490,1,NA,NA,26.8,29,10.6,45.3
"SYR",2014,78644,1,NA,NA,27.7,30,10.8,47
"SYR",2015,59582,1,NA,NA,25.6,30,10.8,41.6
"SYR",2016,53863,1,NA,NA,25,30,10.9,39.5
"SYR",2017,38534,1,NA,NA,18.8,31,10.8,23.5
"SYR",2018,21727,1,NA,NA,18.9,NA,10.8,23.4
"TCD",1999,394,1,NA,NA,NA,NA,NA,NA
"TCD",2000,1070,1,NA,NA,99.7,1420,44.1,184
"TCD",2001,230,1,0,1,98.2,1410,43.2,180.5
"TCD",2002,297,1,NA,NA,96.8,1400,42.2,177.1
"TCD",2003,37,1,NA,NA,95.3,1370,41.4,173.8
"TCD",2004,78,1,NA,NA,93.9,1350,40.6,170.4
"TCD",2005,267,1,NA,NA,92.4,1330,39.9,166.9
"TCD",2006,1956,1,NA,NA,90.8,1340,39.4,163.3
"TCD",2007,431,1,NA,NA,89.2,1300,38.9,159.6
"TCD",2008,994,1,NA,NA,87.5,1310,38.6,155.7
"TCD",2009,135,1,0,1,85.8,1270,38.2,151.7
"TCD",2010,4,0,NA,NA,84.1,1240,37.8,147.7
"TCD",2011,0,0,NA,NA,82.3,1210,37.5,143.7
"TCD",2012,0,0,0,1,80.6,1190,37.1,139.8
"TCD",2013,0,0,NA,NA,78.9,1170,36.6,135.9
"TCD",2014,16,0,NA,NA,77.3,1170,36.1,132.3
"TCD",2015,397,1,NA,NA,75.7,1160,35.5,128.7
"TCD",2016,26,1,NA,NA,74.1,1140,35,124.9
"TCD",2017,91,1,0,1,72.4,1140,34.5,121.1
"TCD",2018,168,1,NA,NA,70.7,NA,33.8,117.3
"TGO",1999,0,0,NA,NA,NA,NA,NA,NA
"TGO",2000,0,0,NA,NA,75.7,489,36.7,119.9
"TGO",2001,0,0,NA,NA,73.7,489,35.8,116.4
"TGO",2002,0,0,NA,NA,71.8,489,35,112.9
"TGO",2003,0,0,NA,NA,69.9,489,34.3,109.5
"TGO",2004,0,0,NA,NA,68,488,33.6,106.3
"TGO",2005,436,1,NA,NA,66.3,492,32.9,103.1
"TGO",2006,0,0,NA,NA,64.6,482,32.2,100.1
"TGO",2007,0,0,NA,NA,62.9,480,31.5,97.3
"TGO",2008,0,0,NA,NA,61.4,473,30.8,94.4
"TGO",2009,0,0,NA,NA,59.8,458,30.1,91.7
"TGO",2010,0,0,NA,NA,58.3,440,29.5,89
"TGO",2011,0,0,NA,NA,56.7,422,28.9,86.2
"TGO",2012,0,0,NA,NA,55.2,410,28.4,83.5
"TGO",2013,0,0,NA,NA,53.7,404,27.8,80.9
"TGO",2014,0,0,NA,NA,52.2,401,27.4,78.3
"TGO",2015,0,0,NA,NA,50.8,398,26.9,75.9
"TGO",2016,0,0,NA,NA,49.4,395,26.4,73.4
"TGO",2017,0,0,NA,NA,48.1,396,25.9,71.1
"TGO",2018,0,0,NA,NA,46.8,NA,25.4,68.8
"THA",1999,1,0,NA,NA,NA,NA,NA,NA
"THA",2000,8,0,NA,NA,18.7,43,12.4,22
"THA",2001,25,1,NA,NA,17.8,43,11.8,20.9
"THA",2002,23,0,0,1,17,44,11.2,19.9
"THA",2003,26,1,NA,NA,16.2,44,10.7,18.9
"THA",2004,310,1,1,0,15.5,46,10.2,18
"THA",2005,494,1,0,1,14.8,43,9.7,17.2
"THA",2006,541,1,NA,NA,14.1,42,9.2,16.4
"THA",2007,518,1,NA,NA,13.4,42,8.8,15.6
"THA",2008,328,1,0,1,12.8,43,8.4,14.9
"THA",2009,258,1,NA,NA,12.2,43,8,14.2
"THA",2010,218,1,0,1,11.7,42,7.7,13.6
"THA",2011,277,1,1,1,11.2,41,7.3,13
"THA",2012,244,1,0,1,10.6,39,7,12.4
"THA",2013,249,1,NA,NA,10.2,39,6.7,11.8
"THA",2014,100,1,1,1,9.7,38,6.4,11.3
"THA",2015,84,1,0,1,9.3,38,6.1,10.8
"THA",2016,69,1,NA,NA,8.9,37,5.9,10.3
"THA",2017,50,1,NA,NA,8.5,37,5.6,9.9
"THA",2018,61,1,NA,NA,8.1,NA,5.4,9.4
"TJK",1999,4,0,NA,NA,NA,NA,NA,NA
"TJK",2000,46,1,1,1,67.6,53,28.4,83.6
"TJK",2001,0,0,NA,NA,62.9,52,27.2,77.2
"TJK",2002,0,0,1,0,58.4,43,26,71
"TJK",2003,0,0,NA,NA,54.2,35,24.8,65.2
"TJK",2004,0,0,1,0,50.4,33,23.8,60.1
"TJK",2005,1,0,NA,NA,47,32,23.1,55.6
"TJK",2006,8,0,1,0,44.1,29,22.5,51.9
"TJK",2007,0,0,1,0,41.7,27,22,48.8
"TJK",2008,0,0,0,1,39.7,26,21.5,46.3
"TJK",2009,17,0,NA,NA,38.1,26,20.8,44.3
"TJK",2010,98,1,1,0,36.9,23,20.1,42.7
"TJK",2011,28,1,1,0,35.8,22,19.2,41.4
"TJK",2012,0,0,1,0,35,21,18.3,40.3
"TJK",2013,3,0,NA,NA,34.2,20,17.5,39.4
"TJK",2014,3,0,NA,NA,33.4,19,16.8,38.4
"TJK",2015,0,0,1,0,32.6,18,16.3,37.5
"TJK",2016,0,0,1,0,31.8,17,15.9,36.5
"TJK",2017,0,0,NA,NA,30.9,17,15.4,35.3
"TJK",2018,4,0,NA,NA,30.1,NA,15,34.3
"TKM",1999,0,0,NA,NA,NA,NA,NA,NA
"TKM",2000,0,0,1,0,57.5,29,29.6,69.7
"TKM",2001,0,0,NA,NA,54.7,27,29,66
"TKM",2002,0,0,NA,NA,51.9,25,28.3,62.2
"TKM",2003,0,0,NA,NA,49.2,21,27.5,58.6
"TKM",2004,0,0,NA,NA,46.7,20,26.7,55.2
"TKM",2005,0,0,NA,NA,44.4,18,25.8,52.3
"TKM",2006,0,0,NA,NA,42.3,18,25,49.6
"TKM",2007,0,0,NA,NA,40.6,15,24.2,47.4
"TKM",2008,0,0,NA,NA,39.1,13,23.7,45.5
"TKM",2009,0,0,NA,NA,38,12,23.3,44.1
"TKM",2010,0,0,NA,NA,37.2,10,23,43.1
"TKM",2011,0,0,NA,NA,36.7,10,22.9,42.5
"TKM",2012,0,0,NA,NA,36.3,9,22.8,42
"TKM",2013,0,0,NA,NA,36.3,9,22.8,41.9
"TKM",2014,0,0,NA,NA,36.3,8,23,42
"TKM",2015,0,0,NA,NA,36.4,8,23.3,42.2
"TKM",2016,0,0,NA,NA,36.7,8,23.5,42.5
"TKM",2017,0,0,NA,NA,37,7,23.8,42.9
"TKM",2018,0,0,NA,NA,37,NA,23.9,42.8
"TLS",1999,0,0,NA,NA,NA,NA,NA,NA
"TLS",2000,0,0,NA,NA,84.5,745,37.8,107.7
"TLS",2001,0,0,NA,NA,80.6,720,36,102.1
"TLS",2002,0,0,NA,NA,76.8,668,34.2,96.5
"TLS",2003,0,0,NA,NA,73,603,32.6,91.2
"TLS",2004,0,0,NA,NA,69.3,507,31,86
"TLS",2005,0,0,NA,NA,65.7,415,29.5,80.9
"TLS",2006,0,0,NA,NA,62.1,348,28.3,76.1
"TLS",2007,0,0,0,1,58.8,300,27.2,71.6
"TLS",2008,0,0,NA,NA,56,269,26.2,67.7
"TLS",2009,0,0,NA,NA,53.6,242,25.4,64.4
"TLS",2010,0,0,NA,NA,51.4,219,24.7,61.5
"TLS",2011,0,0,NA,NA,49.4,198,24.1,58.8
"TLS",2012,0,0,NA,NA,47.5,185,23.5,56.3
"TLS",2013,0,0,NA,NA,45.9,176,22.9,54.2
"TLS",2014,0,0,NA,NA,44.3,168,22.4,52.1
"TLS",2015,0,0,1,0,42.8,160,21.9,50.2
"TLS",2016,0,0,0,1,41.4,152,21.4,48.4
"TLS",2017,0,0,NA,NA,40.1,142,20.9,46.8
"TLS",2018,0,0,NA,NA,38.8,NA,20.4,45.1
"TON",1999,0,0,NA,NA,NA,NA,NA,NA
"TON",2000,0,0,NA,NA,14.5,77,7.1,16.9
"TON",2001,0,0,NA,NA,14.2,73,7,16.5
"TON",2002,0,0,NA,NA,13.8,71,6.8,16
"TON",2003,0,0,NA,NA,13.4,69,6.6,15.6
"TON",2004,0,0,NA,NA,13,67,6.4,15.1
"TON",2005,0,0,NA,NA,12.7,66,6.2,14.7
"TON",2006,0,0,NA,NA,12.3,64,6,14.3
"TON",2007,0,0,NA,NA,12,62,5.8,14
"TON",2008,0,0,NA,NA,11.8,60,5.7,13.7
"TON",2009,0,0,1,0,11.5,61,5.6,13.4
"TON",2010,0,0,NA,NA,11.3,57,5.5,13.2
"TON",2011,0,0,NA,NA,11.1,56,5.4,12.9
"TON",2012,0,0,NA,NA,11,56,5.4,12.8
"TON",2013,0,0,NA,NA,10.9,56,5.4,12.6
"TON",2014,0,0,NA,NA,10.8,55,5.4,12.5
"TON",2015,0,0,0,1,10.7,54,5.3,12.4
"TON",2016,0,0,NA,NA,10.6,53,5.3,12.3
"TON",2017,0,0,NA,NA,10.4,52,5.3,12.1
"TON",2018,0,0,NA,NA,10.3,NA,5.2,11.9
"TTO",1999,0,0,NA,NA,NA,NA,NA,NA
"TTO",2000,0,0,NA,NA,24.7,81,18,27.9
"TTO",2001,0,0,NA,NA,24.5,78,17.8,27.7
"TTO",2002,0,0,NA,NA,24.3,74,17.6,27.4
"TTO",2003,0,0,NA,NA,23.9,75,17.4,27
"TTO",2004,0,0,NA,NA,23.5,76,17,26.4
"TTO",2005,0,0,NA,NA,23,76,16.6,25.9
"TTO",2006,0,0,NA,NA,22.4,73,16.2,25.2
"TTO",2007,0,0,NA,NA,21.7,65,15.7,24.4
"TTO",2008,0,0,NA,NA,21.2,72,15.3,23.8
"TTO",2009,0,0,NA,NA,20.7,74,14.9,23.2
"TTO",2010,0,0,0,1,20.1,71,14.4,22.5
"TTO",2011,0,0,NA,NA,19.5,72,14,21.8
"TTO",2012,0,0,NA,NA,18.9,71,13.6,21.2
"TTO",2013,0,0,NA,NA,18.4,70,13.2,20.6
"TTO",2014,0,0,NA,NA,17.8,69,12.8,19.9
"TTO",2015,0,0,NA,NA,17.3,68,12.4,19.3
"TTO",2016,0,0,NA,NA,16.8,68,12,18.8
"TTO",2017,0,0,NA,NA,16.3,67,11.7,18.3
"TTO",2018,0,0,NA,NA,15.8,NA,11.3,17.7
"TUN",1999,0,0,NA,NA,NA,NA,NA,NA
"TUN",2000,0,0,NA,NA,25,66,18.3,29.9
"TUN",2001,0,0,NA,NA,23.4,63,17.2,27.9
"TUN",2002,21,0,NA,NA,22,60,16.3,26.1
"TUN",2003,0,0,NA,NA,20.8,57,15.5,24.6
"TUN",2004,0,0,NA,NA,19.7,54,14.7,23.2
"TUN",2005,0,0,NA,NA,18.8,51,14.1,22
"TUN",2006,0,0,NA,NA,17.9,49,13.6,21
"TUN",2007,0,0,NA,NA,17.2,47,13.2,20.2
"TUN",2008,0,0,NA,NA,16.6,47,12.8,19.4
"TUN",2009,0,0,NA,NA,16.2,46,12.5,18.9
"TUN",2010,0,0,NA,NA,15.8,46,12.3,18.4
"TUN",2011,8,0,NA,NA,15.5,46,12.2,18
"TUN",2012,3,0,NA,NA,15.2,46,12.1,17.7
"TUN",2013,29,1,NA,NA,15,46,12.1,17.5
"TUN",2014,51,1,NA,NA,14.9,46,12,17.3
"TUN",2015,135,1,NA,NA,14.8,46,12.1,17.2
"TUN",2016,88,1,NA,NA,14.7,45,12.1,17.1
"TUN",2017,15,0,NA,NA,14.7,43,12.1,17.1
"TUN",2018,25,1,NA,NA,14.6,NA,12.1,17
"TUR",1999,1195,1,NA,NA,NA,NA,NA,NA
"TUR",2000,153,1,1,0,30.9,42,18.2,37.9
"TUR",2001,120,1,1,0,29,41,17.1,35.3
"TUR",2002,34,1,1,0,27.1,39,15.9,32.7
"TUR",2003,150,1,1,0,25.3,38,14.9,30.4
"TUR",2004,221,1,1,0,23.6,35,14,28.2
"TUR",2005,295,1,1,0,22,33,13,26.2
"TUR",2006,226,1,NA,NA,20.5,30,12.1,24.3
"TUR",2007,502,1,NA,NA,19.2,28,11.3,22.5
"TUR",2008,491,1,NA,NA,17.9,27,10.4,20.9
"TUR",2009,138,1,NA,NA,16.6,25,9.7,19.5
"TUR",2010,231,1,1,0,15.5,24,9,18.1
"TUR",2011,410,1,1,0,14.5,23,8.3,16.9
"TUR",2012,789,1,NA,NA,13.6,22,7.7,15.8
"TUR",2013,23,0,NA,NA,12.7,20,7.2,14.7
"TUR",2014,11,0,1,0,11.9,19,6.7,13.8
"TUR",2015,1061,1,NA,NA,11.1,19,6.3,13
"TUR",2016,1558,1,NA,NA,10.5,18,6,12.1
"TUR",2017,455,1,1,0,9.8,17,5.8,11.4
"TUR",2018,435,1,NA,NA,9.2,NA,5.5,10.7
"TZA",1999,0,0,NA,NA,NA,NA,NA,NA
"TZA",2000,0,0,1,0,78.9,854,33.7,129.7
"TZA",2001,37,1,1,0,74.4,819,32.5,121.9
"TZA",2002,0,0,1,0,69.9,788,31.3,114
"TZA",2003,0,0,0,1,65.6,763,30.2,106.5
"TZA",2004,0,0,1,1,61.9,741,29.1,99.9
"TZA",2005,0,0,1,0,58.5,721,28.1,93.9
"TZA",2006,0,0,0,1,55.8,703,27.4,88.8
"TZA",2007,3,0,NA,NA,52.9,685,26.6,83.8
"TZA",2008,0,0,NA,NA,51,666,26,79.6
"TZA",2009,0,0,NA,NA,48.7,656,25.4,75.4
"TZA",2010,0,0,NA,NA,47.1,644,24.9,71.9
"TZA",2011,0,0,0,1,45.5,628,24.3,68.4
"TZA",2012,0,0,NA,NA,44,615,23.8,65.3
"TZA",2013,0,0,NA,NA,43,593,23.3,62.7
"TZA",2014,0,0,NA,NA,41.9,574,22.8,59.9
"TZA",2015,0,0,NA,NA,40.9,556,22.3,58.1
"TZA",2016,0,0,1,0,39.7,539,21.9,56
"TZA",2017,1,0,NA,NA,38.2,524,21.5,54.1
"TZA",2018,1,0,NA,NA,36.8,NA,21,52.1
"UGA",1999,1024,1,NA,NA,NA,NA,NA,NA
"UGA",2000,1238,1,NA,NA,87.1,578,32.3,146.1
"UGA",2001,212,1,NA,NA,83.4,550,31.4,139.3
"UGA",2002,1316,1,0,1,79.2,537,30.5,131.6
"UGA",2003,1628,1,NA,NA,74.7,520,29.5,123.5
"UGA",2004,2004,1,NA,NA,70,512,28.7,115.1
"UGA",2005,922,1,0,1,65.6,491,27.9,107.1
"UGA",2006,334,1,NA,NA,61.6,473,27.3,99.6
"UGA",2007,156,1,NA,NA,57.9,465,26.7,92.8
"UGA",2008,32,1,0,1,54.5,455,26.1,86.8
"UGA",2009,59,1,NA,NA,52.1,442,25.5,81.5
"UGA",2010,74,1,0,1,49.5,430,25,76.3
"UGA",2011,0,0,NA,NA,47,419,24.5,71.6
"UGA",2012,0,0,NA,NA,44.3,412,24,66.7
"UGA",2013,0,0,NA,NA,42.4,401,23.4,62.3
"UGA",2014,7,0,NA,NA,40.6,394,22.7,58.8
"UGA",2015,0,0,NA,NA,38.9,387,22.1,55.7
"UGA",2016,30,1,1,0,37.3,381,21.5,52.4
"UGA",2017,0,0,NA,NA,35.7,375,20.8,49.9
"UGA",2018,2,0,NA,NA,34.1,NA,20.3,47.4
"UKR",1999,0,0,NA,NA,NA,NA,NA,NA
"UKR",2000,0,0,NA,NA,15.7,35,11,18.3
"UKR",2001,0,0,NA,NA,15,33,10.5,17.4
"UKR",2002,0,0,NA,NA,14.3,33,9.9,16.6
"UKR",2003,0,0,NA,NA,13.6,32,9.4,15.8
"UKR",2004,0,0,NA,NA,13,33,9,15.1
"UKR",2005,0,0,NA,NA,12.5,33,8.6,14.5
"UKR",2006,0,0,NA,NA,12,31,8.3,14
"UKR",2007,0,0,NA,NA,11.5,33,8,13.4
"UKR",2008,0,0,NA,NA,11.1,33,7.6,12.9
"UKR",2009,0,0,NA,NA,10.6,27,7.3,12.3
"UKR",2010,0,0,NA,NA,10.1,25,7,11.7
"UKR",2011,0,0,NA,NA,9.6,23,6.6,11.2
"UKR",2012,0,0,0,1,9.2,24,6.3,10.7
"UKR",2013,0,0,NA,NA,8.8,23,6,10.2
"UKR",2014,4528,1,NA,NA,8.4,24,5.8,9.8
"UKR",2015,1726,1,NA,NA,8.1,21,5.6,9.5
"UKR",2016,255,1,NA,NA,7.9,20,5.4,9.2
"UKR",2017,415,1,NA,NA,7.6,19,5.3,8.9
"UKR",2018,243,1,NA,NA,7.4,NA,5.1,8.6
"URY",1999,0,0,NA,NA,NA,NA,NA,NA
"URY",2000,0,0,NA,NA,14.8,26,8.5,17
"URY",2001,0,0,NA,NA,14.4,25,8.4,16.5
"URY",2002,0,0,NA,NA,14.1,25,8.2,16.2
"URY",2003,0,0,NA,NA,13.7,23,8,15.7
"URY",2004,0,0,NA,NA,13.2,23,7.8,15.1
"URY",2005,0,0,NA,NA,12.5,22,7.3,14.4
"URY",2006,0,0,NA,NA,11.7,20,6.8,13.5
"URY",2007,0,0,NA,NA,11,20,6.1,12.6
"URY",2008,0,0,NA,NA,10.3,19,5.4,11.8
"URY",2009,0,0,NA,NA,9.7,19,5,11.2
"URY",2010,0,0,NA,NA,9.3,17,4.8,10.7
"URY",2011,0,0,NA,NA,8.9,17,4.8,10.3
"URY",2012,0,0,NA,NA,8.6,17,5,10
"URY",2013,0,0,NA,NA,8.3,18,5.1,9.7
"URY",2014,0,0,NA,NA,8,17,5.2,9.3
"URY",2015,0,0,NA,NA,7.6,18,5,8.9
"URY",2016,0,0,NA,NA,7.2,18,4.8,8.4
"URY",2017,0,0,NA,NA,6.8,17,4.4,7.8
"URY",2018,0,0,0,1,6.3,NA,4,7.3
"USA",1999,0,0,NA,NA,NA,NA,NA,NA
"USA",2000,0,0,1,1,7.1,12,4.6,8.4
"USA",2001,2986,1,1,0,7,13,4.6,8.3
"USA",2002,0,0,0,1,6.9,13,4.6,8.2
"USA",2003,0,0,1,0,6.9,13,4.6,8.1
"USA",2004,0,0,NA,NA,6.8,13,4.6,8.1
"USA",2005,0,0,NA,NA,6.7,13,4.5,8
"USA",2006,0,0,1,0,6.7,14,4.4,7.9
"USA",2007,0,0,0,1,6.6,14,4.3,7.7
"USA",2008,0,0,1,0,6.5,14,4.3,7.6
"USA",2009,0,0,NA,NA,6.4,15,4.2,7.5
"USA",2010,2,0,1,0,6.2,15,4.1,7.3
"USA",2011,0,0,0,1,6.1,15,4.1,7.2
"USA",2012,0,0,0,1,6,16,4.1,7.1
"USA",2013,0,0,NA,NA,6,16,4,7
"USA",2014,0,0,1,1,5.9,16,4,6.9
"USA",2015,14,0,0,1,5.8,18,3.9,6.8
"USA",2016,0,0,1,0,5.7,19,3.8,6.7
"USA",2017,8,0,0,1,5.7,19,3.8,6.6
"USA",2018,0,0,0,1,5.6,NA,3.7,6.5
"UZB",1999,50,1,NA,NA,NA,NA,NA,NA
"UZB",2000,297,1,0,1,50.8,41,27.8,60.7
"UZB",2001,0,0,NA,NA,48.4,41,26.9,57.4
"UZB",2002,0,0,NA,NA,45.7,41,25.8,53.9
"UZB",2003,0,0,NA,NA,43,39,24.7,50.4
"UZB",2004,37,1,NA,NA,40.1,37,23.6,46.8
"UZB",2005,0,0,NA,NA,37.4,38,22.4,43.4
"UZB",2006,0,0,NA,NA,34.8,37,21.2,40.1
"UZB",2007,0,0,NA,NA,32.2,35,20,37
"UZB",2008,0,0,NA,NA,29.8,34,18.4,34
"UZB",2009,16,0,NA,NA,27.5,32,16.9,31.3
"UZB",2010,0,0,NA,NA,25.4,31,15.5,28.7
"UZB",2011,0,0,1,0,23.4,32,14.3,26.4
"UZB",2012,0,0,NA,NA,21.7,32,13.1,24.4
"UZB",2013,0,0,NA,NA,20,31,12.1,22.5
"UZB",2014,0,0,NA,NA,18.6,30,11.2,20.8
"UZB",2015,0,0,NA,NA,17.3,30,10.4,19.3
"UZB",2016,0,0,NA,NA,16.1,29,9.8,18
"UZB",2017,0,0,NA,NA,15,29,9.2,16.8
"UZB",2018,0,0,NA,NA,14.1,NA,8.6,15.8
"VCT",1999,0,0,NA,NA,NA,NA,NA,NA
"VCT",2000,0,0,NA,NA,19.2,80,13.1,22.2
"VCT",2001,0,0,NA,NA,19.1,75,13.1,22
"VCT",2002,0,0,NA,NA,19.1,72,13.1,21.9
"VCT",2003,0,0,NA,NA,19,69,13.1,21.7
"VCT",2004,0,0,NA,NA,19,64,13,21.6
"VCT",2005,0,0,NA,NA,18.9,59,12.9,21.5
"VCT",2006,0,0,NA,NA,18.8,62,12.9,21.3
"VCT",2007,0,0,NA,NA,18.7,67,12.9,21.1
"VCT",2008,0,0,NA,NA,18.5,70,12.8,20.8
"VCT",2009,0,0,NA,NA,18.2,67,12.7,20.4
"VCT",2010,0,0,0,1,17.8,63,12.6,19.8
"VCT",2011,0,0,NA,NA,17.3,64,12.3,19.2
"VCT",2012,0,0,NA,NA,16.8,71,11.9,18.6
"VCT",2013,0,0,NA,NA,16.2,73,11.5,18
"VCT",2014,0,0,NA,NA,15.7,69,11,17.4
"VCT",2015,0,0,NA,NA,15.2,64,10.6,16.7
"VCT",2016,0,0,NA,NA,14.7,67,10.2,16.2
"VCT",2017,0,0,NA,NA,14.3,68,9.8,15.6
"VCT",2018,0,0,NA,NA,13.8,NA,9.4,15.1
"VEN",1999,26,1,NA,NA,NA,NA,NA,NA
"VEN",2000,27,1,NA,NA,18.4,119,11.1,21.6
"VEN",2001,27,1,NA,NA,17.8,123,10.6,20.9
"VEN",2002,27,1,NA,NA,17.4,135,10.1,20.3
"VEN",2003,25,1,NA,NA,16.9,127,9.9,19.8
"VEN",2004,31,1,NA,NA,16.4,119,10.2,19.1
"VEN",2005,30,1,NA,NA,15.8,113,10.6,18.5
"VEN",2006,22,0,NA,NA,15.4,114,10.5,17.9
"VEN",2007,16,0,NA,NA,15,114,10.2,17.4
"VEN",2008,27,1,NA,NA,14.7,116,10.1,17.2
"VEN",2009,25,1,0,1,14.6,119,10.2,17
"VEN",2010,22,0,NA,NA,14.7,117,10.5,17.1
"VEN",2011,10,0,NA,NA,14.7,116,10.9,17.2
"VEN",2012,33,1,NA,NA,14.9,116,11.3,17.3
"VEN",2013,6,0,NA,NA,15.1,115,11.5,17.6
"VEN",2014,44,1,NA,NA,15.4,113,11.3,18
"VEN",2015,32,1,NA,NA,16.4,115,14.5,19.1
"VEN",2016,59,1,NA,NA,21.1,121,14.6,24.2
"VEN",2017,72,1,NA,NA,21.1,125,14.7,24.2
"VEN",2018,78,1,NA,NA,21.1,NA,14.6,24.2
"VNM",1999,0,0,NA,NA,NA,NA,NA,NA
"VNM",2000,0,0,NA,NA,23.5,68,15,29.8
"VNM",2001,0,0,NA,NA,22.6,65,14.4,28.5
"VNM",2002,0,0,0,1,21.7,62,13.8,27.4
"VNM",2003,0,0,NA,NA,21,59,13.3,26.4
"VNM",2004,0,0,NA,NA,20.4,57,12.9,25.6
"VNM",2005,0,0,0,1,19.9,54,12.6,24.9
"VNM",2006,0,0,NA,NA,19.4,51,12.3,24.4
"VNM",2007,0,0,NA,NA,19.1,49,12.1,23.9
"VNM",2008,0,0,NA,NA,18.8,49,12,23.5
"VNM",2009,0,0,NA,NA,18.5,48,11.8,23.2
"VNM",2010,0,0,NA,NA,18.3,47,11.7,22.9
"VNM",2011,0,0,NA,NA,18.1,47,11.6,22.7
"VNM",2012,0,0,NA,NA,17.9,46,11.5,22.4
"VNM",2013,0,0,NA,NA,17.8,46,11.3,22.2
"VNM",2014,0,0,NA,NA,17.6,45,11.2,22
"VNM",2015,0,0,0,1,17.4,45,11.1,21.8
"VNM",2016,0,0,NA,NA,17.3,44,10.9,21.6
"VNM",2017,0,0,NA,NA,17.1,43,10.7,21.4
"VNM",2018,0,0,NA,NA,17,NA,10.5,21.3
"VUT",1999,0,0,NA,NA,NA,NA,NA,NA
"VUT",2000,0,0,NA,NA,23.9,140,12,28.5
"VUT",2001,0,0,NA,NA,23.7,135,11.9,28.3
"VUT",2002,0,0,1,0,23.6,128,11.8,28.1
"VUT",2003,0,0,NA,NA,23.5,123,11.9,28.1
"VUT",2004,0,0,NA,NA,23.6,119,12,28.1
"VUT",2005,0,0,NA,NA,23.6,113,12.1,28.2
"VUT",2006,0,0,NA,NA,23.8,108,12.2,28.4
"VUT",2007,0,0,NA,NA,23.9,103,12.3,28.6
"VUT",2008,0,0,NA,NA,24.1,99,12.3,28.8
"VUT",2009,0,0,NA,NA,24.2,96,12.4,29
"VUT",2010,0,0,NA,NA,24.3,92,12.4,29.1
"VUT",2011,0,0,NA,NA,24.5,88,12.5,29.3
"VUT",2012,0,0,NA,NA,24.5,85,12.5,29.3
"VUT",2013,0,0,NA,NA,24.3,82,12.4,29.1
"VUT",2014,0,0,NA,NA,24.1,80,12.2,28.8
"VUT",2015,0,0,NA,NA,23.6,76,12,28.2
"VUT",2016,0,0,NA,NA,23.2,74,11.7,27.6
"VUT",2017,0,0,NA,NA,22.7,72,11.5,26.9
"VUT",2018,0,0,NA,NA,22.2,NA,11.1,26.3
"WSM",1999,0,0,NA,NA,NA,NA,NA,NA
"WSM",2000,0,0,NA,NA,18.1,88,8.7,21.2
"WSM",2001,0,0,NA,NA,17.6,85,8.4,20.6
"WSM",2002,0,0,NA,NA,17.1,84,8.2,20.1
"WSM",2003,0,0,NA,NA,16.8,80,8,19.7
"WSM",2004,0,0,NA,NA,16.6,74,7.8,19.4
"WSM",2005,0,0,NA,NA,16.5,72,7.8,19.3
"WSM",2006,0,0,NA,NA,16.5,66,7.7,19.3
"WSM",2007,0,0,NA,NA,16.5,62,7.7,19.3
"WSM",2008,0,0,NA,NA,16.5,60,7.8,19.3
"WSM",2009,0,0,1,0,18.8,58,7.9,25.7
"WSM",2010,0,0,NA,NA,16.6,58,7.8,19.3
"WSM",2011,0,0,NA,NA,16.5,54,7.8,19.2
"WSM",2012,0,0,NA,NA,16.4,52,7.7,19.1
"WSM",2013,0,0,NA,NA,16.2,48,7.6,18.9
"WSM",2014,0,0,NA,NA,16.1,47,7.5,18.7
"WSM",2015,0,0,0,1,15.9,45,7.4,18.6
"WSM",2016,0,0,NA,NA,15.7,44,7.3,18.4
"WSM",2017,0,0,NA,NA,15.5,43,7.2,18.1
"WSM",2018,0,0,NA,NA,15.3,NA,7,17.8
"YEM",1999,0,0,NA,NA,NA,NA,NA,NA
"YEM",2000,0,0,NA,NA,68.8,301,37,95
"YEM",2001,0,0,NA,NA,65.8,290,36,90.3
"YEM",2002,0,0,NA,NA,62.8,278,35,85.7
"YEM",2003,6,0,NA,NA,60,266,34,81.2
"YEM",2004,28,1,NA,NA,57.3,254,32.9,76.9
"YEM",2005,0,0,NA,NA,54.8,242,32,73
"YEM",2006,0,0,NA,NA,52.3,230,31,69.1
"YEM",2007,0,0,NA,NA,50,219,30,65.6
"YEM",2008,21,0,NA,NA,48,208,29.1,62.4
"YEM",2009,94,1,NA,NA,46.4,200,28.5,60.1
"YEM",2010,201,1,NA,NA,45.5,192,28.1,58.8
"YEM",2011,1317,1,NA,NA,45.3,187,28,58.5
"YEM",2012,2345,1,NA,NA,45.4,184,28,58.8
"YEM",2013,582,1,NA,NA,45.2,175,28.1,58.4
"YEM",2014,2120,1,NA,NA,45.4,174,28.1,58.7
"YEM",2015,7239,1,NA,NA,46.1,169,28.2,60.7
"YEM",2016,3948,1,NA,NA,46,165,28.2,60.3
"YEM",2017,3493,1,NA,NA,45.9,164,28.2,60.2
"YEM",2018,4840,1,NA,NA,46.5,NA,28.2,61.6
"ZAF",1999,19,0,NA,NA,NA,NA,NA,NA
"ZAF",2000,0,0,NA,NA,47.7,160,16.9,71.5
"ZAF",2001,0,0,NA,NA,47.8,168,16.4,73.1
"ZAF",2002,2,0,NA,NA,47.9,177,15.9,74.3
"ZAF",2003,0,0,NA,NA,48.4,186,15.4,75.7
"ZAF",2004,0,0,0,1,49.4,195,14.8,77.7
"ZAF",2005,0,0,1,0,49.4,201,14.4,78.8
"ZAF",2006,0,0,NA,NA,48.7,201,13.9,79.2
"ZAF",2007,0,0,NA,NA,46.6,199,13.4,75.3
"ZAF",2008,0,0,NA,NA,43,191,13,68.9
"ZAF",2009,0,0,NA,NA,38.4,179,12.5,60.3
"ZAF",2010,1,0,NA,NA,34.4,171,12,52
"ZAF",2011,0,0,NA,NA,32.1,161,11.6,45.6
"ZAF",2012,0,0,NA,NA,31,143,11.3,41.5
"ZAF",2013,0,0,NA,NA,30.1,133,11.1,39.3
"ZAF",2014,0,0,1,0,29.4,128,11,37.6
"ZAF",2015,0,0,0,1,28.6,125,11.1,36.3
"ZAF",2016,3,0,NA,NA,28,122,11.1,35.2
"ZAF",2017,0,0,0,1,27.6,119,11.1,34.6
"ZAF",2018,1,0,NA,NA,26.9,NA,11,33.9
"ZMB",1999,0,0,NA,NA,NA,NA,NA,NA
"ZMB",2000,1,0,NA,NA,90.2,528,34.3,155.9
"ZMB",2001,7,0,NA,NA,85.3,491,33.3,146.9
"ZMB",2002,0,0,NA,NA,79.2,465,31.9,136.1
"ZMB",2003,0,0,NA,NA,73.2,453,30.5,125.4
"ZMB",2004,0,0,NA,NA,67.1,437,29.1,115.2
"ZMB",2005,0,0,0,1,61.9,421,27.9,106.2
"ZMB",2006,0,0,NA,NA,58.4,406,27.1,98.5
"ZMB",2007,0,0,NA,NA,56.7,387,26.6,93.2
"ZMB",2008,0,0,NA,NA,54.5,356,26.3,88.7
"ZMB",2009,0,0,NA,NA,52.9,329,26.1,83.6
"ZMB",2010,0,0,NA,NA,51.2,305,26,79
"ZMB",2011,0,0,NA,NA,50.1,283,25.8,76.8
"ZMB",2012,0,0,NA,NA,49.1,267,25.6,74.7
"ZMB",2013,0,0,NA,NA,46.6,254,25.5,71.1
"ZMB",2014,0,0,NA,NA,46,242,25.4,68.3
"ZMB",2015,0,0,NA,NA,46.9,232,25.3,67.7
"ZMB",2016,0,0,NA,NA,45.6,222,25.2,65.3
"ZMB",2017,0,0,NA,NA,44.3,213,25,64.6
"ZMB",2018,0,0,NA,NA,43.9,NA,24.7,65.4
"ZWE",1999,1,0,NA,NA,NA,NA,NA,NA
"ZWE",2000,0,0,NA,NA,51.9,579,24.6,95.5
"ZWE",2001,0,0,0,1,51.1,629,25.2,93.8
"ZWE",2002,0,0,NA,NA,50.7,666,26.1,92.6
"ZWE",2003,0,0,NA,NA,50.4,680,27.2,91.6
"ZWE",2004,0,0,NA,NA,51.2,686,28.2,92.4
"ZWE",2005,0,0,NA,NA,51.7,685,29.1,93.1
"ZWE",2006,0,0,NA,NA,53.4,680,30,95
"ZWE",2007,0,0,0,1,54.6,671,30.7,95.7
"ZWE",2008,253,1,NA,NA,54.5,657,31.2,94.5
"ZWE",2009,0,0,NA,NA,54,632,31.2,91.3
"ZWE",2010,0,0,0,1,52.1,598,30.8,86.4
"ZWE",2011,1,0,NA,NA,50.8,557,30.1,80.8
"ZWE",2012,1,0,NA,NA,46.5,528,29.4,72.2
"ZWE",2013,0,0,0,1,44.8,509,28.7,66.3
"ZWE",2014,0,0,NA,NA,42.9,494,28.2,62.7
"ZWE",2015,0,0,NA,NA,42.1,480,27.8,61.3
"ZWE",2016,0,0,NA,NA,40.8,468,27.4,58.7
"ZWE",2017,0,0,0,1,39.9,458,27,57
"ZWE",2018,4,0,NA,NA,38.8,NA,26.6,54.8
